Symbol,Name,Sector,Industry
A,Agilent Technologies Inc. Common Stock,Industrials,Biotechnology: Laboratory Analytical Instruments
AA,Alcoa Corporation Common Stock ,Industrials,Aluminum
AACB,Artius II Acquisition Inc. Class A Ordinary Shares,,
AACBR,Artius II Acquisition Inc. Rights,,
AACI,Armada Acquisition Corp. III Class A Ordinary Share,,
AACIU,Armada Acquisition Corp. III Units,Finance,Blank Checks
AACIW,Armada Acquisition Corp. III Warrant,,
AACO,Abony Acquisition Corp. I Class A Ordinary Share,,
AACOU,Abony Acquisition Corp. I Units,,
AACOW,Abony Acquisition Corp. I Warrants,,
AACPU,Apogee Acquisition Corp Units,Finance,Blank Checks
AAL,American Airlines Group Inc. Common Stock,Consumer Discretionary,Air Freight/Delivery Services
AAME,Atlantic American Corporation Common Stock,Finance,Life Insurance
AAOI,Applied Optoelectronics Inc. Common Stock,Technology,Semiconductors
AAON,AAON Inc. Common Stock,Industrials,Industrial Machinery/Components
AAP,Advance Auto Parts Inc.,Consumer Discretionary,Auto & Home Supply Stores
AAPL,Apple Inc. Common Stock,Technology,Computer Manufacturing
AARD,Aardvark Therapeutics Inc. Common Stock,Health Care,Biotechnology: Pharmaceutical Preparations
AAT,American Assets Trust Inc. Common Stock,Real Estate,Real Estate Investment Trusts
AB,AllianceBernstein Holding L.P.  Units,Finance,Investment Managers
ABAT,American Battery Technology Company Common Stock,Basic Materials,Metal Mining
ABBV,AbbVie Inc. Common Stock,Health Care,Biotechnology: Pharmaceutical Preparations
ABCB,Ameris Bancorp Common Stock,Finance,Major Banks
ABEO,Abeona Therapeutics Inc. Common Stock,Health Care,Biotechnology: Pharmaceutical Preparations
ABG,Asbury Automotive Group Inc Common Stock,Consumer Discretionary,Retail-Auto Dealers and Gas Stations
ABM,ABM Industries Incorporated Common Stock,Consumer Discretionary,Diversified Commercial Services
ABNB,Airbnb Inc. Class A Common Stock,Consumer Discretionary,Diversified Commercial Services
ABOS,Acumen Pharmaceuticals Inc. Common Stock,Health Care,Biotechnology: Biological Products (No Diagnostic Substances)
ABR,Arbor Realty Trust Common Stock,Real Estate,Real Estate Investment Trusts
ABR^D,Arbor Realty Trust 6.375% Series D Cumulative Redeemable Preferred Stock Liquidation Preference $25.00 per Share,,
ABR^E,Arbor Realty Trust 6.25% Series E Cumulative Redeemable Preferred Stock,,
ABR^F,Arbor Realty Trust 6.25% Series F Fixed-to-Floating Rate Cumulative Redeemable Preferred Stock Liquidation Preference $25.00 per share,,
ABSI,Absci Corporation Common Stock,Health Care,Biotechnology: Commercial Physical & Biological Resarch
ABT,Abbott Laboratories Common Stock,Health Care,Biotechnology: Pharmaceutical Preparations
ABTC,American Bitcoin Corp. Class A Common Stock,Technology,EDP Services
ABVC,ABVC BioPharma Inc. Common Stock,Health Care,Biotechnology: Pharmaceutical Preparations
ABX,Abacus Global Management Inc. Class A Common Stock,Finance,Investment Managers
ABXL,Abacus Global Management Inc. 9.875% Fixed Rate Senior Notes due 2028,,
ACA,Arcosa Inc. Common Stock ,Industrials,Metal Fabrications
ACAA,Averin Capital Acquisition Corp. Class A Ordinary Shares,Finance,Blank Checks
ACAAU,Averin Capital Acquisition Corp. Units,Finance,Blank Checks
ACAAW,Averin Capital Acquisition Corp. Warrants,Finance,Blank Checks
ACAD,ACADIA Pharmaceuticals Inc. Common Stock,Health Care,Biotechnology: Pharmaceutical Preparations
ACCO,Acco Brands Corporation Common Stock,Consumer Discretionary,Publishing
ACCS,ACCESS Newswire Inc. Common Stock,Consumer Discretionary,Publishing
ACDC,ProFrac Holding Corp. Class A Common Stock,Energy,Oilfield Services/Equipment
ACEL,Accel Entertainment Inc. ,Consumer Discretionary,Services-Misc. Amusement & Recreation
ACET,Adicet Bio Inc. Common Stock,Health Care,Biotechnology: Pharmaceutical Preparations
ACFN,Acorn Energy Inc. Common Stock,Consumer Discretionary,Military/Government/Technical
ACGCU,ACP Holdings Acquisition Corp. Units,Finance,Blank Checks
ACH,Accendra Health Inc. Common Stock,Health Care,Medical Specialities
ACHC,Acadia Healthcare Company Inc. Common Stock,Health Care,Medical Specialities
ACHR,Archer Aviation Inc. Class A Common Stock,Industrials,Aerospace
ACHV,Achieve Life Sciences Inc. Common Shares,Health Care,Biotechnology: In Vitro & In Vivo Diagnostic Substances
ACI,Albertsons Companies Inc. Class A Common Stock,Consumer Staples,Food Chains
ACIC,American Coastal Insurance Corporation Common Stock,Finance,Property-Casualty Insurers
ACIW,ACI Worldwide Inc. Common Stock,Technology,Computer Software: Prepackaged Software
ACLS,Axcelis Technologies Inc. Common Stock,Technology,Industrial Machinery/Components
ACM,AECOM Common Stock,Consumer Discretionary,Military/Government/Technical
ACMR,ACM Research Inc. Class A Common Stock,Technology,Industrial Machinery/Components
ACNB,ACNB Corporation Common Stock,Finance,Major Banks
ACNT,Ascent Industries Co. Common Stock,Industrials,Steel/Iron Ore
ACON,Aclarion Inc. Common Stock,Health Care,Medical Specialities
ACONW,Aclarion Inc. Warrant,Health Care,Medical Specialities
ACP,abrdn Income Credit Strategies Fund Common Shares,Finance,Investment Managers
ACP^A,abrdn Income Credit Strategies Fund 5.250% Series A Perpetual Preferred Stock,,
ACR,ACRES Commercial Realty Corp. Common Stock,Real Estate,Real Estate Investment Trusts
ACR^C,ACRES Commercial Realty Corp. 8.625% Fixed-to-Floating Series C Cumulative Redeemable Preferred Stock ,,
ACR^D,ACRES Commercial Realty Corp. 7.875% Series D Cumulative Redeemable Preferred Stock,,
ACRE,Ares Commercial Real Estate Corporation Common Stock,Real Estate,Real Estate Investment Trusts
ACRS,Aclaris Therapeutics Inc. Common Stock,Health Care,Biotechnology: Pharmaceutical Preparations
ACRV,Acrivon Therapeutics Inc. Common Stock,Health Care,Biotechnology: Pharmaceutical Preparations
ACT,Enact Holdings Inc. Common Stock,Finance,Specialty Insurers
ACTG,Acacia Research Corporation (Acacia Tech) Common Stock,Miscellaneous,Multi-Sector Companies
ACTU,Actuate Therapeutics Inc. Common stock,Health Care,Biotechnology: Pharmaceutical Preparations
ACU,Acme United Corporation. Common Stock,Consumer Discretionary,Industrial Machinery/Components
ACV,Virtus Diversified Income & Convertible Fund Common Shares of Beneficial Interest,Finance,Finance/Investors Services
ACVA,ACV Auctions Inc. Class A Common Stock,Real Estate,Real Estate
ACXP,Acurx Pharmaceuticals Inc. Common Stock,Health Care,Biotechnology: Pharmaceutical Preparations
AD,Array Digital Infrastructure Inc. Common Shares,Telecommunications,Telecommunications Equipment
ADAC,American Drive Acquisition Company Class A Ordinary Shares,,
ADACU,American Drive Acquisition Company Units,Finance,Blank Checks
ADACW,American Drive Acquisition Company Warrant,,
ADAM,Adamas Trust Inc. Common Stock,Real Estate,Real Estate Investment Trusts
ADAMG,Adamas Trust Inc. 9.125% Senior Notes Due 2030,Real Estate,Real Estate Investment Trusts
ADAMH,Adamas Trust Inc. 9.875% Senior Notes Due 2030,Real Estate,Real Estate Investment Trusts
ADAMI,Adamas Trust Inc. 9.125% Senior Notes Due 2029,Real Estate,Real Estate Investment Trusts
ADAML,Adamas Trust Inc. 6.875% Series F Fixed-to-Floating Rate Cumulative Redeemable Preferred Stock $0.01 par value per share,Real Estate,Real Estate Investment Trusts
ADAMM,Adamas Trust Inc. 7.875% Series E Fixed-to-Floating Rate Cumulative Redeemable Preferred Stock,Real Estate,Real Estate Investment Trusts
ADAMN,Adamas Trust Inc. 8.00% Series D Fixed-to-Floating Rate Cumulative Redeemable Preferred Stock,Real Estate,Real Estate Investment Trusts
ADAMO,Adamas Trust Inc. 9.250% Senior Notes Due 2031,Real Estate,Real Estate Investment Trusts
ADAMZ,Adamas Trust Inc. 7.000% Series G Cumulative Redeemable Preferred Stock $0.01 par value per share,Real Estate,Real Estate Investment Trusts
ADBE,Adobe Inc. Common Stock,Technology,Computer Software: Prepackaged Software
ADC,Agree Realty Corporation Common Stock,Real Estate,Real Estate Investment Trusts
ADC^A,Agree Realty Corporation Depositary Shares each representing 1/1000th of a 4.250% Series A Cumulative Redeemable Preferred Stock,,
ADEA,Adeia Inc. Common Stock,Technology,Computer Software: Prepackaged Software
ADGM,Adagio Medical Holdings Inc Common Stock,Health Care,Medical/Dental Instruments
ADI,Analog Devices Inc. Common Stock,Technology,Semiconductors
ADIL,Adial Pharmaceuticals Inc Common Stock,Health Care,Biotechnology: Pharmaceutical Preparations
ADM,Archer-Daniels-Midland Company Common Stock,Consumer Staples,Packaged Foods
ADMA,ADMA Biologics Inc Common Stock,Health Care,Biotechnology: Biological Products (No Diagnostic Substances)
ADNT,Adient plc Ordinary Shares ,Consumer Discretionary,Auto Parts:O.E.M.
ADP,Automatic Data Processing Inc. Common Stock,Industrials,Diversified Commercial Services
ADPT,Adaptive Biotechnologies Corporation Common Stock,Health Care,Biotechnology: Biological Products (No Diagnostic Substances)
ADSK,Autodesk Inc. Common Stock,Technology,Computer Software: Prepackaged Software
ADT,ADT Inc. Common Stock,Consumer Discretionary,Diversified Commercial Services
ADTN,ADTRAN Holdings Inc. Common Stock,Utilities,Telecommunications Equipment
ADTX,Aditxt Inc. Common Stock,Health Care,Biotechnology: Pharmaceutical Preparations
ADUS,Addus HomeCare Corporation Common Stock,Health Care,Medical/Nursing Services
ADV,Advantage Solutions Inc. Class A Common Stock,Real Estate,Real Estate
ADX,Adams Diversified Equity Fund Inc.,Finance,Investment Managers
AEE,Ameren Corporation Common Stock,Utilities,Power Generation
AEF,abrdn Emerging Markets ex-China Fund Inc. Common Stock,Finance,Finance/Investors Services
AEFC,Aegon Funding Company LLC 5.10% Subordinated Notes due 2049,,
AEHR,Aehr Test Systems Common Stock,Industrials,Electrical Products
AEI,Alset Inc. Common Stock (TX),Finance,Real Estate
AEIS,Advanced Energy Industries Inc. Common Stock,Technology,Industrial Machinery/Components
AEMD,Aethlon Medical Inc. Common Stock,Health Care,Medical/Dental Instruments
AENT,Alliance Entertainment Holding Corporation Class A Common Stock,Consumer Discretionary,Durable Goods
AENTW,Alliance Entertainment Holding Corporation Warrant,Consumer Discretionary,Durable Goods
AEO,American Eagle Outfitters Inc. Common Stock,Consumer Discretionary,Clothing/Shoe/Accessory Stores
AEON,AEON Biopharma Inc. Class A Common Stock,Health Care,Biotechnology: Pharmaceutical Preparations
AEP,American Electric Power Company Inc. Common Stock,Utilities,Electric Utilities: Central
AERT,Aeries Technology Inc. Class A Ordinary Share,Consumer Discretionary,Professional Services
AERTW,Aeries Technology Inc. Warrant,Consumer Discretionary,Professional Services
AES,The AES Corporation Common Stock,Utilities,Electric Utilities: Central
AESI,Atlas Energy Solutions Inc. Common Stock,Industrials,Mining & Quarrying of Nonmetallic Minerals (No Fuels)
AEVA,Aeva Technologies Inc. Common Stock,Consumer Discretionary,Auto Parts:O.E.M.
AEYE,AudioEye Inc. Common Stock,Technology,Computer Software: Prepackaged Software
AFB,AllianceBernstein National Municipal Income Fund Inc,Finance,Trusts Except Educational Religious and Charitable
AFBI,Affinity Bancshares Inc. Common Stock (MD),Finance,Banks
AFCG,Advanced Flower Capital Inc. Common Stock,Finance,Real Estate
AFG,American Financial Group Inc. Common Stock,Finance,Property-Casualty Insurers
AFGB,American Financial Group Inc. 5.875% Subordinated Debentures due 2059,Finance,Property-Casualty Insurers
AFGC,American Financial Group Inc. 5.125% Subordinated Debentures due 2059,Finance,Property-Casualty Insurers
AFGD,American Financial Group Inc. 5.625% Subordinated Debentures due 2060,Finance,Property-Casualty Insurers
AFGE,American Financial Group Inc. 4.500% Subordinated Debentures due 2060,Finance,Property-Casualty Insurers
AFJK,Aimei Health Technology Co. Ltd Ordinary Share,,
AFJKR,Aimei Health Technology Co. Ltd Right,,
AFL,AFLAC Incorporated Common Stock,Finance,Accident &Health Insurance
AFRM,Affirm Holdings Inc. Class A Common Stock,Finance,Finance: Consumer Services
AGAE,Allied Gaming & Entertainment Inc. Common Stock,Consumer Discretionary,Services-Misc. Amusement & Recreation
AGCO,AGCO Corporation Common Stock,Industrials,Industrial Machinery/Components
AGD,abrdn Global Dynamic Dividend Fund Common Shares of Beneficial Interest,Finance,Trusts Except Educational Religious and Charitable
AGEN,Agenus Inc. Common Stock,Health Care,Biotechnology: Biological Products (No Diagnostic Substances)
AGH,Aureus Greenway Holdings Inc. Common Stock,Consumer Discretionary,Hotels/Resorts
AGIG,Abundia Global Impact Group Inc. Common stock,Energy,Oil & Gas Production
AGIO,Agios Pharmaceuticals Inc. Common Stock,Health Care,Biotechnology: Pharmaceutical Preparations
AGL,agilon health inc. Common Stock,Health Care,Misc Health and Biotechnology Services
AGM,Federal Agricultural Mortgage Corporation Common Stock,Finance,Finance Companies
AGM^D,Federal Agricultural Mortgage Corporation 5.700% Non-Cumulative Preferred Stock Series D,,
AGM^E,Federal Agricultural Mortgage Corporation 5.750% Non-Cumulative Preferred Stock Series E,,
AGM^F,Federal Agricultural Mortgage Corporation 5.250% Non-Cumulative Preferred Stock Series F,,
AGM^G,Federal Agricultural Mortgage Corporation 4.875% Non-Cumulative Preferred Stock Series G,,
AGM^H,Federal Agricultural Mortgage Corporation 6.500% Non-Cumulative Preferred Stock Series H,,
AGNC,AGNC Investment Corp. Common Stock,Real Estate,Real Estate Investment Trusts
AGNCL,AGNC Investment Corp. Depositary Shares Each Representing a 1/1000th Interest in a Share of 7.75% Series G Fixed-Rate Reset Cumulative Redeemable Preferred Stock,Real Estate,Real Estate Investment Trusts
AGNCM,AGNC Investment Corp. Depositary Shares rep 6.875% Series D Fixed-to-Floating Cumulative Redeemable Preferred Stock,Real Estate,Real Estate Investment Trusts
AGNCN,AGNC Investment Corp. Depositary Shares Each Representing a 1/1000th Interest in a Share of 7.00% Series C Fixed-To-Floating Rate Cumulative Redeemable Preferred Stock,Real Estate,Real Estate Investment Trusts
AGNCO,AGNC Investment Corp. Depositary Shares each representing a 1/1000th interest in a share of 6.50% Series E Fixed-to-Floating Cumulative Redeemable Preferred Stock,Real Estate,Real Estate Investment Trusts
AGNCP,AGNC Investment Corp. Depositary Shares Each Representing a 1/1000th Interest in a Share of 6.125% Series F Fixed-to-Floating Rate Cumulative Redeemable Preferred Stock,Real Estate,Real Estate Investment Trusts
AGNCZ,AGNC Investment Corp. Depositary Shares Each Representing a 1/1000th Interest in a Share of 8.75% Series H Fixed-Rate Cumulative Redeemable Preferred Stock,,
AGNT,eXp World Holdings Inc. Common Stock,Finance,Real Estate
AGPU,Axe Compute Inc. Common Stock,Health Care,Industrial Specialties
AGX,Argan Inc. Common Stock,Consumer Discretionary,Engineering & Construction
AGYS,Agilysys Inc. Common Stock (DE),Technology,EDP Services
AHCO,AdaptHealth Corp. Common Stock,Health Care,Medical/Nursing Services
AHR,American Healthcare REIT Inc. Common Stock,Real Estate,Real Estate Investment Trusts
AHRT,AH Realty Trust Inc. Common Stock,Finance,Real Estate
AHRT^A,AH Realty Trust Inc. 6.75% Series A Cumulative Redeemable Perpetual Preferred Stock,,
AHT,Ashford Hospitality Trust Inc Common Stock,Real Estate,Real Estate Investment Trusts
AHT^D,Ashford Hospitality Trust Inc 8.45% Series D Cumulative Preferred Stock,,
AHT^F,Ashford Hospitality Trust Inc 7.375% Series F Cumulative Preferred Stock,,
AHT^G,Ashford Hospitality Trust Inc 7.375% Series G Cumulative Preferred Stock,,
AHT^H,Ashford Hospitality Trust Inc 7.50% Series H Cumulative Preferred Stock,,
AHT^I,Ashford Hospitality Trust Inc 7.50% Series I Cumulative Preferred Stock,,
AI,C3.ai Inc. Class A Common Stock,Technology,Computer Software: Prepackaged Software
AIDX,20/20 Biolabs Inc. Common Stock,Health Care,Precision Instruments
AIFC,AI Financial Corporation Common Stock,Finance,Finance: Consumer Services
AIFF,Firefly Neuroscience Inc. Common Stock,Technology,Computer Software: Prepackaged Software
AIG,American International Group Inc. New Common Stock,Finance,Life Insurance
AII,American Integrity Insurance Group Inc. Common Stock,Finance,Property-Casualty Insurers
AIMD,Ainos Inc. Common Stock,Health Care,Biotechnology: Pharmaceutical Preparations
AIMDW,Ainos Inc. Warrants,Health Care,Biotechnology: Pharmaceutical Preparations
AIN,Albany International Corporation Common Stock,Consumer Discretionary,Textiles
AIOT,PowerFleet Inc. Common Stock,Telecommunications,Telecommunications Equipment
AIP,Arteris Inc. Common Stock,Technology,Semiconductors
AIR,AAR Corp. Common Stock,Industrials,Aerospace
AIRE,reAlpha Tech Corp. Common Stock,Finance,Real Estate
AIRG,Airgain Inc. Common Stock,Technology,Radio And Television Broadcasting And Communications Equipment
AIRI,Air Industries Group Common Stock,Industrials,Military/Government/Technical
AIRJ,AirJoule Technologies Corporation Class A Common Stock,Industrials,Industrial Machinery/Components
AIRJW,AirJoule Technologies Corporation Warrant,Industrials,Industrial Machinery/Components
AIRO,AIRO Group Holdings Inc. Common Stock,Industrials,Aerospace
AIRS,AirSculpt Technologies Inc. Common Stock,Health Care,Medical/Nursing Services
AIRT,Air T Inc. Common Stock,Consumer Discretionary,Air Freight/Delivery Services
AIRTP,Air T Inc. Air T Funding Alpha Income Trust Preferred Securities,Consumer Discretionary,Air Freight/Delivery Services
AISP,Airship AI Holdings Inc. Class A Common Stock,Technology,Computer Software: Prepackaged Software
AISPW,Airship AI Holdings Inc. Warrants,Technology,Computer Software: Prepackaged Software
AIT,Applied Industrial Technologies Inc. Common Stock,Consumer Discretionary,Industrial Specialties
AIV,Apartment Investment and Management Company Common Stock,Real Estate,Real Estate Investment Trusts
AIXC,AIxCrypto Holdings Inc. Common Stock,Health Care,Biotechnology: Pharmaceutical Preparations
AIZ,Assurant Inc. Common Stock,Finance,Property-Casualty Insurers
AIZN,Assurant Inc. 5.25% Subordinated Notes due 2061,Finance,Property-Casualty Insurers
AJG,Arthur J. Gallagher & Co. Common Stock,Finance,Specialty Insurers
AKAM,Akamai Technologies Inc. Common Stock,Real Estate,Real Estate
AKBA,Akebia Therapeutics Inc. Common Stock,Health Care,Biotechnology: Pharmaceutical Preparations
AKR,Acadia Realty Trust Common Stock,Real Estate,Real Estate Investment Trusts
AKTS,Aktis Oncology Inc. Common stock,Health Care,Biotechnology: Pharmaceutical Preparations
ALAB,Astera Labs Inc. Common Stock,Technology,Semiconductors
ALB,Albemarle Corporation Common Stock,Industrials,Major Chemicals
ALB^A,Albemarle Corporation Depositary Shares each representing a 1/20th of 7.25% Series A Mandatory Convertible Preferred Stock,,
ALBT,Avalon GloboCare Corp. Common Stock,Health Care,Biotechnology: Biological Products (No Diagnostic Substances)
ALCO,Alico Inc. Common Stock,,
ALCY,Alchemy Investments Acquisition Corp 1 Class A Ordinary Shares,Finance,Blank Checks
ALCYU,Alchemy Investments Acquisition Corp 1 Units,Finance,Blank Checks
ALCYW,Alchemy Investments Acquisition Corp 1 Warrants,Finance,Blank Checks
ALDF,Aldel Financial II Inc. Class A Ordinary Shares,,
ALDFU,Aldel Financial II Inc. Units,Finance,Blank Checks
ALDFW,Aldel Financial II Inc. Warrants,Finance,Blank Checks
ALDX,Aldeyra Therapeutics Inc. Common Stock,Health Care,Biotechnology: Pharmaceutical Preparations
ALEC,Alector Inc. Common Stock,Health Care,Biotechnology: Biological Products (No Diagnostic Substances)
ALF,Centurion Acquisition Corp. Class A Ordinary Shares,,
ALFUW,Centurion Acquisition Corp. Warrant,Finance,Blank Checks
ALG,Alamo Group Inc. Common Stock,Industrials,Industrial Machinery/Components
ALGM,Allegro MicroSystems Inc. Common Stock,Technology,Semiconductors
ALGN,Align Technology Inc. Common Stock,Health Care,Industrial Specialties
ALGS,Aligos Therapeutics Inc. Common Stock,Health Care,Biotechnology: Biological Products (No Diagnostic Substances)
ALGT,Allegiant Travel Company Common Stock,Consumer Discretionary,Air Freight/Delivery Services
ALH,Alliance Laundry Holdings Inc. Common Stock,Industrials,Industrial Machinery/Components
ALHC,Alignment Healthcare Inc. Common Stock,Health Care,Medical Specialities
ALIS,Calisa Acquisition Corp Ordinary shares,,
ALISR,Calisa Acquisition Corp Right,Finance,Blank Checks
ALIT,Alight Inc. Class A Common Stock,Real Estate,Real Estate
ALK,Alaska Air Group Inc. Common Stock,Consumer Discretionary,Air Freight/Delivery Services
ALKT,Alkami Technology Inc. Common Stock,Technology,Computer Software: Prepackaged Software
ALL,Allstate Corporation (The) Common Stock,Finance,Property-Casualty Insurers
ALL^B,Allstate Corporation (The) 5.100% Fixed-to-Floating Rate Subordinated Debentures due 2053,,
ALL^H,Allstate Corporation (The) Depositary Shares each representing a 1/1000th interest in a share of Fixed Rate Noncumulative Perpetual Preferred Stock Series H,,
ALL^I,Allstate Corporation (The) Depositary Shares each representing a 1/1000th interest in a share of Fixed Rate Noncumulative Perpetual Preferred Stock Series I,,
ALL^J,Allstate Corporation (The) Depositary Shares each representing a 1/1000th interest in a share of Fixed Rate Noncumulative Perpetual Preferred Stock Series J,,
ALLE,Allegion plc Ordinary Shares,Consumer Discretionary,Diversified Commercial Services
ALLO,Allogene Therapeutics Inc. Common Stock,Health Care,Biotechnology: Biological Products (No Diagnostic Substances)
ALLR,Allarity Therapeutics Inc. Common Stock,Health Care,Biotechnology: Pharmaceutical Preparations
ALLY,Ally Financial Inc. Common Stock,Finance,Major Banks
ALMR,Alamar Biosciences Inc. Common Stock,Industrials,Biotechnology: Laboratory Analytical Instruments
ALMS,Alumis Inc. Common Stock,Health Care,Biotechnology: Pharmaceutical Preparations
ALMU,Aeluma Inc. Common Stock,Technology,Semiconductors
ALNT,Allient Inc. Common Stock,Industrials,Electrical Products
ALNY,Alnylam Pharmaceuticals Inc. Common Stock,Health Care,Biotechnology: Pharmaceutical Preparations
ALOT,AstroNova Inc. Common Stock,Technology,Computer peripheral equipment
ALOV,Aldabra 4 Liquidity Opportunity Vehicle Inc. Class A Ordinary Shares,,
ALOVU,Aldabra 4 Liquidity Opportunity Vehicle Inc. Units,Finance,Blank Checks
ALOVW,Aldabra 4 Liquidity Opportunity Vehicle Inc. Warrants,,
ALOY,REalloys Inc. Common Stock,Technology,EDP Services
ALRM,Alarm.com Holdings Inc. Common Stock,Technology,Computer Software: Prepackaged Software
ALRS,Alerus Financial Corporation Common Stock,Finance,Major Banks
ALSN,Allison Transmission Holdings Inc. Common Stock,Consumer Discretionary,Auto Parts:O.E.M.
ALT,Altimmune Inc. Common Stock,Health Care,Biotechnology: Pharmaceutical Preparations
ALTG,Alta Equipment Group Inc. Class A Common Stock,Industrials,Industrial Machinery/Components
ALTG^A,Alta Equipment Group Inc. Depositary Shares (each representing 1/1000th in a share of 10% Series A Cumulative Perpetual Preferred Stock),,
ALTI,AlTi Global Inc. Class A Common Stock,Finance,Investment Managers
ALTO,Alto Ingredients Inc. Common Stock,Industrials,Major Chemicals
ALX,Alexander's Inc. Common Stock,Real Estate,Real Estate Investment Trusts
ALXO,ALX Oncology Holdings Inc. Common Stock,Health Care,Biotechnology: Pharmaceutical Preparations
ALZN,Alzamend Neuro Inc. Common Stock,Health Care,Biotechnology: Pharmaceutical Preparations
AM,Antero Midstream Corporation Common Stock,Utilities,Natural Gas Distribution
AMAL,Amalgamated Financial Corp. Common Stock (DE),Finance,Major Banks
AMAT,Applied Materials Inc. Common Stock,Technology,Semiconductors
AMBA,Ambarella Inc. Ordinary Shares,Technology,Semiconductors
AMBQ,Ambiq Micro Inc. Common Stock,Technology,Semiconductors
AMC,AMC Entertainment Holdings Inc. Class A Common Stock,Consumer Discretionary,Movies/Entertainment
AMCI,AMC Robotics Corporation Common Stock,Consumer Discretionary,Home Furnishings
AMCX,AMC Global Media Inc. Class A Common Stock,Telecommunications,Cable & Other Pay Television Services
AMD,Advanced Micro Devices Inc. Common Stock,Technology,Semiconductors
AME,AMETEK Inc.,Industrials,Industrial Machinery/Components
AMG,Affiliated Managers Group Inc. Common Stock,Finance,Investment Managers
AMGN,Amgen Inc. Common Stock,Health Care,Biotechnology: Biological Products (No Diagnostic Substances)
AMH,American Homes 4 Rent Common Shares of Beneficial Interest,Real Estate,Real Estate Investment Trusts
AMH^G,American Homes 4 Rent Series G cumulative redeemable perpetual preferred shares of beneficial interest,,
AMH^H,American Homes 4 Rent Series H cumulative redeemable perpetual Preferred Shares of Beneficial Interest,,
AMIX,Autonomix Medical Inc. Common Stock,Health Care,Medical/Dental Instruments
AMKR,Amkor Technology Inc. Common Stock,Technology,Semiconductors
AMLX,Amylyx Pharmaceuticals Inc. Common Stock,Health Care,Biotechnology: Pharmaceutical Preparations
AMN,AMN Healthcare Services Inc,Consumer Discretionary,Professional Services
AMOD,Alpha Modus Holdings Inc. Class A Common Stock,Miscellaneous,Multi-Sector Companies
AMP,Ameriprise Financial Inc. Common Stock,Finance,Investment Managers
AMPG,Amplitech Group Inc. Common Stock,Telecommunications,Telecommunications Equipment
AMPGR,Amplitech Group Inc. Series A Right,Telecommunications,Telecommunications Equipment
AMPGZ,Amplitech Group Inc. Series B Right,Telecommunications,Telecommunications Equipment
AMPH,Amphastar Pharmaceuticals Inc. Common Stock,Health Care,Biotechnology: Pharmaceutical Preparations
AMPL,Amplitude Inc. Class A Common Stock,Technology,Computer Software: Prepackaged Software
AMPX,Amprius Technologies Inc. Common Stock,Miscellaneous,Industrial Machinery/Components
AMPY,Amplify Energy Corp. Common Stock,Energy,Oil & Gas Production
AMR,Alpha Metallurgical Resources Inc. Common Stock,Energy,Coal Mining
AMRC,Ameresco Inc. Class A Common Stock,Consumer Discretionary,Engineering & Construction
AMRX,Amneal Pharmaceuticals Inc. Class A Common Stock,Health Care,Biotechnology: Pharmaceutical Preparations
AMS,American Shared Hospital Services Common Stock,Health Care,Medical Specialities
AMSC,American Superconductor Corporation Common Stock,Consumer Discretionary,Metal Fabrications
AMSF,AMERISAFE Inc. Common Stock,Finance,Property-Casualty Insurers
AMST,Amesite Inc. Common Stock,Technology,Computer Software: Prepackaged Software
AMT,American Tower Corporation (REIT) Common Stock,Real Estate,Real Estate Investment Trusts
AMTB,Amerant Bancorp Inc. Class A Common Stock,Finance,Major Banks
AMTM,Amentum Holdings Inc. Common Stock,Real Estate,Real Estate
AMTX,Aemetis Inc. (DE) Common Stock,Industrials,Major Chemicals
AMWD,American Woodmark Corporation Common Stock,Basic Materials,Forest Products
AMWL,American Well Corporation Class A Common Stock,Real Estate,Real Estate
AMZN,Amazon.com Inc. Common Stock,Consumer Discretionary,Catalog/Specialty Distribution
AN,AutoNation Inc. Common Stock,Consumer Discretionary,Retail-Auto Dealers and Gas Stations
ANAB,AnaptysBio Inc. Common Stock,Health Care,Biotechnology: Pharmaceutical Preparations
ANDE,Andersons Inc. (The) Common Stock,Industrials,Farming/Seeds/Milling
ANET,Arista Networks Inc. Common Stock,Telecommunications,Computer Communications Equipment
ANF,Abercrombie & Fitch Company Common Stock,Consumer Discretionary,Clothing/Shoe/Accessory Stores
ANG^D,American National Group Inc. Depositary Shares each representing a 1/1000th interest in a share of 7.375% Fixed-Rate Non-Cumulative Preferred Stock Series D,,
ANGI,Angi Inc. Class A Common Stock,Consumer Discretionary,Advertising
ANGO,AngioDynamics Inc. Common Stock,Health Care,Medical/Dental Instruments
ANGX,Angel Studios Inc. Class A Common Stock,Consumer Discretionary,Movies/Entertainment
ANIK,Anika Therapeutics Inc. Common Stock,Health Care,Medical/Dental Instruments
ANIP,ANI Pharmaceuticals Inc.,Health Care,Biotechnology: Pharmaceutical Preparations
ANIX,Anixa Biosciences Inc. Common Stock,Health Care,Biotechnology: Pharmaceutical Preparations
ANNA,AleAnna Inc. Class A Common Stock,Energy,Oil & Gas Production
ANNAW,AleAnna Inc. Warrant,Energy,Oil & Gas Production
ANNX,Annexon Inc. Common Stock,Health Care,Biotechnology: Pharmaceutical Preparations
ANRO,Alto Neuroscience Inc. Common Stock,Health Care,Biotechnology: Pharmaceutical Preparations
ANSC,Agriculture & Natural Solutions Acquisition Corporation Class A Ordinary Shares,,
ANSCU,Agriculture & Natural Solutions Acquisition Corporation Unit,,
ANSCW,Agriculture & Natural Solutions Acquisition Corporation Warrant,,
ANTX,AN2 Therapeutics Inc. Common Stock,Health Care,Biotechnology: Pharmaceutical Preparations
ANVS,Annovis Bio Inc. Common Stock,Health Care,Biotechnology: Pharmaceutical Preparations
AOD,abrdn Total Dynamic Dividend Fund Common Shares of Beneficial Interest,Finance,Investment Managers
AOMD,Angel Oak Mortgage REIT Inc. 9.750% Senior Notes due 2030,Finance,Real Estate
AOMN,Angel Oak Mortgage REIT Inc. 9.500% Senior Notes due 2029,Finance,Real Estate
AOMR,Angel Oak Mortgage REIT Inc. Common Stock,Finance,Real Estate
AON,Aon plc Class A Ordinary Shares (Ireland),Finance,Specialty Insurers
AORT,Artivion Inc. Common Stock,Health Care,Medical/Dental Instruments
AOS,A.O. Smith Corporation Common Stock,Consumer Discretionary,Consumer Electronics/Appliances
AOUT,American Outdoor Brands Inc. Common Stock ,Consumer Discretionary,Recreational Games/Products/Toys
AP,Ampco-Pittsburgh Corporation Common Stock,Industrials,Fluid Controls
APA,APA Corporation Common Stock,Energy,Oil & Gas Production
APAC,StoneBridge Acquisition II Corporation Class A Ordinary Shares,,
APACR,StoneBridge Acquisition II Corporation Rights,,
APACU,StoneBridge Acquisition II Corporation Units,Finance,Blank Checks
APAM,Artisan Partners Asset Management Inc. Class A Common Stock,Finance,Investment Managers
APC,ARKO Petroleum Corp. Class A Common Stock,Energy,Oil Refining/Marketing
APD,Air Products and Chemicals Inc. Common Stock,Basic Materials,Major Chemicals
APEI,American Public Education Inc. Common Stock,Real Estate,Other Consumer Services
APG,APi Group Corporation Common Stock,Consumer Discretionary,Engineering & Construction
APGE,Apogee Therapeutics Inc. Common Stock,Health Care,Biotechnology: Biological Products (No Diagnostic Substances)
APH,Amphenol Corporation Common Stock,Technology,Electrical Products
APLD,Applied Digital Corporation Common Stock,Finance,Finance: Consumer Services
APLE,Apple Hospitality REIT Inc. Common Shares,Real Estate,Real Estate Investment Trusts
APLM,Apollomics Inc. Class A Ordinary Shares,Health Care,Biotechnology: Pharmaceutical Preparations
APLMW,Apollomics Inc. Warrant,Health Care,Biotechnology: Pharmaceutical Preparations
APLS,Apellis Pharmaceuticals Inc. Common Stock,Health Care,Biotechnology: Pharmaceutical Preparations
APO,Apollo Global Management Inc. (New) Common Stock,Finance,Investment Managers
APO^A,Apollo Global Management Inc. 6.75% Series A Mandatory Convertible Preferred Stock,,
APOG,Apogee Enterprises Inc. Common Stock,Consumer Discretionary,Auto Parts:O.E.M.
APOS,Apollo Global Management Inc. 7.625% Fixed-Rate Resettable Junior Subordinated Notes due 2053,Finance,Investment Managers
APP,Applovin Corporation Class A Common Stock,Technology,Computer Software: Programming Data Processing
APPF,AppFolio Inc. Class A Common Stock,Technology,Computer Software: Prepackaged Software
APPN,Appian Corporation Class A Common Stock,Technology,Computer Software: Prepackaged Software
APPS,Digital Turbine Inc. Common Stock,Miscellaneous,Multi-Sector Companies
APRE,Aprea Therapeutics Inc. Common stock,Health Care,Biotechnology: Pharmaceutical Preparations
APVO,Aptevo Therapeutics Inc. Common Stock,Health Care,Biotechnology: Pharmaceutical Preparations
APXT,Apex Treasury Corporation Class A Ordinary Share,Technology,Computer Software: Prepackaged Software
APXTU,Apex Treasury Corporation Units,Finance,Blank Checks
APXTW,Apex Treasury Corporation Warrants,Finance,Blank Checks
APYX,Apyx Medical Corporation Common Stock,Health Care,Medical/Dental Instruments
AQB,AquaBounty Technologies Inc. Common Stock,Consumer Staples,Meat/Poultry/Fish
AQMS,Aqua Metals Inc. Common Stock,Industrials,Metal Fabrications
AQN,Algonquin Power & Utilities Corp. Common Shares,Utilities,Electric Utilities: Central
AQNB,Algonquin Power & Utilities Corp. 6.20% Fixed-to-Floating Subordinated Notes Series 2019-A due July 1 2079,Utilities,Electric Utilities: Central
AQST,Aquestive Therapeutics Inc. Common Stock,Health Care,Biotechnology: Pharmaceutical Preparations
AR,Antero Resources Corporation Common Stock,Energy,Oil & Gas Production
ARAI,Arrive AI Inc. Common Stock,Consumer Discretionary,Diversified Commercial Services
ARAY,Accuray Incorporated Common Stock,Health Care,Medical/Dental Instruments
ARCB,ArcBest Corporation Common Stock,Industrials,Trucking Freight/Courier Services
ARCC,Ares Capital Corporation Common Stock,Finance,Finance: Consumer Services
ARCI,Archimedes Tech SPAC Partners III Co. Ordinary Share,,
ARCIU,Archimedes Tech SPAC Partners III Co. Units,Finance,Blank Checks
ARCIW,Archimedes Tech SPAC Partners III Co. Warrant,,
ARCLU,ARC Group Acquisition I Corp Unit,Finance,Blank Checks
ARDC,Ares Dynamic Credit Allocation Fund Inc. Common Shares,Finance,Investment Managers
ARDT,Ardent Health Inc. Common Stock,Health Care,Hospital/Nursing Management
ARDX,Ardelyx Inc. Common Stock,Health Care,Biotechnology: Pharmaceutical Preparations
ARE,Alexandria Real Estate Equities Inc. Common Stock,Real Estate,Real Estate Investment Trusts
AREB,American Rebel Holdings Inc. Common Stock,Industrials,Plastic Products
AREBW,American Rebel Holdings Inc. Warrants,Industrials,Plastic Products
AREC,American Resources Corporation Class A Common Stock,Energy,Coal Mining
AREN,The Arena Group Holdings Inc. Common Stock,Technology,EDP Services
ARES,Ares Management Corporation Class A Common Stock,Finance,Investment Managers
ARES^B,Ares Management Corporation 6.75% Series B Mandatory Convertible Preferred Stock,,
ARHS,Arhaus Inc. Class A Common Stock,Consumer Discretionary,Other Specialty Stores
ARI,Apollo Commercial Real Estate Finance Inc,Real Estate,Real Estate Investment Trusts
ARKO,ARKO Corp. Common Stock,Consumer Staples,Food Chains
ARKR,Ark Restaurants Corp. Common Stock,Consumer Discretionary,Restaurants
ARL,American Realty Investors Inc. Common Stock,Real Estate,Other Consumer Services
ARLO,Arlo Technologies Inc. Common Stock,Consumer Staples,Consumer Electronics/Appliances
ARLP,Alliance Resource Partners L.P. Common Units representing Limited Partners Interests,Energy,Coal Mining
ARMK,Aramark Common Stock,Consumer Discretionary,Restaurants
ARMP,Armata Pharmaceuticals Inc. Common Stock,Health Care,Biotechnology: Biological Products (No Diagnostic Substances)
AROC,Archrock Inc. Common Stock,Utilities,Natural Gas Distribution
AROW,Arrow Financial Corporation Common Stock,Finance,Major Banks
ARQ,Arq Inc. Common Stock,Industrials,Major Chemicals
ARQT,Arcutis Biotherapeutics Inc. Common Stock,Health Care,Biotechnology: Pharmaceutical Preparations
ARR,ARMOUR Residential REIT Inc.,Real Estate,Real Estate Investment Trusts
ARR^C,ARMOUR Residential REIT Inc. 7% Series C Cumulative Redeemable Preferred Stock (liquidation preference $25.00 per share),,
ARRY,Array Technologies Inc. Common Stock,Consumer Discretionary,Miscellaneous manufacturing industries
ARTC,Art Technology Acquisition Corp. Class A Ordinary Shares,Finance,Blank Checks
ARTCU,Art Technology Acquisition Corp. Units,,
ARTCW,Art Technology Acquisition Corp. Warrants,,
ARTL,Artelo Biosciences Inc. Common Stock,Health Care,Biotechnology: Pharmaceutical Preparations
ARTNA,Artesian Resources Corporation Class A Common Stock,Utilities,Water Supply
ARTV,Artiva Biotherapeutics Inc. Common Stock,Health Care,Biotechnology: Biological Products (No Diagnostic Substances)
ARTW,Art's-Way Manufacturing Co. Inc. Common Stock,Industrials,Industrial Machinery/Components
ARVN,Arvinas Inc. Common Stock,Health Care,Biotechnology: Pharmaceutical Preparations
ARW,Arrow Electronics Inc. Common Stock,Technology,Electronic Components
ARWR,Arrowhead Pharmaceuticals Inc. Common Stock,Health Care,Biotechnology: Pharmaceutical Preparations
ARXS,Arxis Inc. Class A Common Stock,Industrials,Military/Government/Technical
ASA,ASA  Gold and Precious Metals Limited,Industrials,Precious Metals
ASAN,Asana Inc. Class A Common Stock,Technology,Computer Software: Prepackaged Software
ASB,Associated Banc-Corp Common Stock,Finance,Major Banks
ASB^E,Associated Banc-Corp Depositary Shares each representing a 1/40th interest in a share of 5.875% Non-Cumulative Perpetual Preferred Stock Series E,,
ASB^F,Associated Banc-Corp Depositary Shares each representing a 1/40th interest in a share of Associated Banc-Corp 5.625% Non-Cumulative Perpetual Preferred Stock Series F,,
ASBA,Associated Banc-Corp 6.625% Fixed-Rate Reset Subordinated Notes due 2033,Finance,Major Banks
ASBP,Aspire Biopharma Holdings Inc. Common Stock,Health Care,Biotechnology: Pharmaceutical Preparations
ASBPW,Aspire Biopharma Holdings Inc. Warrant,Health Care,Biotechnology: Pharmaceutical Preparations
ASG,Liberty All-Star Growth Fund Inc.,Finance,Investment Managers
ASGI,abrdn Global Infrastructure Income Fund Common Shares of Beneficial Interest,Finance,Investment Managers
ASH,Ashland Inc. Common Stock,Consumer Discretionary,Specialty Chemicals
ASIX,AdvanSix Inc. Common Stock ,Industrials,Major Chemicals
ASLE,AerSale Corporation Common Stock,Consumer Discretionary,Industrial Specialties
ASMB,Assembly Biosciences Inc. Common Stock,Health Care,Biotechnology: Pharmaceutical Preparations
ASO,Academy Sports and Outdoors Inc. Common Stock,Consumer Discretionary,Other Specialty Stores
ASPI,ASP Isotopes Inc. Common Stock,Industrials,Major Chemicals
ASPN,Aspen Aerogels Inc. Common Stock,Consumer Discretionary,RETAIL: Building Materials
ASRT,Assertio Holdings Inc. Common Stock,Health Care,Biotechnology: Pharmaceutical Preparations
ASRV,AmeriServ Financial Inc. Common Stock,Finance,Major Banks
ASST,Strive Inc. Class A Common Stock,Technology,Computer Software: Prepackaged Software
ASTC,Astrotech Corporation (DE) Common Stock,Industrials,Biotechnology: Laboratory Analytical Instruments
ASTE,Astec Industries Inc. Common Stock,Industrials,Construction/Ag Equipment/Trucks
ASTH,Astrana Health Inc. Common Stock,Consumer Discretionary,Professional Services
ASTI,Ascent Solar Technologies Inc. Common Stock,Technology,Semiconductors
ASTS,AST SpaceMobile Inc. Class A Common Stock,Consumer Discretionary,Telecommunications Equipment
ASUR,Asure Software Inc Common Stock,Technology,EDP Services
ASYS,Amtech Systems Inc. Common Stock,Technology,Industrial Machinery/Components
ATEC,Alphatec Holdings Inc. Common Stock,Health Care,Medical/Dental Instruments
ATEN,A10 Networks Inc. Common Stock,Telecommunications,Computer Communications Equipment
ATER,Aterian Inc. Common Stock,Consumer Discretionary,Home Furnishings
ATEX,Anterix Inc. Common Stock,Telecommunications,Telecommunications Equipment
ATHR,Aether Holdings Inc. Common Stock,Technology,Computer Software: Prepackaged Software
ATI,ATI Inc. Common Stock,Industrials,Steel/Iron Ore
ATII,Archimedes Tech SPAC Partners II Co. Ordinary Shares,,
ATIIW,Archimedes Tech SPAC Partners II Co. Warrant,Finance,Blank Checks
ATKR,Atkore Inc. Common Stock,Miscellaneous,Industrial Machinery/Components
ATLC,Atlanticus Holdings Corporation Common Stock,Finance,Finance: Consumer Services
ATLCL,Atlanticus Holdings Corporation 6.125% Senior Notes due 2026,Finance,Finance: Consumer Services
ATLCP,Atlanticus Holdings Corporation 7.625% Series B Cumulative Perpetual Preferred Stock no par value per share,Finance,Finance: Consumer Services
ATLCZ,Atlanticus Holdings Corporation 9.25% Senior Notes due 2029,Finance,Finance: Consumer Services
ATLN,Atlantic International Corp. Common Stock,Industrials,Biotechnology: Laboratory Analytical Instruments
ATLO,Ames National Corporation Common Stock,Finance,Major Banks
ATLX,Atlas Lithium Corporation Common Stock,Industrials,Mining & Quarrying of Nonmetallic Minerals (No Fuels)
ATMU,Atmus Filtration Technologies Inc. Common Stock,Consumer Discretionary,Auto Parts:O.E.M.
ATNI,ATN International Inc. Common Stock,Telecommunications,Telecommunications Equipment
ATNM,Actinium Pharmaceuticals Inc. (Delaware) Common Stock,Health Care,Biotechnology: Pharmaceutical Preparations
ATO,Atmos Energy Corporation Common Stock,Utilities,Oil/Gas Transmission
ATOM,Atomera Incorporated Common Stock,Technology,Semiconductors
ATOS,Atossa Therapeutics Inc. Common Stock,Health Care,Biotechnology: Pharmaceutical Preparations
ATR,AptarGroup Inc. Common Stock,Industrials,Plastic Products
ATRA,Atara Biotherapeutics Inc. Common Stock,Health Care,Biotechnology: Biological Products (No Diagnostic Substances)
ATRC,AtriCure Inc. Common Stock,Health Care,Medical/Dental Instruments
ATRO,Astronics Corporation Common Stock,Industrials,Military/Government/Technical
ATYR,aTyr Pharma Inc. Common Stock,Health Care,Biotechnology: Biological Products (No Diagnostic Substances)
AUB,Atlantic Union Bankshares Corporation Common Stock,Finance,Major Banks
AUB^A,Atlantic Union Bankshares Corporation Depositary Shares each representing a 1/400th ownership interest in a share of 6.875% Perpetual Non-Cumulative Preferred Stock Series A,,
AUBN,Auburn National Bancorporation Inc. Common Stock,Finance,Major Banks
AUGO,Aura Minerals Inc. Common Shares,,
AUID,authID Inc. Common Stock,Technology,Computer Software: Prepackaged Software
AUR,Aurora Innovation Inc. Class A Common Stock,Technology,EDP Services
AURA,Aura Biosciences Inc. Common Stock,Health Care,Biotechnology: Biological Products (No Diagnostic Substances)
AUROW,Aurora Innovation Inc. Warrant,Technology,EDP Services
AUUD,Auddia Inc. Common Stock,Technology,EDP Services
AVA,Avista Corporation Common Stock,Utilities,Power Generation
AVAH,Aveanna Healthcare Holdings Inc. Common Stock,Health Care,Medical/Nursing Services
AVAV,AeroVironment Inc. Common Stock,Industrials,Aerospace
AVB,AvalonBay Communities Inc. Common Stock,Real Estate,Real Estate Investment Trusts
AVBC,Avidia Bancorp Inc. Common Stock,Finance,Banks
AVBH,Avidbank Holdings Inc. Common stock,Finance,Commercial Banks
AVBP,ArriVent BioPharma Inc. Common Stock,Health Care,Biotechnology: Pharmaceutical Preparations
AVD,American Vanguard Corporation Common Stock ($0.10 Par Value),Industrials,Agricultural Chemicals
AVGO,Broadcom Inc. Common Stock,Technology,Semiconductors
AVIR,Atea Pharmaceuticals Inc. Common Stock,Health Care,Biotechnology: Pharmaceutical Preparations
AVK,Advent Convertible and Income Fund,Finance,Trusts Except Educational Religious and Charitable
AVLN,Avalyn Pharma Inc. Common Stock,Health Care,Biotechnology: Pharmaceutical Preparations
AVNS,Avanos Medical Inc. Common Stock,Health Care,Industrial Specialties
AVNT,Avient Corporation Common Stock,Industrials,Major Chemicals
AVNW,Aviat Networks Inc. Common Stock,Technology,Radio And Television Broadcasting And Communications Equipment
AVO,Mission Produce Inc. Common Stock,Consumer Staples,Farming/Seeds/Milling
AVPT,AvePoint Inc. Class A Common Stock,Technology,Computer Software: Prepackaged Software
AVR,Anteris Technologies Global Corp. Common Stock,Health Care,Industrial Specialties
AVT,Avnet Inc. Common Stock,Technology,Electronic Components
AVTR,Avantor Inc. Common Stock,Industrials,Biotechnology: Laboratory Analytical Instruments
AVTX,Avalo Therapeutics Inc. Common Stock,Health Care,Biotechnology: Pharmaceutical Preparations
AVXL,Anavex Life Sciences Corp. Common Stock,Health Care,Biotechnology: Biological Products (No Diagnostic Substances)
AVY,Avery Dennison Corporation Common Stock,Consumer Discretionary,Containers/Packaging
AWF,Alliancebernstein Global High Income Fund,Finance,Trusts Except Educational Religious and Charitable
AWI,Armstrong World Industries Inc Common Stock,Industrials,Plastic Products
AWK,American Water Works Company Inc. Common Stock,Utilities,Water Supply
AWP,abrdn Global Premier Properties Fund Common Shares of Beneficial Interest,Finance,Trusts Except Educational Religious and Charitable
AWR,American States Water Company Common Stock,Utilities,Water Supply
AWRE,Aware Inc. Common Stock,Technology,Computer Software: Prepackaged Software
AWX,Avalon Holdings Corporation Common Stock,Utilities,Environmental Services
AX,Axos Financial Inc. Common Stock,Finance,Savings Institutions
AXGN,Axogen Inc. Common Stock,Health Care,Biotechnology: Electromedical & Electrotherapeutic Apparatus
AXON,Axon Enterprise Inc. Common Stock,Industrials,Ordnance And Accessories
AXP,American Express Company Common Stock,Finance,Finance: Consumer Services
AXR,AMREP Corporation Common Stock,Real Estate,Homebuilding
AXSM,Axsome Therapeutics Inc. Common Stock,Health Care,Biotechnology: Pharmaceutical Preparations
AXTA,Axalta Coating Systems Ltd. Common Shares,Consumer Discretionary,Paints/Coatings
AXTI,AXT Inc Common Stock,Technology,Semiconductors
AYI,Acuity Inc. Common Stock,Consumer Discretionary,Building Products
AYTU,Aytu BioPharma Inc.  Common Stock,Health Care,Biotechnology: Pharmaceutical Preparations
AZO,AutoZone Inc. Common Stock,Consumer Discretionary,Auto & Home Supply Stores
AZTA,Azenta Inc.,Technology,Industrial Machinery/Components
AZZ,AZZ Inc.,Industrials,Industrial Specialties
BA,Boeing Company (The) Common Stock,Industrials,Aerospace
BA^A,Boeing Company (The) Depositary Shares each representing a 1/20th interest in a share of 6.00% Series A Mandatory Convertible Preferred Stock par value $1.00,,
BAC,Bank of America Corporation Common Stock,Finance,Major Banks
BAC^B,Bank of America Corporation Depositary Shares each representing a 1/1000th interest in a share of 6.000% Non-Cumulative Preferred Stock Series GG,,
BAC^E,Bank of America Corporation Depositary Sh repstg 1/1000th Perp Pfd Ser E,,
BAC^K,Bank of America Corporation Depositary Shares each representing a 1/1000th interest in a share of 5.875% Non- Cumulative Preferred Stock Series HH,,
BAC^L,Bank of America Corporation Non Cumulative Perpetual Conv Pfd Ser L,,
BAC^M,Bank of America Corporation Depositary Shares each representing a 1/1000th interest in a share of 5.375% Non-Cumulative Preferred Stock Series KK,,
BAC^N,Bank of America Corporation Depositary shares each representing 1/1000th interest in a share of 5.000% Non-Cumulative Preferred Stock Series LL,,
BAC^O,Bank of America Corporation Depositary shares each representing 1/1000th interest in a share of 4.375% Non-Cumulative Preferred Stock Series NN,,
BAC^P,Bank of America Corporation Depositary Shares each representing a 1/1000th interest in a share of 4.125% Non-Cumulative Preferred Stock Series PP,,
BAC^Q,Bank of America Corporation Depositary shares each representing 1/1000th interest in a share of 4.250% Non-Cumulative Preferred Stock Series QQ,,
BAC^S,Bank of America Corporation Depositary shares each representing 1/1000th interest in a share of 4.750% Non-Cumulative Preferred Stock Series SS,,
BACC,Blue Acquisition Corp. Class A Ordinary Shares,Finance,Blank Checks
BACCR,Blue Acquisition Corp. Right ,Finance,Blank Checks
BACCU,Blue Acquisition Corp. Unit,Finance,Blank Checks
BAER,Bridger Aerospace Group Holdings Inc. Common Stock,Industrials,Aerospace
BAERW,Bridger Aerospace Group Holdings Inc. Warrant,Industrials,Aerospace
BAFN,BayFirst Financial Corp. Common Stock,Finance,Major Banks
BAH,Booz Allen Hamilton Holding Corporation Common Stock,Consumer Discretionary,Professional Services
BALL,Ball Corporation Common Stock,Industrials,Containers/Packaging
BALY,Bally's Corporation Common Stock,Consumer Discretionary,Hotels/Resorts
BANC,Banc of California Inc. Common Stock,Finance,Major Banks
BANC^F,Banc of California Inc. Depositary Shares each representing a 1/40th interest in a share of 7.75% non-cumulative perpetual preferred stock Series F,,
BAND,Bandwidth Inc. Class A Common Stock,Technology,Computer Software: Prepackaged Software
BANF,BancFirst Corporation Common Stock,Finance,Major Banks
BANFP,BancFirst Corporation - BFC Capital Trust II Cumulative Trust Preferred Securities,Finance,Major Banks
BANR,Banner Corporation Common Stock,Finance,Major Banks
BANX,ArrowMark Financial Corp. Common Stock,Finance,Trusts Except Educational Religious and Charitable
BARK,BARK Inc. Class A Common Stock,Consumer Discretionary,Other Specialty Stores
BATL,Battalion Oil Corporation Common Stock,Energy,Oil & Gas Production
BATRA,Atlanta Braves Holdings Inc. Series A Common Stock,Consumer Discretionary,Services-Misc. Amusement & Recreation
BATRK,Atlanta Braves Holdings Inc. Series C Common Stock,Consumer Discretionary,Services-Misc. Amusement & Recreation
BAX,Baxter International Inc. Common Stock,Health Care,Medical/Dental Instruments
BAYA,Bayview Acquisition Corp Ordinary Shares,,
BAYAR,Bayview Acquisition Corp Right,,
BBAI,BigBear.ai Inc. Common Stock,Technology,Computer Software: Prepackaged Software
BBBY,Bed Bath & Beyond Inc. Common Stock,Consumer Discretionary,Catalog/Specialty Distribution
BBCP,Concrete Pumping Holdings Inc. Common Stock,Consumer Discretionary,Engineering & Construction
BBCQ,Bleichroeder Acquisition Corp. II Class A Ordinary Shares,,
BBCQU,Bleichroeder Acquisition Corp. II Units,,
BBCQW,Bleichroeder Acquisition Corp. II Warrants,,
BBDC,Barings BDC Inc. Common Stock,Finance,Diversified Financial Services
BBGI,Beasley Broadcast Group Inc. Class A Common Stock,Consumer Discretionary,Broadcasting
BBIO,BridgeBio Pharma Inc. Common Stock,Health Care,Biotechnology: Pharmaceutical Preparations
BBLG,Bone Biologics Corp Common Stock,Health Care,Industrial Specialties
BBLGW,Bone Biologics Corp Warrants,Health Care,Industrial Specialties
BBN,BlackRock Taxable Municipal Bond Trust Common Shares of Beneficial Interest,Finance,Finance Companies
BBNX,Beta Bionics Inc. Common Stock,Health Care,Medical/Dental Instruments
BBOT,BridgeBio Oncology Therapeutics Inc. Common Stock  ,Health Care,Biotechnology: Pharmaceutical Preparations
BBSI,Barrett Business Services Inc. Common Stock,Consumer Discretionary,Professional Services
BBT,Beacon Financial Corporation Common stock,Finance,Banks
BBW,Build-A-Bear Workshop Inc. Common Stock,Consumer Discretionary,Recreational Games/Products/Toys
BBWI,Bath & Body Works Inc.,Consumer Discretionary,Clothing/Shoe/Accessory Stores
BBY,Best Buy Co. Inc. Common Stock,Consumer Discretionary,Consumer Electronics/Video Chains
BC,Brunswick Corporation Common Stock,Industrials,Industrial Machinery/Components
BC^C,Brunswick Corporation 6.375% Notes due 2049,,
BCAB,BioAtla Inc. Common Stock,Health Care,Biotechnology: Biological Products (No Diagnostic Substances)
BCAL,California BanCorp Common Stock,Finance,Major Banks
BCAR,D. Boral ARC Acquisition I Corp. Class A Ordinary Shares,Finance,Blank Checks
BCARU,D. Boral ARC Acquisition I Corp. Units,Finance,Blank Checks
BCARW,D. Boral ARC Acquisition I Corp. Warrant,Finance,Blank Checks
BCAT,BlackRock Capital Allocation Term Trust Common Shares of Beneficial Interest,Finance,Finance/Investors Services
BCAX,Bicara Therapeutics Inc. Common Stock,Health Care,Biotechnology: Pharmaceutical Preparations
BCBP,BCB Bancorp Inc. (NJ) Common Stock,Finance,Savings Institutions
BCC,Boise Cascade L.L.C. Common Stock,Consumer Discretionary,RETAIL: Building Materials
BCDA,BioCardia Inc. Common Stock,Health Care,Biotechnology: Biological Products (No Diagnostic Substances)
BCG,Binah Capital Group Inc. Common Stock,Finance,Finance: Consumer Services
BCIC,BCP Investment Corporation Common Stock,Finance,Finance: Consumer Services
BCML,BayCom Corp Common Stock,Finance,Major Banks
BCO,Brinks Company (The) Common Stock,Industrials,Integrated Freight & Logistics
BCPC,Balchem Corporation Common Stock,Industrials,Major Chemicals
BCRX,BioCryst Pharmaceuticals Inc. Common Stock,Health Care,Biotechnology: Biological Products (No Diagnostic Substances)
BCSF,Bain Capital Specialty Finance Inc. Common Stock,Finance,Finance/Investors Services
BCV,Bancroft Fund Ltd.,Finance,Finance/Investors Services
BCV^A,Bancroft Fund Limited 5.375% Series A Cumulative Preferred Shares,,
BCX,BlackRock Resources Common Shares of Beneficial Interest,Finance,Finance/Investors Services
BDC,Belden Inc Common Stock,Industrials,Telecommunications Equipment
BDCI,BTC Development Corp. Class A Ordinary Shares,Finance,Blank Checks
BDCIU,BTC Development Corp. Unit,Finance,Blank Checks
BDJ,Blackrock Enhanced Equity Dividend Trust,Finance,Finance Companies
BDL,Flanigan's Enterprises Inc. Common Stock,Consumer Discretionary,Restaurants
BDN,Brandywine Realty Trust Common Stock,Real Estate,Real Estate Investment Trusts
BDSX,Biodesix Inc. Common Stock,Health Care,Medical Specialities
BDTX,Black Diamond Therapeutics Inc. Common Stock,Health Care,Biotechnology: Biological Products (No Diagnostic Substances)
BDX,Becton Dickinson and Company Common Stock,Health Care,Medical/Dental Instruments
BE,Bloom Energy Corporation Class A Common Stock,Energy,Industrial Machinery/Components
BEAG,Bold Eagle Acquisition Corp. Class A Ordinary Shares,,
BEAM,Beam Therapeutics Inc. Common Stock,Health Care,Biotechnology: Biological Products (No Diagnostic Substances)
BEAT,Heartbeam Inc. Common Stock,Health Care,Medical/Dental Instruments
BEATW,Heartbeam Inc. Warrant,Health Care,Medical/Dental Instruments
BEEM,Beam Global Common Stock,Technology,Semiconductors
BEEP,Mobile Infrastructure Corporation Common Stock,Finance,Blank Checks
BELFA,Bel Fuse Inc. Class A Common Stock,,
BELFB,Bel Fuse Inc. Class B Common Stock,,
BEN,Franklin Resources Inc. Common Stock,Finance,Investment Managers
BENF,Beneficient Class A Common Stock,Finance,Finance: Consumer Services
BENFW,Beneficient Warrant,Finance,Finance: Consumer Services
BEPC,Brookfield Renewable Corporation Brookfield Renewable Corporation Class A Subordinate Voting Shares,Utilities,Electric Utilities: Central
BETA,Beta Technologies Inc. Class A Common Stock,Industrials,Aerospace
BF/A,Brown Forman Corporation,,
BF/B,Brown Forman Corporation,,
BFAM,Bright Horizons Family Solutions Inc. Common Stock,Consumer Discretionary,Other Consumer Services
BFC,Bank First Corporation Common Stock,Finance,Major Banks
BFH,Bread Financial Holdings Inc. Common Stock,Real Estate,Real Estate
BFH^A,Bread Financial Holdings Inc. Depositary Shares each representing a 1/40th interest in a share of 8.625% Non-Cumulative Perpetual Preferred Stock Series A,,
BFLY,Butterfly Network Inc. Class A Common Stock,Health Care,Medical Electronics
BFRG,Bullfrog AI Holdings Inc. Common Stock,Health Care,Biotechnology: Pharmaceutical Preparations
BFRGW,Bullfrog AI Holdings Inc. Warrants,Health Care,Biotechnology: Pharmaceutical Preparations
BFRI,Biofrontera Inc. Common Stock,Health Care,Biotechnology: Pharmaceutical Preparations
BFRIW,Biofrontera Inc. Warrants,Health Care,Biotechnology: Pharmaceutical Preparations
BFS,Saul Centers Inc. Common Stock,Real Estate,Real Estate Investment Trusts
BFS^D,Saul Centers Inc. Depositary Shares each representing 1/100th of a share of 6.125% Series D Cumulative Redeemable Preferred Stock,,
BFS^E,Saul Centers Inc. Depositary shares each representing a 1/100th fractional interest in a share of 6.000% Series E Cumulative Redeemable Preferred Stock,,
BFST,Business First Bancshares Inc. Common Stock,Finance,Major Banks
BG,Bunge Limited Common Shares,Consumer Staples,Packaged Foods
BGB,Blackstone Strategic Credit 2027 Term Fund Common Shares of Beneficial Interest,Finance,Trusts Except Educational Religious and Charitable
BGC,BGC Group Inc. Class A Common Stock,Finance,Investment Bankers/Brokers/Service
BGH,Barings Global Short Duration High Yield Fund Common Shares of Beneficial Interests,Finance,Investment Managers
BGMS,Bio Green Med Solution Inc. Common Stock,,
BGR,BlackRock Energy and Resources Trust,Finance,Trusts Except Educational Religious and Charitable
BGS,B&G Foods Inc. Common Stock,Consumer Staples,Packaged Foods
BGSF,BGSF Inc. Common Stock,Consumer Discretionary,Professional Services
BGT,BlackRock Floating Rate Income Trust,Finance,Trusts Except Educational Religious and Charitable
BGY,Blackrock Enhanced International Dividend Trust,Finance,Trusts Except Educational Religious and Charitable
BH,Biglari Holdings Inc. Class B Common Stock,Consumer Discretionary,Restaurants
BHAV,BHAV Acquisition Corp Class A Ordinary Shares,,
BHAVR,BHAV Acquisition Corp Rights,Finance,Blank Checks
BHAVU,BHAV Acquisition Corp Units,,
BHB,Bar Harbor Bankshares Inc. Common Stock,Finance,Major Banks
BHE,Benchmark Electronics Inc. Common Stock,Technology,Electrical Products
BHF,Brighthouse Financial Inc. Common Stock,Finance,Life Insurance
BHFAL,Brighthouse Financial Inc. 6.25% Junior Subordinated Debentures due 2058,Finance,Life Insurance
BHFAM,Brighthouse Financial Inc. Depositary shares each representing a 1/1000th Interest in a Share of 4.625% Non-Cumulative Preferred Stock Series D,Finance,Life Insurance
BHFAN,Brighthouse Financial Inc. Depositary shares each representing a 1/1000th interest in a share of 5.375% Non-Cumulative Preferred Stock Series C,Finance,Life Insurance
BHFAO,Brighthouse Financial Inc. Depositary Shares 6.75% Non-Cumulative Preferred Stock Series B,Finance,Life Insurance
BHFAP,Brighthouse Financial Inc. Depositary Shares 6.6% Non-Cumulative Preferred Stock Series A,Finance,Life Insurance
BHK,Blackrock Core Bond Trust,Finance,Finance Companies
BHR,Braemar Hotels & Resorts Inc. Common Stock,Real Estate,Real Estate Investment Trusts
BHR^B,Braemar Hotels & Resorts Inc. 5.50% Series B Cumulative Convertible Preferred Stock par value $0.01 per share,,
BHR^D,Braemar Hotels & Resorts Inc. 8.25% Series D Cumulative Preferred Stock  par value $0.01 per share,,
BHRB,Burke & Herbert Financial Services Corp. Common Stock,Finance,Major Banks
BHV,BlackRock Virginia Municipal Bond Trust,Finance,Finance/Investors Services
BHVN,Biohaven Ltd. Common Shares ,Health Care,Biotechnology: Pharmaceutical Preparations
BIAF,bioAffinity Technologies Inc. Common Stock,Health Care,Biotechnology: Commercial Physical & Biological Resarch
BIAFW,bioAffinity Technologies Inc. Warrant,Health Care,Biotechnology: Commercial Physical & Biological Resarch
BIIB,Biogen Inc. Common Stock,Health Care,Biotechnology: Biological Products (No Diagnostic Substances)
BILL,BILL Holdings Inc. Common Stock,Technology,EDP Services
BIO,Bio-Rad Laboratories Inc. Class A Common Stock,Industrials,Biotechnology: Laboratory Analytical Instruments
BIO/B,Bio-Rad Laboratories Inc.,,
BIOA,BioAge Labs Inc. Common Stock,Health Care,Biotechnology: Pharmaceutical Preparations
BIRD,Allbirds Inc. Class A Common Stock,Consumer Discretionary,Apparel
BIT,BlackRock Multi-Sector Income Trust Common Shares of Beneficial Interest,Finance,Trusts Except Educational Religious and Charitable
BIVI,BioVie Inc. Class A Common Stock,Health Care,Biotechnology: Pharmaceutical Preparations
BIVIW,BioVie Inc. Warrant,Health Care,Biotechnology: Pharmaceutical Preparations
BIXI,Bitcoin Infrastructure Acquisition Corp Ltd. Class A Ordinary Shares,,
BIXIU,Bitcoin Infrastructure Acquisition Corp Ltd. Unit ,Finance,Blank Checks
BIXIW,Bitcoin Infrastructure Acquisition Corp Ltd. Warrant,,
BJ,BJ's Wholesale Club Holdings Inc. Common Stock,Consumer Discretionary,Department/Specialty Retail Stores
BJDX,Bluejay Diagnostics Inc. Common Stock,Health Care,Medical/Dental Instruments
BJRI,BJ's Restaurants Inc. Common Stock,Consumer Discretionary,Restaurants
BK,The Bank of New York Mellon Corporation Common Stock,Finance,Major Banks
BK^K,The Bank Of New York Mellon Corporation  Depositary Shares each representing a 1/4000th interest in a share of Series K Noncumulative Perpetual Preferred Stock,,
BKD,Brookdale Senior Living Inc. Common Stock,Health Care,Hospital/Nursing Management
BKE,Buckle Inc. (The) Common Stock,Consumer Discretionary,Clothing/Shoe/Accessory Stores
BKH,Black Hills Corporation Common Stock,Utilities,Electric Utilities: Central
BKHA,Black Hawk Acquisition Corporation Class A Ordinary Shares,Health Care,Biotechnology: Biological Products (No Diagnostic Substances)
BKHAR,Black Hawk Acquisition Corporation Rights,Health Care,Biotechnology: Biological Products (No Diagnostic Substances)
BKKT,Bakkt Inc. Class A Common Stock,Finance,Finance: Consumer Services
BKNG,Booking Holdings Inc. Common Stock,Consumer Discretionary,Transportation Services
BKR,Baker Hughes Company Class A Common Stock,Consumer Discretionary,Oil and Gas Field Machinery
BKSY,BlackSky Technology Inc. Class A Common Stock,Technology,Radio And Television Broadcasting And Communications Equipment
BKT,BlackRock Income Trust Inc. (The),Finance,Investment Bankers/Brokers/Service
BKTI,BK Technologies Corporation Common Stock,Technology,Radio And Television Broadcasting And Communications Equipment
BKU,BankUnited Inc. Common Stock,Finance,Savings Institutions
BKV,BKV Corporation Common Stock,Energy,Oil & Gas Production
BKYI,BIO-key International Inc. Common Stock,Technology,Computer Software: Prepackaged Software
BL,BlackLine Inc. Common Stock,Technology,Computer Software: Prepackaged Software
BLBD,Blue Bird Corporation Common Stock,Consumer Discretionary,Construction/Ag Equipment/Trucks
BLD,TopBuild Corp. Common Stock,Consumer Discretionary,Engineering & Construction
BLDR,Builders FirstSource Inc. Common Stock,Consumer Discretionary,RETAIL: Building Materials
BLFS,BioLife Solutions Inc. Common Stock,Health Care,Biotechnology: Electromedical & Electrotherapeutic Apparatus
BLIN,Bridgeline Digital Inc. Common Stock,Technology,Computer Software: Prepackaged Software
BLK,BlackRock Inc. Common Stock,Finance,Investment Bankers/Brokers/Service
BLKB,Blackbaud Inc. Common Stock,Technology,Computer Software: Prepackaged Software
BLLN,BillionToOne Inc. Class A Common Stock,Health Care,Medical Specialities
BLMN,Bloomin' Brands Inc. Common Stock,Consumer Discretionary,Restaurants
BLND,Blend Labs Inc. Class A Common Stock,Technology,Computer Software: Programming Data Processing
BLNE,Beeline Holdings Inc. Common Stock,Finance,Finance: Consumer Services
BLNK,Blink Charging Co. Common Stock,Consumer Discretionary,Industrial Specialties
BLRK,Bluerock Acquisition Corp. Class A Ordinary Shares,,
BLRKU,Bluerock Acquisition Corp. Unit,,
BLTE,Belite Bio Inc American Depositary Shares,Health Care,Biotechnology: Pharmaceutical Preparations
BLUW,Blue Water Acquisition Corp. III Class A Ordinary Shares,,
BLUWW,Blue Water Acquisition Corp. III Warrant.,,
BLW,Blackrock Limited Duration Income Trust,Consumer Discretionary,Other Consumer Services
BLZE,Backblaze Inc. Class A Common Stock,Technology,Computer Software: Prepackaged Software
BLZR,Trailblazer Acquisition Corp. Class A Ordinary Shares,Finance,Blank Checks
BLZRU,Trailblazer Acquisition Corp. Unit,,
BLZRW,Trailblazer Acquisition Corp. Warrant,Finance,Blank Checks
BMBL,Bumble Inc. Class A Common Stock,Technology,Computer Software: Programming Data Processing
BME,Blackrock Health Sciences Trust,Finance,Trusts Except Educational Religious and Charitable
BMEA,Biomea Fusion Inc. Common Stock,Health Care,Biotechnology: Pharmaceutical Preparations
BMEZ,BlackRock Health Sciences Term Trust Common Shares of Beneficial Interest,Finance,Trusts Except Educational Religious and Charitable
BMI,Badger Meter Inc. Common Stock,Industrials,Industrial Machinery/Components
BML^G,Bank of America Corporation Depositary Shares (Each representing a 1/1200th interest in a share of Floating Rate Non-Cumulative Preferred Stock  Series 1),,
BML^H,Bank of America Corporation Depositary Shares (Each representing a 1/1200th interest in a Share of Floating Rate Non-Cumulative Preferred Stock Series 2),,
BML^J,Bank of America Corporation Depositary Shares (Each representing a 1/1200th interest in a Share of Floating Rate Non-Cumulative Preferred Stock Series 4),,
BML^L,Bank of America Corporation Depositary Shares (Each representing a 1/1200th Interest in a Share of Floating Rate Non-Cumulative Preferred Stock Series 5),,
BMNR,BitMine Immersion Technologies Inc. Common Stock,Finance,Finance: Consumer Services
BMRA,Biomerica Inc. Common Stock,Health Care,Biotechnology: In Vitro & In Vivo Diagnostic Substances
BMRC,Bank of Marin Bancorp Common Stock,Finance,Major Banks
BMRN,BioMarin Pharmaceutical Inc. Common Stock,Health Care,Biotechnology: Pharmaceutical Preparations
BMY,Bristol-Myers Squibb Company Common Stock,Health Care,Biotechnology: Pharmaceutical Preparations
BNAI,Brand Engagement Network Inc. Common Stock,Technology,EDP Services
BNAIW,Brand Engagement Network Inc. Warrant,Technology,EDP Services
BNBX,BNB Plus Corp. Common Stock,Consumer Discretionary,Other Consumer Services
BNC,CEA Industries Inc. Common Stock,Industrials,Industrial Machinery/Components
BNCWW,CEA Industries Inc. Warrant,,
BNCWZ,CEA Industries Inc. Warrant,Industrials,Industrial Machinery/Components
BNED,Barnes & Noble Education Inc Common Stock,Consumer Discretionary,Other Specialty Stores
BNGO,Bionano Genomics Inc. Common Stock,Industrials,Biotechnology: Laboratory Analytical Instruments
BNKK,Bonk Inc. Common Stock,Consumer Discretionary,Package Goods/Cosmetics
BNL,Broadstone Net Lease Inc. Common Stock,Real Estate,Real Estate Investment Trusts
BNTC,Benitec Biopharma Inc. Common Stock,Health Care,Biotechnology: Pharmaceutical Preparations
BNZI,Banzai International Inc. Class A Common Stock,Technology,Computer Software: Prepackaged Software
BNZIW,Banzai International Inc. Warrant,Technology,Computer Software: Prepackaged Software
BOC,Boston Omaha Corporation Class A Common Stock,Finance,Real Estate
BODI,The Beachbody Company Inc. Class A Common Stock,Consumer Discretionary,Other Consumer Services
BOE,Blackrock Enhanced Global Dividend Trust Common Shares of Beneficial Interest,Finance,Trusts Except Educational Religious and Charitable
BOF,BranchOut Food Inc. Common Stock,Consumer Staples,Packaged Foods
BOH,Bank of Hawaii Corporation Common Stock,Finance,Major Banks
BOH^A,Bank of Hawaii Corporation Depositary Shares Each Representing a 1/40th Interest in a Share of 4.375% Fixed Rate Non-Cumulative Perpetual Preferred Stock Series A,,
BOH^B,Bank of Hawaii Corporation Depositary Shares Each Representing a 1/40th Interest in a Share of 8.000% Fixed Rate Non-Cumulative Perpetual Preferred Stock Series B,,
BOKF,BOK Financial Corporation Common Stock,Finance,Major Banks
BOLD,Boundless Bio Inc. Common Stock,Health Care,Biotechnology: Pharmaceutical Preparations
BOLT,Bolt Biotherapeutics Inc. Common Stock,Health Care,Biotechnology: Pharmaceutical Preparations
BOOM,DMC Global Inc. Common Stock,Industrials,Industrial Specialties
BOOT,Boot Barn Holdings Inc. Common Stock,Consumer Discretionary,Clothing/Shoe/Accessory Stores
BOTJ,Bank of the James Financial Group Inc. Common Stock,Finance,Major Banks
BOW,Bowhead Specialty Holdings Inc. Common Stock,Finance,Property-Casualty Insurers
BOX,Box Inc. Class A Common Stock,Technology,Computer Software: Prepackaged Software
BOXL,Boxlight Corporation Class A Common Stock,Real Estate,Other Consumer Services
BPAC,Blueport Acquisition Ltd Class A Ordinary Shares,,
BPACR,Blueport Acquisition Ltd Rights,,
BPOP,Popular Inc. Common Stock,Finance,Major Banks
BPOPM,Popular Inc. Popular Capital Trust II - 6.125% Cumulative Monthly Income Trust Preferred Securities,Finance,Major Banks
BPRN,Princeton Bancorp Inc. Common Stock (PA),Finance,Major Banks
BR,Broadridge Financial Solutions Inc. Common Stock,Real Estate,Real Estate
BRBR,BellRing Brands Inc. Common Stock ,Consumer Staples,Packaged Foods
BRBS,Blue Ridge Bankshares Inc. Common Stock,Finance,Major Banks
BRC,Brady Corporation Common Stock,Consumer Discretionary,Miscellaneous manufacturing industries
BRCB,Black Rock Coffee Bar Inc. Class A Common Stock,Consumer Discretionary,Restaurants
BRCC,BRC Inc. Class A Common Stock,Consumer Staples,Beverages (Production/Distribution)
BRFH,Barfresh Food Group Inc. Common Stock,Consumer Staples,Packaged Foods
BRID,Bridgford Foods Corporation Common Stock,Consumer Staples,Specialty Foods
BRK/A,Berkshire Hathaway Inc.,,
BRK/B,Berkshire Hathaway Inc.,,
BRKR,Bruker Corporation Common Stock,Industrials,Biotechnology: Laboratory Analytical Instruments
BRKRP,Bruker Corporation 6.375% Mandatory Convertible Preferred Stock Series A,Industrials,Biotechnology: Laboratory Analytical Instruments
BRLT,Brilliant Earth Group Inc. Class A Common Stock,Consumer Discretionary,Consumer Specialties
BRN,Barnwell Industries Inc. Common Stock,Energy,Oil & Gas Production
BRO,Brown & Brown Inc. Common Stock,Finance,Specialty Insurers
BROS,Dutch Bros Inc. Class A Common Stock,Consumer Discretionary,Restaurants
BRR,ProCap Financial Inc. Common Stock,Finance,Finance: Consumer Services
BRRWW,ProCap Financial Inc. Warrant,Finance,Finance: Consumer Services
BRSL,Brightstar Lottery PLC Trading under the Legal Name to begin at the market open on July 21 2025. Ordinary Shares,Consumer Discretionary,Services-Misc. Amusement & Recreation
BRSP,BrightSpire Capital Inc. Class A Common Stock,Real Estate,Real Estate Investment Trusts
BRT,BRT Apartments Corp. (MD) Common Stock,Real Estate,Real Estate Investment Trusts
BRTX,BioRestorative Therapies Inc. Common Stock (NV),Health Care,Managed Health Care
BRUN,Boost Run Inc. Class A Common Stock,Technology,EDP Services
BRUNW,Boost Run Inc. Warrant,Technology,EDP Services
BRW,Saba Capital Income & Opportunities Fund SBI,Finance,Trusts Except Educational Religious and Charitable
BRX,Brixmor Property Group Inc. Common Stock,Real Estate,Real Estate Investment Trusts
BRZE,Braze Inc. Class A Common Stock,Technology,Computer Software: Prepackaged Software
BSBK,Bogota Financial Corp. Common Stock,Finance,Banks
BSET,Bassett Furniture Industries Incorporated Common Stock,Consumer Discretionary,Home Furnishings
BSL,Blackstone Senior Floating Rate 2027 Term Fund Common Shares of Beneficial Interest,Finance,Trusts Except Educational Religious and Charitable
BSM,Black Stone Minerals L.P. Common units representing limited partner interests,Energy,Oil & Gas Production
BSRR,Sierra Bancorp Common Stock,Finance,Major Banks
BST,BlackRock Science and Technology Trust Common Shares of Beneficial Interest,Finance,Finance Companies
BSTZ,BlackRock Science and Technology Term Trust Common Shares of Beneficial Interest,Finance,Trusts Except Educational Religious and Charitable
BSVN,Bank7 Corp. Common stock,Finance,Major Banks
BSX,Boston Scientific Corporation Common Stock,Health Care,Medical/Dental Instruments
BSY,Bentley Systems Incorporated Class B Common Stock,Technology,Computer Software: Prepackaged Software
BTAI,BioXcel Therapeutics Inc. Common Stock,Health Care,Biotechnology: Pharmaceutical Preparations
BTBD,BT Brands Inc. Common Stock,Consumer Discretionary,Restaurants
BTBDW,BT Brands Inc. Warrant,Consumer Discretionary,Restaurants
BTBT,Bit Digital Inc. Ordinary Shares,Finance,Finance: Consumer Services
BTCS,BTCS Inc. Common Stock,Finance,Finance: Consumer Services
BTM,Bitcoin Depot Inc. Class A Common Stock,Finance,Finance: Consumer Services
BTMD,Biote Corp. Class A Common Stock,Health Care, Medicinal Chemicals and Botanical Products 
BTMWW,Bitcoin Depot Inc. Warrant,Finance,Finance: Consumer Services
BTO,John Hancock Financial Opportunities Fund Common Stock,Finance,Investment Managers
BTOC,Armlogi Holding Corp. Common Stock,Consumer Discretionary,Office Equipment/Supplies/Services
BTOG,Bit Origin Limited Class A Ordinary Shares,Finance,Finance: Consumer Services
BTSG,BrightSpring Health Services Inc. Common Stock,Health Care,Medical/Nursing Services
BTSGU,BrightSpring Health Services Inc. Tangible Equity Unit,Health Care,Medical/Nursing Services
BTT,BlackRock Municipal 2030 Target Term Trust,Finance,Investment Managers
BTU,Peabody Energy Corporation Common Stock ,Energy,Coal Mining
BTX,BlackRock Technology and Private Equity Term Trust Common Shares of Beneficial Interest,,
BTZ,BlackRock Credit Allocation Income Trust,Finance,Finance Companies
BUI,BlackRock Utility Infrastructure & Power Opportunities Trust,Finance,Trusts Except Educational Religious and Charitable
BULL,Webull Corporation Class A Ordinary Shares,Finance,Investment Bankers/Brokers/Service
BULLW,Webull Corporation Warrants,Finance,Investment Bankers/Brokers/Service
BURL,Burlington Stores Inc. Common Stock,Consumer Discretionary,Department/Specialty Retail Stores
BURU,Nuburu Inc. Common Stock,Miscellaneous,Industrial Machinery/Components
BUSE,First Busey Corporation Class A Common Stock,Finance,Major Banks
BUSEP,First Busey Corporation Depositary Shares Each Representing a 1/40thInterest in a Share of 8.25% Fixed-Rate Series B Non-Cumulative Perpetual Preferred Stock $0.001 par value,Finance,Major Banks
BV,BrightView Holdings Inc. Common Stock,Real Estate,Real Estate
BVFL,BV Financial Inc. Common Stock,Finance,Savings Institutions
BVS,Bioventus Inc. Class A Common Stock,Health Care,Medical/Dental Instruments
BW,Babcock & Wilcox Enterprises Inc. Common Stock,Industrials,Building Products
BW^A,Babcock & Wilcox Enterprises Inc. 7.75% Series A Cumulative Perpetual Preferred Stock,,
BWA,BorgWarner Inc. Common Stock,Consumer Discretionary,Auto Parts:O.E.M.
BWB,Bridgewater Bancshares Inc. Common Stock,Finance,Major Banks
BWBBP,Bridgewater Bancshares Inc. Depositary Shares Each Representing a 1/100th Interest in a Share of 5.875% Non-Cumulative Perpetual Preferred Stock Series A,Finance,Major Banks
BWEN,Broadwind Inc. Common Stock,Telecommunications,Metal Fabrications
BWFG,Bankwell Financial Group Inc. Common Stock,Finance,Major Banks
BWG,BrandywineGLOBAL Global Income Opportunities Fund Inc.,Finance,Finance/Investors Services
BWIN,The Baldwin Insurance Group Inc. Class A Common Stock,Finance,Specialty Insurers
BWMN,Bowman Consulting Group Ltd. Common Stock,Consumer Discretionary,Professional Services
BWNB,Babcock & Wilcox Enterprises Inc. 6.50% Senior Notes due 2026,Industrials,Building Products
BWXT,BWX Technologies Inc. Common Stock,Industrials,Industrial Machinery/Components
BX,Blackstone Inc. Common Stock,Finance,Investment Managers
BXC,Bluelinx Holdings Inc. Common Stock,Consumer Discretionary,Wholesale Distributors
BXMT,Blackstone Mortgage Trust Inc. Common Stock,Real Estate,Real Estate Investment Trusts
BXP,BXP Inc. Common Stock,Real Estate,Real Estate Investment Trusts
BY,Byline Bancorp Inc. Common Stock,Finance,Major Banks
BYD,Boyd Gaming Corporation Common Stock,Consumer Discretionary,Hotels/Resorts
BYFC,Broadway Financial Corporation Class A Common Stock,Finance,Savings Institutions
BYND,Beyond Meat Inc. Common Stock,Consumer Staples,Packaged Foods
BYRN,Byrna Technologies Inc. Common Stock,Miscellaneous,Industrial Machinery/Components
BYSI,BeyondSpring Inc. Ordinary Shares,Health Care,Biotechnology: Pharmaceutical Preparations
BZAI,Blaize Holdings Inc. Common Stock,Finance,Blank Checks
BZAIW,Blaize Holdings Inc. Warrants,Finance,Blank Checks
BZFD,BuzzFeed Inc. Class A Common Stock,Consumer Discretionary,Telecommunications Equipment
BZFDW,BuzzFeed Inc. Warrant,Consumer Discretionary,Telecommunications Equipment
BZH,Beazer Homes USA Inc. Common Stock,Consumer Discretionary,Homebuilding
C,Citigroup Inc. Common Stock,Finance,Major Banks
C^N,Citigroup Capital XIII 7.875% Fixed rate Floating Rate trust Preferred Securities (TruPS),,
C^R,Citigroup Inc. Depositary Shares Each Representing a 1/1000th Interest in a Share of 6.250% Noncumulative Preferred Stock Series II,,
CABA,Cabaletta Bio Inc. Common Stock,Health Care,Biotechnology: Biological Products (No Diagnostic Substances)
CABO,Cable One Inc. Common Stock,Telecommunications,Cable & Other Pay Television Services
CABR,Caring Brands Inc. Common Stock,Consumer Discretionary,Package Goods/Cosmetics
CAC,Camden National Corporation Common Stock,Finance,Major Banks
CACC,Credit Acceptance Corporation Common Stock,Finance,Finance: Consumer Services
CACI,CACI International Inc. Class A Common Stock,Technology,EDP Services
CADL,Candel Therapeutics Inc. Common Stock,Health Care,Biotechnology: Biological Products (No Diagnostic Substances)
CAEP,Cantor Equity Partners III Inc. Class A Ordinary Shares,,
CAF,Morgan Stanley China A Share Fund Inc. Common Stock,Finance,Investment Managers
CAG,ConAgra Brands Inc. Common Stock,Consumer Staples,Packaged Foods
CAH,Cardinal Health Inc. Common Stock,Health Care,Other Pharmaceuticals
CAI,Caris Life Sciences Inc. Common Stock,Health Care,Medical Specialities
CAIIU,Collective Acquisition Corp. II Units,,
CAKE,Cheesecake Factory Incorporated (The) Common Stock,Consumer Discretionary,Restaurants
CAL,Caleres Inc. Common Stock,Consumer Discretionary,Shoe Manufacturing
CALC,CalciMedica Inc. Common Stock,Health Care,Biotechnology: Pharmaceutical Preparations
CALM,Cal-Maine Foods Inc. Common Stock,Consumer Staples,Farming/Seeds/Milling
CALX,Calix Inc Common Stock,Consumer Discretionary,Telecommunications Equipment
CALY,Callaway Golf Company Common Stock,Consumer Discretionary,Recreational Games/Products/Toys
CAMP,CAMP4 Therapeutics Corporation Common Stock,,
CAPL,CrossAmerica Partners LP Common Units representing limited partner interests,Energy,Oil Refining/Marketing
CAPN,Cayson Acquisition Corp Ordinary shares,,
CAPNR,Cayson Acquisition Corp Right,Finance,Blank Checks
CAPR,Capricor Therapeutics Inc. Common Stock,Health Care,Biotechnology: Pharmaceutical Preparations
CAPS,Capstone Holding Corp. Common Stock,Health Care,Biotechnology: Pharmaceutical Preparations
CAQ,Cambridge Acquisition Corp. Class A Ordinary Shares,,
CAQUU,Cambridge Acquisition Corp. Unit,,
CAQUW,Cambridge Acquisition Corp. Warrants,,
CAR,Avis Budget Group Inc. Common Stock,Consumer Discretionary,Rental/Leasing Companies
CARE,Carter Bankshares Inc. Common Stock,Finance,Major Banks
CARG,CarGurus Inc. Class A Common Stock ,Technology,EDP Services
CARL,Carlsmed Inc. Common Stock,Health Care,Medical/Dental Instruments
CARR,Carrier Global Corporation Common Stock ,Industrials,Industrial Machinery/Components
CARS,Cars.com Inc. Common Stock ,Technology,EDP Services
CART,Maplebear Inc. Common Stock,Real Estate,Real Estate
CASH,Pathward Financial Inc. Common Stock,Finance,Major Banks
CASS,Cass Information Systems Inc Common Stock,Real Estate,Real Estate
CAST,FreeCast Inc. Class A Common Stock,Technology,EDP Services
CASY,Casey's General Stores Inc. Common Stock,Consumer Discretionary,Retail-Auto Dealers and Gas Stations
CAT,Caterpillar Inc. Common Stock,Industrials,Construction/Ag Equipment/Trucks
CATO,Cato Corporation (The) Class A Common Stock,Consumer Discretionary,Clothing/Shoe/Accessory Stores
CATX,Perspective Therapeutics Inc. Common Stock,Health Care,Medical/Dental Instruments
CATY,Cathay General Bancorp Common Stock,Finance,Major Banks
CAVA,CAVA Group Inc. Common Stock,Consumer Discretionary,Restaurants
CBAN,Colony Bankcorp Inc. Common Stock,Finance,Major Banks
CBC,Central Bancompany Inc. Class A Common Stock,,
CBFV,CB Financial Services Inc. Common Stock,Finance,Major Banks
CBIO,Crescent Biopharma Inc. Common Stock,Health Care,Biotechnology: Pharmaceutical Preparations
CBK,Commercial Bancgroup Inc. Common Stock,Finance,Major Banks
CBL,CBL & Associates Properties Inc. Common Stock,Real Estate,Real Estate Investment Trusts
CBLL,CeriBell Inc. Common Stock,Health Care,Biotechnology: Electromedical & Electrotherapeutic Apparatus
CBNK,Capital Bancorp Inc. Common Stock,Finance,Major Banks
CBRE,CBRE Group Inc Common Stock Class A,Finance,Real Estate
CBRL,Cracker Barrel Old Country Store Inc Common Stock,Consumer Discretionary,Restaurants
CBSH,Commerce Bancshares Inc. Common Stock,Finance,Major Banks
CBT,Cabot Corporation Common Stock,Industrials,Major Chemicals
CBU,Community Financial System Inc. Common Stock,Finance,Major Banks
CBUS,Cibus Inc. Class A Common Stock,Industrials,Agricultural Chemicals
CBZ,CBIZ Inc. Common Stock,Real Estate,Real Estate
CC,Chemours Company (The) Common Stock,Industrials,Major Chemicals
CCAP,Crescent Capital BDC Inc. Common stock,Finance,Finance: Consumer Services
CCB,Coastal Financial Corporation Common Stock,Finance,Major Banks
CCBG,Capital City Bank Group Common Stock,Finance,Major Banks
CCC,CCC Intelligent Solutions Holdings Inc. Common Stock,Technology,Computer Software: Prepackaged Software
CCCC,C4 Therapeutics Inc. Common Stock,Health Care,Biotechnology: Biological Products (No Diagnostic Substances)
CCD,Calamos Dynamic Convertible & Income Fund Common Stock,Finance,Trusts Except Educational Religious and Charitable
CCEL,Cryo-Cell International Inc. Common Stock,Health Care,Misc Health and Biotechnology Services
CCI,Crown Castle Inc. Common Stock,Real Estate,Real Estate Investment Trusts
CCII,Cohen Circle Acquisition Corp. II Class A Ordinary Shares,,
CCIIU,Cohen Circle Acquisition Corp. II Unit,,
CCIIW,Cohen Circle Acquisition Corp. II Warrant,,
CCIX,Churchill Capital Corp IX Ordinary Shares,Technology,EDP Services
CCIXW,Churchill Capital Corp IX Warrant,Technology,EDP Services
CCK,Crown Holdings Inc.,Industrials,Containers/Packaging
CCL,Carnival Corporation Ltd. Common Shares,Consumer Discretionary,Marine Transportation
CCLD,CareCloud Inc. Common Stock,Technology,Computer Software: Prepackaged Software
CCLDO,CareCloud Inc. 8.75% Series B Cumulative Redeemable Perpetual Preferred Stock,Technology,Computer Software: Prepackaged Software
CCNE,CNB Financial Corporation Common Stock,Finance,Major Banks
CCNEP,CNB Financial Corporation Depositary Shares each representing a 1/40th ownership interest in a share of 7.125% Series A Fixed-Rate Non-Cumulative Perpetual Preferred Stock,Finance,Major Banks
CCO,Clear Channel Outdoor Holdings Inc. Common Stock,Consumer Discretionary,Advertising
CCOI,Cogent Communications Holdings Inc.,Consumer Discretionary,Telecommunications Equipment
CCRN,Cross Country Healthcare Inc. Common Stock $0.0001 Par Value,Consumer Discretionary,Professional Services
CCS,Century Communities Inc. Common Stock,Consumer Discretionary,Homebuilding
CCSI,Consensus Cloud Solutions Inc. Common Stock,Technology,Computer Software: Prepackaged Software
CCXI,Churchill Capital Corp XI Class A Ordinary Shares,,
CCXIU,Churchill Capital Corp XI Units,Finance,Blank Checks
CCXIW,Churchill Capital Corp XI Warrants,,
CCZ,Comcast Holdings ZONES,Telecommunications,Cable & Other Pay Television Services
CDE,Coeur Mining Inc. Common Stock,Basic Materials,Precious Metals
CDIO,Cardio Diagnostics Holdings Inc. Common stock,Health Care,Biotechnology: In Vitro & In Vivo Diagnostic Substances
CDIOW,Cardio Diagnostics Holdings Inc. Warrant,Health Care,Biotechnology: In Vitro & In Vivo Diagnostic Substances
CDLX,Cardlytics Inc. Common Stock,Technology,Computer Software: Programming Data Processing
CDNA,CareDx Inc. Common Stock,Health Care,Medical Specialities
CDNL,Cardinal Infrastructure Group Inc. Class A Common Stock,Industrials,Military/Government/Technical
CDNS,Cadence Design Systems Inc. Common Stock,Technology,Computer Software: Prepackaged Software
CDP,COPT Defense Properties Common Shares of Beneficial Interest,Real Estate,Real Estate Investment Trusts
CDR^B,Cedar Realty Trust Inc. 7.25% Series B Cumulative Redeemable Preferred Stock,,
CDR^C,Cedar Realty Trust Inc. 6.50% Series C Cumulative Redeemable Preferred Stock,,
CDRE,Cadre Holdings Inc. Common Stock,Health Care,Industrial Specialties
CDT,CDT Equity Inc. Common Stock,Health Care,Biotechnology: Pharmaceutical Preparations
CDTTW,CDT Equity Inc. Warrant,Health Care,Biotechnology: Pharmaceutical Preparations
CDW,CDW Corporation Common Stock,Technology,Retail: Computer Software & Peripheral Equipment
CDXS,Codexis Inc. Common Stock,Industrials,Major Chemicals
CDZI,CADIZ Inc. Common Stock,Utilities,Water Supply
CDZIP,Cadiz Inc. Depositary Shares,Utilities,Water Supply
CE,Celanese Corporation Common Stock,Industrials,Major Chemicals
CECO,CECO Environmental Corp. Common Stock,Industrials,Pollution Control Equipment
CEE,The Central and Eastern Europe Fund Inc. (The) Common Stock,Finance,Finance Companies
CEG,Constellation Energy Corporation Common Stock ,Utilities,Electric Utilities: Central
CELC,Celcuity Inc. Common Stock,Health Care,Medical Specialities
CELH,Celsius Holdings Inc. Common Stock,Consumer Staples,Beverages (Production/Distribution)
CELU,Celularity Inc. Class A Common Stock,Health Care,Biotechnology: Pharmaceutical Preparations
CELUW,Celularity Inc. Warrant,Health Care,Biotechnology: Pharmaceutical Preparations
CELZ,Creative Medical Technology Holdings Inc. Common Stock,Finance,Finance: Consumer Services
CENT,Central Garden & Pet Company Common Stock,Consumer Discretionary,Consumer Specialties
CENTA,Central Garden & Pet Company Class A Common Stock Nonvoting,Consumer Discretionary,Consumer Specialties
CENX,Century Aluminum Company Common Stock,Industrials,Aluminum
CEPF,Cantor Equity Partners IV Inc. Class A Ordinary Shares,Finance,Blank Checks
CEPO,Cantor Equity Partners I Inc. Class A Ordinary Shares,Finance,Blank Checks
CEPS,Cantor Equity Partners VI Inc. Class A Ordinary Shares,Finance,Blank Checks
CEPT,Cantor Equity Partners II Inc. Class A Ordinary Share,Finance,Blank Checks
CEPV,Cantor Equity Partners V Inc. Class A Ordinary Shares,,
CERS,Cerus Corporation Common Stock,Technology,EDP Services
CERT,Certara Inc. Common Stock,Technology,Computer Software: Prepackaged Software
CET,Central Securities Corporation Common Stock,Finance,Finance/Investors Services
CETX,Cemtrex Inc. Common Stock,Technology,Electrical Products
CETY,Clean Energy Technologies Inc. Common Stock,Consumer Discretionary,Metal Fabrications
CEV,Eaton Vance California Municipal Income Trust Shares of Beneficial Interest,Finance,Finance/Investors Services
CEVA,CEVA Inc. Common Stock,Technology,Computer Software: Programming Data Processing
CF,CF Industries Holdings Inc. Common Stock,Industrials,Agricultural Chemicals
CFBK,CF Bankshares Inc. Common Stock,Finance,Major Banks
CFFI,C&F Financial Corporation Common Stock,Finance,Major Banks
CFFN,Capitol Federal Financial Inc. Common Stock,Finance,Savings Institutions
CFG,Citizens Financial Group Inc. Common Stock,Finance,Major Banks
CFG^E,Citizens Financial Group Inc. Depositary Shares Each Representing 1/40th Interest in a Share of 5.000% Fixed-Rate Non-Cumulative Perpetual Preferred Stock Series E,,
CFG^H,Citizens Financial Group Inc. Depositary Shares Each Representing a 1/40th Interest in a Share of 7.375% Fixed-Rate Non-Cumulative Perpetual Preferred Stock Series H,,
CFG^I,Citizens Financial Group Inc. Depositary Shares Each Representing a 1/40th Interest in a Share of 6.500% Fixed-Rate Reset Non-Cumulative Perpetual Preferred Stock Series I,,
CFR,Cullen/Frost Bankers Inc. Common Stock,Finance,Major Banks
CFR^B,Cullen/Frost Bankers Inc. Depositary Shares each representing a 1/40th ownership interest in a share of 4.450% non-cumulative perpetual preferred stock Series B,,
CG,The Carlyle Group Inc. Common Stock,Finance,Investment Managers
CGABL,The Carlyle Group Inc. 4.625% Subordinated Notes due 2061,Finance,Investment Managers
CGBD,Carlyle Secured Lending Inc. Common Stock,Finance,Finance: Consumer Services
CGCT,Cartesian Growth Corporation III Class A Ordinary Shares,Finance,Blank Checks
CGCTU,Cartesian Growth Corporation III Unit,Finance,Blank Checks
CGCTW,Cartesian Growth Corporation III Warrant,Finance,Blank Checks
CGEM,Cullinan Therapeutics Inc. Common Stock,Health Care,Biotechnology: Biological Products (No Diagnostic Substances)
CGNX,Cognex Corporation Common Stock,Industrials,Industrial Machinery/Components
CGO,Calamos Global Total Return Fund Common Stock,Finance,Investment Managers
CGON,CG Oncology Inc. Common stock,Health Care,Biotechnology: Biological Products (No Diagnostic Substances)
CGTX,Cognition Therapeutics Inc. Common Stock,Health Care,Biotechnology: Biological Products (No Diagnostic Substances)
CHAR,Charlton Aria Acquisition Corporation Class A Ordinary Shares,,
CHARR,Charlton Aria Acquisition Corporation Rights,,
CHARU,Charlton Aria Acquisition Corporation Units,,
CHCI,Comstock Holding Companies Inc. Class A Common Stock,Finance,Real Estate
CHCO,City Holding Company Common Stock,Finance,Major Banks
CHCT,Community Healthcare Trust Incorporated Common Stock,Real Estate,Real Estate Investment Trusts
CHD,Church & Dwight Company Inc. Common Stock,Consumer Discretionary,Package Goods/Cosmetics
CHDN,Churchill Downs Incorporated Common Stock,Consumer Discretionary,Services-Misc. Amusement & Recreation
CHE,Chemed Corp,Health Care,Medical/Nursing Services
CHEF,The Chefs' Warehouse Inc. Common Stock,Consumer Discretionary,Food Distributors
CHGG,Chegg Inc. Common Stock,Real Estate,Other Consumer Services
CHH,Choice Hotels International Inc. Common Stock,Consumer Discretionary,Hotels/Resorts
CHI,Calamos Convertible Opportunities and Income Fund Common Stock,Finance,Investment Managers
CHMG,Chemung Financial Corp Common Stock,Finance,Major Banks
CHPT,ChargePoint Holdings Inc. Common Stock,Consumer Discretionary,Industrial Specialties
CHRD,Chord Energy Corporation Common Stock,Energy,Oil & Gas Production
CHRN,ChronoScale Corporation Common Stock,Industrials,Industrial Machinery/Components
CHRS,Coherus Oncology Inc. Common Stock,Health Care,Biotechnology: Biological Products (No Diagnostic Substances)
CHRW,C.H. Robinson Worldwide Inc. Common Stock,Industrials,Integrated Freight & Logistics
CHSCL,CHS Inc Class B Cumulative Redeemable Preferred Stock Series 4,Industrials,Farming/Seeds/Milling
CHSCM,CHS Inc Class B Reset Rate Cumulative Redeemable Preferred Stock Series 3,Industrials,Farming/Seeds/Milling
CHSCN,CHS Inc Preferred Class B Series 2 Reset Rate,Industrials,Farming/Seeds/Milling
CHSCO,CHS Inc. Class B Cumulative Redeemable Preferred Stock,Industrials,Farming/Seeds/Milling
CHSCP,CHS Inc. 8%  Cumulative Redeemable Preferred Stock,Industrials,Farming/Seeds/Milling
CHTR,Charter Communications Inc. Class A Common Stock New,Telecommunications,Cable & Other Pay Television Services
CHW,Calamos Global Dynamic Income Fund Common Stock,Finance,Investment Managers
CHWY,Chewy Inc. Class A Common Stock,Consumer Discretionary,Catalog/Specialty Distribution
CHY,Calamos Convertible and High Income Fund Common Stock,Finance,Investment Managers
CHYM,Chime Financial Inc. Class A Common Stock,Finance,Finance: Consumer Services
CI,The Cigna Group Common Stock,Health Care,Medical Specialities
CIA,Citizens Inc. Class A Common Stock ($1.00 Par),Finance,Life Insurance
CICB,CION Investment Corporation 7.50% Notes due 2029,Finance,Finance/Investors Services
CICC,CION Investment Corporation 7.50% Notes due 2031,Finance,Finance/Investors Services
CIEN,Ciena Corporation Common Stock,Utilities,Telecommunications Equipment
CIF,MFS Intermediate High Income Fund Common Stock,Finance,Trusts Except Educational Religious and Charitable
CIFR,Cipher Digital Inc. Common Stock,Finance,Finance: Consumer Services
CII,BlackRock Enhanced Large Cap Core Fund Inc. Common Stock,Finance,Investment Bankers/Brokers/Service
CIK,Credit Suisse Asset Management Income Fund Inc. Common Stock,Finance,Finance/Investors Services
CIM,Chimera Investment Corporation Common Stock,Real Estate,Real Estate Investment Trusts
CIM^A,Chimera Investment Corporation 8.00% Series A Cumulative Redeemable Preferred Stock,,
CIM^B,Chimera Investment Corporation 8.00% Series B Fixed-to-Floating Rate Cumulative Redeemable Preferred Stock,,
CIM^C,Chimera Investment Corporation 7.75% Series C Fixed-to-Floating Rate  Cumulative Redeemable  Preferred Stock,,
CIM^D,Chimera Investment Corporation 8.00% Series D Fixed-to-Floating Rate Cumulative Redeemable Preferred Stock,,
CIMN,Chimera Investment Corporation 9.000% Senior Notes due 2029,Real Estate,Real Estate Investment Trusts
CIMO,Chimera Investment Corporation 9.250% Senior Notes due 2029,Real Estate,Real Estate Investment Trusts
CIMP,Chimera Investment Corporation 8.875% Senior Notes due 2030,Real Estate,Real Estate Investment Trusts
CINF,Cincinnati Financial Corporation Common Stock,Finance,Property-Casualty Insurers
CING,Cingulate Inc. Common Stock,Health Care,Biotechnology: Pharmaceutical Preparations
CINGW,Cingulate Inc. Warrants,Health Care,Biotechnology: Pharmaceutical Preparations
CION,CION Investment Corporation Common Stock,Finance,Finance/Investors Services
CISO,CISO Global Inc. Common Stock,Consumer Discretionary,Professional Services
CIVB,Civista Bancshares Inc. Common Stock,Finance,Major Banks
CIX,CompX International Inc. Common Stock,Consumer Discretionary,Industrial Machinery/Components
CJMB,Callan JMB Inc. Common Stock,Real Estate,Real Estate
CKX,CKX Lands Inc. Common Stock,Energy,Oil & Gas Production
CL,Colgate-Palmolive Company Common Stock,Consumer Discretionary,Package Goods/Cosmetics
CLAR,Clarus Corporation Common Stock,Consumer Discretionary,Recreational Games/Products/Toys
CLBK,Columbia Financial Inc. Common Stock,Finance,Savings Institutions
CLDT,Chatham Lodging Trust (REIT) Common Shares of Beneficial Interest,Real Estate,Real Estate Investment Trusts
CLDT^A,Chatham Lodging Trust (REIT) 6.625% Series A Cumulative Redeemable Preferred Shares of Beneficial Interest,,
CLDX,Celldex Therapeutics Inc.,Health Care,Biotechnology: In Vitro & In Vivo Diagnostic Substances
CLF,Cleveland-Cliffs Inc. Common Stock,Basic Materials,Metal Mining
CLFD,Clearfield Inc. Common Stock,Utilities,Telecommunications Equipment
CLH,Clean Harbors Inc. Common Stock,Industrials,Environmental Services
CLIR,ClearSign Technologies Corporation Common Stock (DE),Industrials,Industrial Machinery/Components
CLM,Cornerstone Strategic Investment Fund Inc. Common Shares,Finance,Finance/Investors Services
CLMB,Climb Global Solutions Inc. Common Stock,Technology,Retail: Computer Software & Peripheral Equipment
CLMT,Calumet Inc. Common Stock,Energy,Integrated oil Companies
CLNE,Clean Energy Fuels Corp. Common Stock,Utilities,Natural Gas Distribution
CLNN,Clene Inc. Common Stock,Health Care,Biotechnology: Pharmaceutical Preparations
CLOV,Clover Health Investments Corp. Class A Common Stock,Health Care,Medical Specialities
CLPR,Clipper Realty Inc. Common Stock,Real Estate,Real Estate Investment Trusts
CLPT,ClearPoint Neuro Inc. Common Stock,Health Care,Medical/Dental Instruments
CLRB,Cellectar Biosciences Inc.  Common Stock,Health Care,Biotechnology: Pharmaceutical Preparations
CLRO,ClearOne Inc. Common Stock,Utilities,Telecommunications Equipment
CLSK,CleanSpark Inc. Common Stock,Finance,Finance: Consumer Services
CLSKW,CleanSpark Inc. Warrant,Finance,Finance: Consumer Services
CLST,Catalyst Bancorp Inc. Common Stock,Finance,Savings Institutions
CLW,Clearwater Paper Corporation Common Stock,Basic Materials,Paper
CLX,Clorox Company (The) Common Stock,Consumer Discretionary,Specialty Chemicals
CLYM,Climb Bio Inc. Common Stock,Health Care,Biotechnology: Pharmaceutical Preparations
CMC,Commercial Metals Company Common Stock,Industrials,Steel/Iron Ore
CMCO,Columbus McKinnon Corporation Common Stock,Industrials,Construction/Ag Equipment/Trucks
CMCSA,Comcast Corporation Class A Common Stock,Telecommunications,Cable & Other Pay Television Services
CMCT,Creative Media & Community Trust Corporation Common stock,Real Estate,Real Estate Investment Trusts
CME,CME Group Inc. Class A Common Stock,Finance,Investment Bankers/Brokers/Service
CMG,Chipotle Mexican Grill Inc. Common Stock,Consumer Discretionary,Restaurants
CMI,Cummins Inc. Common Stock,Industrials,Industrial Machinery/Components
CMII,Columbus Circle Capital Corp II Class A Ordinary Shares,Finance,Blank Checks
CMP,Compass Minerals Intl Inc Common Stock,Industrials,Mining & Quarrying of Nonmetallic Minerals (No Fuels)
CMPX,Compass Therapeutics Inc. Common Stock,Health Care,Biotechnology: Biological Products (No Diagnostic Substances)
CMRC,Commerce.com Inc. Series 1 Common Stock,Technology,Computer Software: Prepackaged Software
CMS,CMS Energy Corporation Common Stock,Utilities,Power Generation
CMS^B,CMS Energy Corporation Preferred Stock,,
CMS^C,CMS Energy Corporation Depositary Shares each representing a 1/1000th interest in a share of 4.200% Cumulative Redeemable Perpetual Preferred Stock Series C,,
CMSA,CMS Energy Corporation 5.625% Junior Subordinated Notes due 2078,Utilities,Power Generation
CMSC,CMS Energy Corporation 5.875% Junior Subordinated Notes due 2078,Utilities,Power Generation
CMSD,CMS Energy Corporation 5.875% Junior Subordinated Notes due 2079,Utilities,Power Generation
CMT,Core Molding Technologies Inc Common Stock,Industrials,Plastic Products
CMTG,Claros Mortgage Trust Inc. Common Stock,Finance,Real Estate
CMTL,Comtech Telecommunications Corp. Common Stock,Technology,Radio And Television Broadcasting And Communications Equipment
CMTV,Community Bancorp. Common Stock,Finance,Major Banks
CMU,MFS Municipal Income Trust Common Stock,Finance,Investment Managers
CNA,CNA Financial Corporation Common Stock,Finance,Property-Casualty Insurers
CNC,Centene Corporation Common Stock,Health Care,Medical Specialities
CNDT,Conduent Incorporated Common Stock ,Real Estate,Real Estate
CNK,Cinemark Holdings Inc Cinemark Holdings Inc. Common Stock,Consumer Discretionary,Movies/Entertainment
CNM,Core & Main Inc. Class A Common Stock,Consumer Discretionary,Durable Goods
CNMD,CONMED Corporation Common Stock,Health Care,Biotechnology: Electromedical & Electrotherapeutic Apparatus
CNNE,Cannae Holdings Inc. Common Stock,Consumer Discretionary,Restaurants
CNO,CNO Financial Group Inc. Common Stock,Finance,Accident &Health Insurance
CNO^A,CNO Financial Group Inc. 5.125% Subordinated Debentures due 2060,,
CNOB,ConnectOne Bancorp Inc. Common Stock,Finance,Major Banks
CNOBP,ConnectOne Bancorp Inc. Depositary Shares each representing a 1/40th interest in a share of 5.25% Fixed-Rate Reset Non-Cumulative Perpetual Preferred Stock Series A,Finance,Major Banks
CNP,CenterPoint Energy Inc (Holding Co) Common Stock,Utilities,Electric Utilities: Central
CNR,Core Natural Resources Inc. Common Stock,Energy,Coal Mining
CNS,Cohen & Steers Inc Common Stock,Finance,Investment Managers
CNSP,CNS Pharmaceuticals Inc. Common Stock,Health Care,Biotechnology: Pharmaceutical Preparations
CNTN,Canton Strategic Holdings Inc. Common Stock,Health Care,Biotechnology: Pharmaceutical Preparations
CNTX,Context Therapeutics Inc. Common Stock,Health Care,Biotechnology: Pharmaceutical Preparations
CNTY,Century Casinos Inc. Common Stock,Consumer Discretionary,Hotels/Resorts
CNVS,Cineverse Corp. Class A Common Stock,Consumer Discretionary,Consumer Electronics/Video Chains
CNX,CNX Resources Corporation Common Stock,Energy,Oil & Gas Production
CNXC,Concentrix Corporation Common Stock,Technology,Computer Software: Prepackaged Software
CNXN,PC Connection Inc. Common Stock,Consumer Discretionary,Catalog/Specialty Distribution
COAG,Hemab Therapeutics Holdings Inc. Common Stock,Health Care,Biotechnology: Biological Products (No Diagnostic Substances)
COCH,Envoy Medical Inc. Class A Common Stock,Health Care,Industrial Specialties
COCHW,Envoy Medical Inc Warrant,Health Care,Industrial Specialties
COCO,The Vita Coco Company Inc. Common Stock,Consumer Staples,Beverages (Production/Distribution)
COCP,Cocrystal Pharma Inc. Common Stock,Health Care,Biotechnology: Pharmaceutical Preparations
CODA,Coda Octopus Group Inc. Common stock,Industrials,Industrial Machinery/Components
CODI,D/B/A Compass Diversified Holdings Shares of Beneficial Interest,Consumer Discretionary,Home Furnishings
CODI^A,Compass Diversified Holdings 7.250% Series A Preferred Shares representing beneficial interest in Compass Diversified Holdings,,
CODI^B,Compass Diversified Holdings 7.875% Series B Fixed-to-Floating Rate Cumulative Preferred Shares representing beneficial interests in Compass Diversified Holdings,,
CODI^C,Compass Diversified Holdings 7.875% Series C Cumulative Preferred Shares,,
CODX,Co-Diagnostics Inc. Common Stock,Health Care,Medical/Dental Instruments
COF,Capital One Financial Corporation Common Stock,Finance,Major Banks
COF^I,Capital One Financial Corporation Depositary shares each representing a 1/40th interest in a share of Fixed Rate Non-Cumulative Perpetual Preferred Stock Series I of the Issuer,,
COF^J,Capital One Financial Corporation Depositary Shares Each Representing a 1/40th Interest in a Share of Fixed Rate Non- Cumulative Perpetual Preferred Stock Series J,,
COF^K,Capital One Financial Corporation Depositary Shares Each Representing a 1/40th Ownership Interest in a Share of Fixed Rate Non-Cumulative Perpetual Preferred Stock Series K,,
COF^L,Capital One Financial Corporation Depositary Shares Each Representing a 1/40th Interest in a Share of Fixed Rate Non-Cumulative Perpetual Preferred Stock Series L,,
COF^N,Capital One Financial Corporation Depositary Shares Each Representing a 1/40th Ownership Interest in a Share of Fixed Rate Non-Cumulative Perpetual Preferred Stock Series N,,
COFS,ChoiceOne Financial Services Inc. Common Stock,Finance,Major Banks
COGT,Cogent Biosciences Inc. Common Stock,Health Care,Biotechnology: Pharmaceutical Preparations
COHN,Cohen & Company Inc.,Finance,Investment Bankers/Brokers/Service
COHR,Coherent Corp. Common Stock,Technology,Electronic Components
COHU,Cohu Inc. Common Stock,Industrials,Electrical Products
COIN,Coinbase Global Inc. Class A Common Stock,Finance,Finance: Consumer Services
COKE,Coca-Cola Consolidated Inc. Common Stock,Consumer Staples,Beverages (Production/Distribution)
COLB,Columbia Banking System Inc. Common Stock,Finance,Major Banks
COLD,Americold Realty Trust Inc. Common Stock,Real Estate,Real Estate Investment Trusts
COLL,Collegium Pharmaceutical Inc. Common Stock,Health Care,Biotechnology: Pharmaceutical Preparations
COLM,Columbia Sportswear Company Common Stock,Consumer Discretionary,Apparel
COMP,Compass Inc. Class A Common Stock,Technology,EDP Services
CON,Concentra Group Holdings Parent Inc. Common Stock,Health Care,Medical Specialities
COO,The Cooper Companies Inc. Common Stock,Health Care,Ophthalmic Goods
COOK,Traeger Inc. Common Stock,Consumer Discretionary,Consumer Electronics/Appliances
COP,ConocoPhillips Common Stock,Energy,Integrated oil Companies
COR,Cencora Inc. Common Stock,Health Care,Other Pharmaceuticals
CORT,Corcept Therapeutics Incorporated Common Stock,Health Care,Biotechnology: Pharmaceutical Preparations
CORZ,Core Scientific Inc. Common Stock,Finance,Finance: Consumer Services
CORZW,Core Scientific Inc. Tranche 1 Warrants,Finance,Finance: Consumer Services
CORZZ,Core Scientific Inc. Tranche 2 Warrants,Finance,Finance: Consumer Services
COSM,Cosmos Health Inc. Common Stock,Health Care,Other Pharmaceuticals
COSO,CoastalSouth Bancshares Inc. Common Stock,Finance,Major Banks
COST,Costco Wholesale Corporation Common Stock,Consumer Discretionary,Department/Specialty Retail Stores
COTY,Coty Inc. Class A Common Stock,Consumer Discretionary,Package Goods/Cosmetics
COUR,Coursera Inc. Common Stock,Technology,Computer Software: Prepackaged Software
COYA,Coya Therapeutics Inc. Common Stock,Health Care,Biotechnology: Pharmaceutical Preparations
CPAY,Corpay Inc. Common Stock,Real Estate,Real Estate
CPB,The Campbell's Company Common Stock,Consumer Staples,Packaged Foods
CPBI,Central Plains Bancshares Inc. Common Stock,Finance,Savings Institutions
CPF,Central Pacific Financial Corp New,Finance,Major Banks
CPHC,Canterbury Park Holding Corporation 'New' Common Stock,Consumer Discretionary,Services-Misc. Amusement & Recreation
CPIX,Cumberland Pharmaceuticals Inc. Common Stock,Health Care,Biotechnology: Pharmaceutical Preparations
CPK,Chesapeake Utilities Corporation Common Stock,Utilities,Oil & Gas Production
CPNG,Coupang Inc. Class A Common Stock,Consumer Discretionary,Catalog/Specialty Distribution
CPRT,Copart Inc. (DE) Common Stock,Consumer Discretionary,Retail-Auto Dealers and Gas Stations
CPRX,Catalyst Pharmaceuticals Inc. Common Stock,Health Care,Biotechnology: Pharmaceutical Preparations
CPS,Cooper-Standard Holdings Inc. Common Stock,Consumer Discretionary,Auto Parts:O.E.M.
CPSH,CPS Technologies Corp. Common Stock,Consumer Discretionary,Building Materials
CPSS,Consumer Portfolio Services Inc. Common Stock,Finance,Finance: Consumer Services
CPT,Camden Property Trust Common Stock,Real Estate,Real Estate Investment Trusts
CPZ,Calamos Long/Short Equity & Dynamic Income Trust Common Stock,Finance,Trusts Except Educational Religious and Charitable
CQP,Cheniere Energy Partners LP Common Units,Utilities,Oil/Gas Transmission
CR,Crane Company Common Stock,Industrials,Metal Fabrications
CRAI,CRA International Inc. Common Stock,Consumer Discretionary,Other Consumer Services
CRAN,Crane Harbor Acquisition Corp. II Class A Ordinary Shares,Finance,Blank Checks
CRANR,Crane Harbor Acquisition Corp. II Rights,Finance,Blank Checks
CRANU,Crane Harbor Acquisition Corp. II Units,,
CRAQ,Cal Redwood Acquisition Corp. Class A Ordinary Shares,Finance,Blank Checks
CRAQR,Cal Redwood Acquisition Corp. Right,Finance,Blank Checks
CRBD,Corebridge Financial Inc. 6.375% Junior Subordinated Notes due 2064,Finance,Life Insurance
CRBG,Corebridge Financial Inc. Common Stock,Finance,Life Insurance
CRBP,Corbus Pharmaceuticals Holdings Inc. Common Stock,Health Care,Biotechnology: Pharmaceutical Preparations
CRBU,Caribou Biosciences Inc. Common Stock,Health Care,Biotechnology: Biological Products (No Diagnostic Substances)
CRC,California Resources Corporation Common Stock,Energy,Oil & Gas Production
CRCL,Circle Internet Group Inc. Class A Common Stock,Finance,Finance: Consumer Services
CRCT,Cricut Inc. Class A Common Stock,Technology,Industrial Machinery/Components
CRD/A,Crawford & Company,,
CRD/B,Crawford & Company,,
CRDF,Cardiff Oncology Inc. Common Stock,Health Care,Biotechnology: Biological Products (No Diagnostic Substances)
CRDO,Credo Technology Group Holding Ltd Ordinary Shares,Technology,Semiconductors
CREX,Creative Realities Inc. Common Stock,Technology,EDP Services
CRF,Cornerstone Total Return Fund Inc. (The) Common Stock,Finance,Finance/Investors Services
CRGY,Crescent Energy Company Class A Common Stock,Energy,Oil & Gas Production
CRI,Carter's Inc. Common Stock,Consumer Discretionary,Apparel
CRIS,Curis Inc. Common Stock,Health Care,Biotechnology: Biological Products (No Diagnostic Substances)
CRK,Comstock Resources Inc. Common Stock,Energy,Oil & Gas Production
CRL,Charles River Laboratories International Inc. Common Stock,Health Care,Biotechnology: Commercial Physical & Biological Resarch
CRM,Salesforce Inc. Common Stock,Technology,Computer Software: Prepackaged Software
CRMD,CorMedix Inc. Common Stock,Health Care,Biotechnology: Pharmaceutical Preparations
CRMT,America's Car-Mart Inc Common Stock,Consumer Discretionary,Retail-Auto Dealers and Gas Stations
CRNC,Cerence Inc. Common Stock,Technology,Computer Software: Prepackaged Software
CRNX,Crinetics Pharmaceuticals Inc. Common Stock,Health Care,Biotechnology: Pharmaceutical Preparations
CROX,Crocs Inc. Common Stock,Consumer Discretionary,Shoe Manufacturing
CRS,Carpenter Technology Corporation Common Stock,Industrials,Steel/Iron Ore
CRSR,Corsair Gaming Inc. Common Stock,Technology,Computer peripheral equipment
CRT,Cross Timbers Royalty Trust Common Stock,Energy,Oil & Gas Production
CRUS,Cirrus Logic Inc. Common Stock,Technology,Semiconductors
CRVL,CorVel Corp. Common Stock,Finance,Specialty Insurers
CRVO,CervoMed Inc. Common Stock,Health Care,Biotechnology: Pharmaceutical Preparations
CRVS,Corvus Pharmaceuticals Inc. Common Stock,Health Care,Biotechnology: Pharmaceutical Preparations
CRWD,CrowdStrike Holdings Inc. Class A Common Stock,Technology,Computer Software: Prepackaged Software
CRWS,Crown Crafts Inc Common Stock,Consumer Discretionary,Textiles
CRWV,CoreWeave Inc. Class A Common Stock,Technology,Computer Software: Prepackaged Software
CSAI,Cloudastructure Inc. Class A Common Stock,Technology,Computer Software: Programming Data Processing
CSBR,Champions Oncology Inc. Common Stock,Health Care,Biotechnology: Biological Products (No Diagnostic Substances)
CSCO,Cisco Systems Inc. Common Stock (DE),Telecommunications,Computer Communications Equipment
CSGP,CoStar Group Inc. Common Stock,Real Estate,Real Estate
CSGS,CSG Systems International Inc. Common Stock,Technology,EDP Services
CSL,Carlisle Companies Incorporated Common Stock,Industrials,Specialty Chemicals
CSPI,CSP Inc. Common Stock,Technology,EDP Services
CSQ,Calamos Strategic Total Return Common Stock,Finance,Finance Companies
CSR,D/B/A Centerspace Common Stock,Real Estate,Real Estate Investment Trusts
CSTL,Castle Biosciences Inc. Common Stock,Health Care,Medical Specialities
CSV,Carriage Services Inc. Common Stock,Consumer Discretionary,Other Consumer Services
CSW,CSW Industrials Inc. Common Stock,Industrials,Home Furnishings
CSWC,Capital Southwest Corporation Common Stock,Consumer Discretionary,Textiles
CSX,CSX Corporation Common Stock,Industrials,Railroads
CTA^A,EIDP Inc. Preferred Stock $3.50 Series,,
CTA^B,EIDP Inc. Preferred Stock $4.50 Series,,
CTAA,ClearThink 1 Acquisition Corp. Class A Ordinary Shares,Finance,Blank Checks
CTAAR,ClearThink 1 Acquisition Corp. Rights,,
CTAAU,ClearThink 1 Acquisition Corp. Units,Finance,Blank Checks
CTAS,Cintas Corporation Common Stock,Industrials,Garments and Clothing
CTBI,Community Trust Bancorp Inc. Common Stock,Finance,Major Banks
CTEV,Claritev Corporation Class A Common Stock,Real Estate,Real Estate
CTGO,Contango Silver & Gold Inc. Common Stock,Basic Materials,Precious Metals
CTKB,Cytek Biosciences Inc. Common Stock,Industrials,Biotechnology: Laboratory Analytical Instruments
CTMX,CytomX Therapeutics Inc. Common Stock,Health Care,Biotechnology: Pharmaceutical Preparations
CTNM,Contineum Therapeutics Inc. Class A Common Stock,Health Care,Biotechnology: Pharmaceutical Preparations
CTNT,Cheetah Net Supply Chain Service Inc Class A Common Stock,Consumer Discretionary,Motor Vehicles
CTO,CTO Realty Growth Inc. Common Stock,Real Estate,Real Estate Investment Trusts
CTO^A,CTO Realty Growth Inc. 6.375% Series A Cumulative Redeemable Preferred Stock,,
CTOR,Citius Oncology Inc. Common Stock,Health Care,Biotechnology: Pharmaceutical Preparations
CTRE,CareTrust REIT Inc. Common Stock,Real Estate,Real Estate Investment Trusts
CTRI,Centuri Holdings Inc. Common Stock,Utilities,Oil & Gas Production
CTRN,Citi Trends Inc. Common Stock,Consumer Discretionary,Clothing/Shoe/Accessory Stores
CTS,CTS Corporation Common Stock,Technology,Electrical Products
CTSH,Cognizant Technology Solutions Corporation Class A Common Stock,Technology,EDP Services
CTSO,Cytosorbents Corporation Common Stock,Health Care,Medical/Dental Instruments
CTVA,Corteva Inc. Common Stock ,Consumer Staples,Farming/Seeds/Milling
CTXR,Citius Pharmaceuticals Inc. Common Stock,Health Care,Biotechnology: Pharmaceutical Preparations
CUB,Lionheart Holdings Class A Ordinary Shares,Industrials,Industrial Machinery/Components
CUBB,Customers Bancorp Inc 5.375% Subordinated Notes Due 2034,Finance,Major Banks
CUBE,CubeSmart Common Shares,Real Estate,Real Estate Investment Trusts
CUBI,Customers Bancorp Inc Common Stock,Finance,Major Banks
CUBWW,Lionheart Holdings Warrant,,
CUE,Cue Biopharma Inc. Common Stock,Health Care,Biotechnology: Pharmaceutical Preparations
CULP,Culp Inc. Common Stock,Consumer Discretionary,Textiles
CURB,Curbline Properties Corp. Common Stock,Finance,Real Estate
CURI,CuriosityStream Inc. Class A Common Stock,Consumer Discretionary,Movies/Entertainment
CURV,Torrid Holdings Inc. Common Stock,Consumer Discretionary,Clothing/Shoe/Accessory Stores
CURX,Curanex Pharmaceuticals Inc Common Stock,Health Care,Biotechnology: Pharmaceutical Preparations
CUZ,Cousins Properties Incorporated Common Stock,Real Estate,Real Estate Investment Trusts
CV,CapsoVision Inc. Common Stock,Health Care,Biotechnology: Electromedical & Electrotherapeutic Apparatus
CVBF,CVB Financial Corporation Common Stock,Finance,Major Banks
CVCO,Cavco Industries Inc. Common Stock When Issued,Consumer Discretionary,Homebuilding
CVGI,Commercial Vehicle Group Inc. Common Stock,Consumer Discretionary,Auto Parts:O.E.M.
CVGW,Calavo Growers Inc. Common Stock,Consumer Discretionary,Specialty Foods
CVI,CVR Energy Inc. Common Stock,Energy,Integrated oil Companies
CVKD,Cadrenal Therapeutics Inc. Common Stock,Health Care,Biotechnology: Pharmaceutical Preparations
CVLG,Covenant Logistics Group Inc. Class A Common Stock,Industrials,Trucking Freight/Courier Services
CVLT,Commvault Systems Inc. Common Stock,Technology,Computer Software: Prepackaged Software
CVM,Cel-Sci Corporation Common Stock,Health Care,Biotechnology: Biological Products (No Diagnostic Substances)
CVNA,Carvana Co. Class A Common Stock,Consumer Discretionary,Retail-Auto Dealers and Gas Stations
CVR,Chicago Rivet & Machine Co. Common Stock,Industrials,Industrial Machinery/Components
CVRX,CVRx Inc. Common Stock,Health Care,Medical/Dental Instruments
CVS,CVS Health Corporation Common Stock,Consumer Staples,Retail-Drug Stores and Proprietary Stores
CVSA,Covista Inc. Common Shares,Real Estate,Other Consumer Services
CVU,CPI Aerostructures Inc. Common Stock,Industrials,Military/Government/Technical
CVV,CVD Equipment Corporation Common Stock,Technology,Industrial Machinery/Components
CVX,Chevron Corporation Common Stock,Energy,Integrated oil Companies
CW,Curtiss-Wright Corporation Common Stock,Technology,Industrial Machinery/Components
CWAN,Clearwater Analytics Holdings Inc. Class A Common Stock,Technology,Computer Software: Prepackaged Software
CWBC,Community West Bancshares Common Stock,Finance,Major Banks
CWD,CaliberCos Inc. Class A Common Stock,Finance,Real Estate
CWEN,Clearway Energy Inc. Class C Common Stock,Utilities,Electric Utilities: Central
CWH,Camping World Holdings Inc. Class A Common Stock,Consumer Discretionary,Retail-Auto Dealers and Gas Stations
CWK,Cushman & Wakefield Ltd. Common Shares,Finance,Real Estate
CWST,Casella Waste Systems Inc. Class A Common Stock,Utilities,Environmental Services
CWT,California Water Service Group Common Stock,Utilities,Water Supply
CXAI,CXApp Inc. Class A Common Stock,Technology,EDP Services
CXAIW,CXApp Inc. Warrant,Technology,EDP Services
CXDO,Crexendo Inc. Common Stock,Telecommunications,Telecommunications Equipment
CXE,MFS High Income Municipal Trust Common Stock,Finance,Investment Managers
CXH,MFS Investment Grade Municipal Trust Common Stock,Finance,Investment Managers
CXIIU,Churchill Capital Corp XII Units,Finance,Blank Checks
CXM,Sprinklr Inc. Class A Common Stock,Technology,Computer Software: Prepackaged Software
CXT,Crane NXT Co. Common Stock,Industrials,Metal Fabrications
CXW,CoreCivic Inc. Common Stock,Real Estate,Real Estate Investment Trusts
CYCN,Cyclerion Therapeutics Inc. Common Stock,Health Care,Biotechnology: Pharmaceutical Preparations
CYCU,Cycurion Inc. Common Stock,Technology,EDP Services
CYCUW,Cycurion Inc. Warrant,Technology,EDP Services
CYH,Community Health Systems Inc. Common Stock,Health Care,Hospital/Nursing Management
CYN,Cyngn Inc. Common Stock,Technology,EDP Services
CYPH,Cypherpunk Technologies Inc. Common Stock,Health Care,Biotechnology: Pharmaceutical Preparations
CYRX,CryoPort Inc. Common Stock,Health Care,Biotechnology: Pharmaceutical Preparations
CYTK,Cytokinetics Incorporated Common Stock,Health Care,Biotechnology: Pharmaceutical Preparations
CZFS,Citizens Financial Services Inc. Common Stock,Finance,Major Banks
CZNC,Citizens & Northern Corp Common Stock,Finance,Major Banks
CZR,Caesars Entertainment Inc. Common Stock,Consumer Discretionary,Hotels/Resorts
CZWI,Citizens Community Bancorp Inc. Common Stock,Finance,Savings Institutions
D,Dominion Energy Inc. Common Stock,Utilities,Electric Utilities: Central
DAAQ,Digital Asset Acquisition Corp. Class A Ordinary shares,Finance,Blank Checks
DAAQU,Digital Asset Acquisition Corp. Units,Finance,Blank Checks
DAAQW,Digital Asset Acquisition Corp. Warrant,Finance,Blank Checks
DAIC,CID HoldCo Inc. Common Stock,Technology,EDP Services
DAICW,CID HoldCo Inc. Warrants,Technology,EDP Services
DAIO,Data I/O Corporation Common Stock,Industrials,Electrical Products
DAKT,Daktronics Inc. Common Stock,Consumer Discretionary,Miscellaneous manufacturing industries
DAL,Delta Air Lines Inc. Common Stock,Consumer Discretionary,Air Freight/Delivery Services
DAN,Dana Incorporated Common Stock ,Consumer Discretionary,Auto Parts:O.E.M.
DAR,Darling Ingredients Inc. Common Stock,Consumer Staples,Packaged Foods
DARE,Dare Bioscience Inc. Common Stock,Health Care,Biotechnology: Pharmaceutical Preparations
DASH,DoorDash Inc. Class A Common Stock,Technology,EDP Services
DAVE,Dave Inc. Class A Common Stock,Finance,Finance: Consumer Services
DAVEW,Dave Inc. Warrants,Finance,Finance: Consumer Services
DBCA,D. Boral Acquisition I Corp. Class A Ordinary Shares,Finance,Blank Checks
DBCAU,D. Boral Acquisition I Corp. Unit,Finance,Blank Checks
DBCAW,D. Boral Acquisition I Corp. Warrants,Finance,Blank Checks
DBD,Diebold Nixdorf Incorporated Common stock,Miscellaneous,Office Equipment/Supplies/Services
DBGI,Digital Brands Group Inc. Common Stock,Consumer Discretionary,Clothing/Shoe/Accessory Stores
DBI,Designer Brands Inc. Class A Common Stock,Consumer Discretionary,Clothing/Shoe/Accessory Stores
DBL,DoubleLine Opportunistic Credit Fund Common Shares of Beneficial Interest,,
DBRG,DigitalBridge Group Inc.,Real Estate,Real Estate Investment Trusts
DBRG^H,DigitalBridge Group Inc. 7.125% Series H ,,
DBRG^I,DigitalBridge Group Inc. 7.15% Series I ,,
DBRG^J,DigitalBridge Group Inc. 7.125% Series J ,,
DBX,Dropbox Inc. Class A Common Stock,Technology,Computer Software: Prepackaged Software
DC,Dakota Gold Corp. Common Stock,Basic Materials,Metal Mining
DCBG,Dime Community Bancshares Inc. 9.000% Fixed-to-Floating Rate Subordinated Notes due 2034,Finance,Major Banks
DCGO,DocGo Inc. Common Stock,Health Care,Medical/Nursing Services
DCH,Dauch Corporation Common Stock,Consumer Discretionary,Auto Parts:O.E.M.
DCI,Donaldson Company Inc. Common Stock,Industrials,Pollution Control Equipment
DCO,Ducommun Incorporated Common Stock,Industrials,Military/Government/Technical
DCOM,Dime Community Bancshares Inc. Common Stock,Finance,Major Banks
DCOM^,Dime Community Bancshares Inc. Fixed-Rate Non-Cumulative Perpetual Preferred Stock Series A,,
DCOY,Decoy Therapeutics Inc. Common Stock,Health Care,Biotechnology: Pharmaceutical Preparations
DCTH,Delcath Systems Inc. Common Stock,Health Care,Medical/Dental Instruments
DD,DuPont de Nemours Inc. Common Stock,Industrials,Major Chemicals
DDD,3D Systems Corporation Common Stock,Technology,Computer Software: Prepackaged Software
DDOG,Datadog Inc. Class A Common Stock,Technology,Computer Software: Prepackaged Software
DDS,Dillard's Inc. Common Stock,Consumer Discretionary,Department/Specialty Retail Stores
DDT,Dillard's Capital Trust I,Consumer Discretionary,Department/Specialty Retail Stores
DE,Deere & Company Common Stock,Industrials,Industrial Machinery/Components
DEA,Easterly Government Properties Inc. Common Stock,Real Estate,Real Estate Investment Trusts
DEC,Diversified Energy Company Common Stock,,
DECK,Deckers Outdoor Corporation Common Stock,Consumer Discretionary,Shoe Manufacturing
DEI,Douglas Emmett Inc. Common Stock,Real Estate,Real Estate Investment Trusts
DELL,Dell Technologies Inc. Class C Common Stock ,Technology,Computer Manufacturing
DERM,Journey Medical Corporation Common Stock,Health Care,Biotechnology: Pharmaceutical Preparations
DETX,Liberty Defense Holdings Ltd. Common Shares,Telecommunications,Telecommunications Equipment
DFDV,DeFi Development Corp. Common Stock,Finance,Finance: Consumer Services
DFDVW,DeFi Development Corp. Warrant,,
DFH,Dream Finders Homes Inc. Class A Common Stock,Consumer Discretionary,Homebuilding
DFIN,Donnelley Financial Solutions Inc. Common Stock ,Consumer Discretionary,Other Consumer Services
DFLI,Dragonfly Energy Holdings Corp. Common Stock (NV),Miscellaneous,Industrial Machinery/Components
DFLIW,Dragonfly Energy Holdings Corp. Warrant,Miscellaneous,Industrial Machinery/Components
DFNS,T3 Defense Inc. Common Stock,Consumer Discretionary,Professional Services
DFNSW,T3 Defense Inc. Warrants,Consumer Discretionary,Professional Services
DFTX,Definium Therapeutics Inc. Common Shares,Health Care, Medicinal Chemicals and Botanical Products 
DG,Dollar General Corporation Common Stock,Consumer Discretionary,Department/Specialty Retail Stores
DGICA,Donegal Group Inc. Class A Common Stock,Finance,Property-Casualty Insurers
DGICB,Donegal Group Inc. Class B Common Stock,Finance,Property-Casualty Insurers
DGII,Digi International Inc. Common Stock,Telecommunications,Computer Communications Equipment
DGX,Quest Diagnostics Incorporated Common Stock,Health Care,Medical Specialities
DH,Definitive Healthcare Corp. Class A Common Stock,Technology,Computer Software: Prepackaged Software
DHC,Diversified Healthcare Trust Common Shares of Beneficial Interest,Real Estate,Real Estate Investment Trusts
DHCNI,Diversified Healthcare Trust 5.625% Senior Notes due 2042,Real Estate,Real Estate Investment Trusts
DHCNL,Diversified Healthcare Trust 6.25% Senior Notes Due 2046,Real Estate,Real Estate Investment Trusts
DHF,BNY Mellon High Yield Strategies Fund Common Stock,Finance,Finance Companies
DHI,D.R. Horton Inc. Common Stock,Consumer Discretionary,Homebuilding
DHR,Danaher Corporation Common Stock,Industrials,Industrial Machinery/Components
DHX,DHI Group Inc. Common Stock,Real Estate,Real Estate
DHY,Credit Suisse High Yield Credit Fund Common Stock,Finance,Finance/Investors Services
DIBS,1stdibs.com Inc. Common Stock,Consumer Discretionary,Catalog/Specialty Distribution
DIN,Dine Brands Global Inc. Common Stock,Consumer Discretionary,Restaurants
DINO,HF Sinclair Corporation Common Stock,Energy,Natural Gas Distribution
DIOD,Diodes Incorporated Common Stock,Technology,Semiconductors
DIS,Walt Disney Company (The) Common Stock,Consumer Discretionary,Services-Misc. Amusement & Recreation
DIT,AMCON Distributing Company Common Stock,Consumer Discretionary,Food Distributors
DJCO,Daily Journal Corp. (S.C.) Common Stock,Consumer Discretionary,Newspapers/Magazines
DJT,Trump Media & Technology Group Corp. Common Stock,Technology,Computer Software: Programming Data Processing
DJTWW,Trump Media & Technology Group Corp. Warrants,Technology,Computer Software: Programming Data Processing
DK,Delek US Holdings Inc. Common Stock,Energy,Integrated oil Companies
DKL,Delek Logistics Partners L.P. Common Units representing Limited Partner Interests,Energy,Natural Gas Distribution
DKNG,DraftKings Inc. Class A Common Stock,Consumer Discretionary,Services-Misc. Amusement & Recreation
DKS,Dick's Sporting Goods Inc Common Stock,Consumer Discretionary,Other Specialty Stores
DLB,Dolby Laboratories Common Stock,Miscellaneous,Multi-Sector Companies
DLHC,DLH Holdings Corp.,Consumer Discretionary,Professional Services
DLPN,Dolphin Entertainment Inc. Common Stock,Consumer Discretionary,Other Consumer Services
DLR,Digital Realty Trust Inc. Common Stock,Real Estate,Real Estate Investment Trusts
DLR^J,Digital Realty Trust Inc. 5.250% Series J Cumulative Redeemable Preferred Stock,,
DLR^K,Digital Realty Trust Inc. 5.850% Series K Cumulative Redeemable Preferred Stock par value $0.01 per share,,
DLR^L,Digital Realty Trust Inc. 5.200% Series L Cumulative Redeemable Preferred Stock,,
DLTH,Duluth Holdings Inc. Class B Common Stock,Consumer Discretionary,Clothing/Shoe/Accessory Stores
DLTR,Dollar Tree Inc. Common Stock,Consumer Discretionary,Department/Specialty Retail Stores
DLX,Deluxe Corporation Common Stock,Consumer Discretionary,Publishing
DLY,DoubleLine Yield Opportunities Fund Common Shares of Beneficial Interest,Finance,Investment Managers
DMAA,Drugs Made In America Acquisition Corp. Ordinary Shares,,
DMAAR,Drugs Made In America Acquisition Corp. Rights,Finance,Blank Checks
DMAC,DiaMedica Therapeutics Inc. Common Stock,Health Care,Biotechnology: Pharmaceutical Preparations
DMII,Drugs Made In America Acquisition II Corp. Ordinary Shares,Finance,Blank Checks
DMIIU,Drugs Made In America Acquisition II Corp. Unit,,
DMLP,Dorchester Minerals L.P. Common Units Representing Limited Partnership Interests,Energy,Oil & Gas Production
DMO,Western Asset Mortgage Opportunity Fund Inc. Common Stock,Finance,Trusts Except Educational Religious and Charitable
DMRC,Digimarc Corporation Common Stock,Technology,EDP Services
DNA,Ginkgo Bioworks Holdings Inc. Class A Common Stock,Health Care,Biotechnology: Biological Products (No Diagnostic Substances)
DNLI,Denali Therapeutics Inc. Common Stock,Health Care,Biotechnology: Biological Products (No Diagnostic Substances)
DNMX,Dynamix Corporation III Class A Ordinary Shares,Finance,Blank Checks
DNMXU,Dynamix Corporation III Unit,Finance,Blank Checks
DNMXW,Dynamix Corporation III Warrants,Finance,Blank Checks
DNOW,DNOW Inc. Common Stock,Consumer Discretionary,Oil and Gas Field Machinery
DNP,DNP Select Income Fund Inc. Common Stock,Finance,Investment Managers
DNTH,Dianthus Therapeutics Inc. Common Stock,Health Care,Biotechnology: Pharmaceutical Preparations
DNUT,Krispy Kreme Inc. Common Stock,Consumer Staples,Food Chains
DOC,Healthpeak Properties Inc. Common Stock,Real Estate,Real Estate Investment Trusts
DOCN,DigitalOcean Holdings Inc. Common Stock,Technology,Computer Software: Programming Data Processing
DOCS,Doximity Inc. Class A Common Stock,Technology,EDP Services
DOCU,DocuSign Inc. Common Stock,Technology,Computer Software: Prepackaged Software
DOMH,Dominari Holdings Inc. Common Stock,Health Care,Biotechnology: Pharmaceutical Preparations
DOMO,Domo Inc. Class B Common Stock,Technology,Computer Software: Prepackaged Software
DORM,Dorman Products Inc. Common Stock,Consumer Discretionary,Auto Parts:O.E.M.
DOUG,Douglas Elliman Inc. Common Stock,Finance,Real Estate
DOV,Dover Corporation Common Stock,Industrials,Industrial Machinery/Components
DOW,Dow Inc. Common Stock ,Industrials,Major Chemicals
DPG,Duff & Phelps Utility and Infrastructure Fund Inc.,Finance,Trusts Except Educational Religious and Charitable
DPZ,Domino's Pizza Inc Common Stock,Consumer Discretionary,Food Distributors
DRCT,Direct Digital Holdings Inc. Class A Common Stock,Consumer Discretionary,Advertising
DRDB,Roman DBDR Acquisition Corp. II Ordinary shares,,
DRDBU,Roman DBDR Acquisition Corp. II Unit,,
DRDBW,Roman DBDR Acquisition Corp. II Warrants,,
DRH,Diamondrock Hospitality Company Common Stock,Real Estate,Real Estate Investment Trusts
DRI,Darden Restaurants Inc. Common Stock,Consumer Discretionary,Restaurants
DRMA,Dermata Therapeutics Inc. Common Stock,Health Care,Biotechnology: Pharmaceutical Preparations
DRMAW,Dermata Therapeutics Inc. Warrant,Health Care,Biotechnology: Pharmaceutical Preparations
DRVN,Driven Brands Holdings Inc. Common Stock,Consumer Discretionary,Automotive Aftermarket
DSGN,Design Therapeutics Inc. Common Stock,Health Care,Biotechnology: Pharmaceutical Preparations
DSGR,Distribution Solutions Group Inc. Common Stock,Consumer Discretionary,Industrial Specialties
DSL,DoubleLine Income Solutions Fund Common Shares of Beneficial Interests,Finance,Trusts Except Educational Religious and Charitable
DSM,BNY Mellon Strategic Municipal Bond Fund Inc. Common Stock,Finance,Investment Managers
DSP,Viant Technology Inc. Class A Common Stock,Technology,Computer Software: Programming Data Processing
DSS,DSS Inc. Common Stock,Consumer Discretionary,Containers/Packaging
DSU,Blackrock Debt Strategies Fund Inc. Common Stock,Finance,Finance Companies
DT,Dynatrace Inc. Common Stock,Technology,Computer Software: Prepackaged Software
DTB,DTE Energy Company 2020 Series G 4.375% Junior Subordinated Debentures due 2080,Utilities,Electric Utilities: Central
DTCX,Datacentrex Inc. Common Stock,Technology,EDP Services
DTE,DTE Energy Company Common Stock,Utilities,Electric Utilities: Central
DTF,DTF Tax-Free Income 2028 Term Fund Inc. Common Stock,Finance,Investment Managers
DTG,DTE Energy Company 2021 Series E 4.375% Junior Subordinated Debentures,Utilities,Electric Utilities: Central
DTI,Drilling Tools International Corporation Common Stock,Consumer Discretionary,Oil and Gas Field Machinery
DTIL,Precision BioSciences Inc. Common Stock,Health Care,Biotechnology: Biological Products (No Diagnostic Substances)
DTK,DTE Energy Company 2025 Series H 6.25% Junior Subordinated Debentures due 2085,Utilities,Electric Utilities: Central
DTM,DT Midstream Inc. Common Stock ,Utilities,Natural Gas Distribution
DTSQ,DT Cloud Star Acquisition Corporation Ordinary Shares,,
DTSQR,DT Cloud Star Acquisition Corporation Right,,
DTSQU,DT Cloud Star Acquisition Corporation Units,,
DTST,Data Storage Corporation Common Stock,Technology,EDP Services
DTSTW,Data Storage Corporation Warrant,Technology,EDP Services
DTW,DTE Energy Company 2017 Series E 5.25% Junior Subordinated Debentures due 2077,Utilities,Electric Utilities: Central
DUK,Duke Energy Corporation (Holding Company) Common Stock,Utilities,Power Generation
DUK^A,Duke Energy Corporation Depositary Shares each representing a 1/1000th interest in a share of 5.75% Series A Cumulative Redeemable Perpetual Preferred Stock,,
DUKB,Duke Energy Corporation 5.625% Junior Subordinated Debentures due 2078,Utilities,Power Generation
DUOL,Duolingo Inc. Class A Common Stock,Technology,Computer Software: Prepackaged Software
DUOT,Duos Technologies Group Inc. Common Stock,Technology,Computer Software: Prepackaged Software
DV,DoubleVerify Holdings Inc. Common Stock,Technology,Computer Software: Programming Data Processing
DVA,DaVita Inc. Common Stock,Health Care,Misc Health and Biotechnology Services
DVLT,Datavault AI Inc. Common Stock,Technology,Semiconductors
DVN,Devon Energy Corporation Common Stock,Energy,Oil & Gas Production
DWSN,Dawson Geophysical Company Common Stock,Energy,Oil & Gas Production
DWTX,Dogwood Therapeutics Inc. Common Stock,Health Care,Biotechnology: Pharmaceutical Preparations
DX,Dynex Capital Inc. Common Stock,Real Estate,Real Estate Investment Trusts
DX^C,Dynex Capital Inc. 6.900% Series C Fixed-to-Floating Rate Cumulative Redeemable Preferred Stock,,
DXC,DXC Technology Company Common Stock ,Technology,EDP Services
DXCM,DexCom Inc. Common Stock,Health Care,Medical/Dental Instruments
DXLG,Destination XL Group Inc. Common Stock,Consumer Discretionary,Clothing/Shoe/Accessory Stores
DXPE,DXP Enterprises Inc. Common Stock,Industrials,Industrial Machinery/Components
DXR,Daxor Corporation Common Stock,Health Care,Medical/Dental Instruments
DY,Dycom Industries Inc. Common Stock,Industrials,Water Sewer Pipeline Comm & Power Line Construction
DYAI,Dyadic International Inc. Common Stock,Health Care,Biotechnology: Biological Products (No Diagnostic Substances)
DYN,Dyne Therapeutics Inc. Common Stock,Health Care,Biotechnology: Pharmaceutical Preparations
DYNC,Dynamix Corporation Class A Ordinary Shares,,
DYNCU,Dynamix Corporation Unit,,
DYNCW,Dynamix Corporation Warrant,,
DYOR,Insight Digital Partners II Class A Ordinary Shares,Finance,Blank Checks
DYORU,Insight Digital Partners II Units,Finance,Blank Checks
EA,Electronic Arts Inc. Common Stock,Consumer Discretionary,Services-Misc. Amusement & Recreation
EAD,Allspring Income Opportunities Fund Common Shares,Finance,Finance/Investors Services
EAF,GrafTech International Ltd. Common Stock,Energy,Industrial Machinery/Components
EAI,Entergy Arkansas LLC First Mortgage Bonds 4.875% Series Due September 1 2066,Utilities,Electric Utilities: Central
EARN,Ellington Credit Company Common Shares of Beneficial Interest,Real Estate,Real Estate Investment Trusts
EAT,Brinker International Inc. Common Stock,Consumer Discretionary,Restaurants
EBAY,eBay Inc. Common Stock,Real Estate,Real Estate
EBC,Eastern Bankshares Inc. Common Stock,Finance,Savings Institutions
EBF,Ennis Inc. Common Stock,Consumer Discretionary,Office Equipment/Supplies/Services
EBMT,Eagle Bancorp Montana Inc. Common Stock,Finance,Major Banks
EBS,Emergent BioSolutions Inc. Common Stock,Health Care,Biotechnology: Pharmaceutical Preparations
ECAT,BlackRock ESG Capital Allocation Term Trust Common Shares of Beneficial Interest,Finance,Trusts Except Educational Religious and Charitable
ECBK,ECB Bancorp Inc. Common Stock,Finance,Banks
ECC           ,Eagle Point Credit Company Inc. Common Stock,Finance,Trusts Except Educational Religious and Charitable
ECC^D,Eagle Point Credit Company Inc. 6.75% Series D Preferred Stock,,
ECCC,Eagle Point Credit Company Inc. 6.50% Series C Term Preferred Stock due 2031,Finance,Trusts Except Educational Religious and Charitable
ECCU,Eagle Point Credit Company Inc. 7.75% Notes due 2030,,
ECCV,Eagle Point Credit Company Inc. 5.375% Notes due 2029,Finance,Trusts Except Educational Religious and Charitable
ECF,Ellsworth Growth and Income Fund Ltd.,Finance,Finance/Investors Services
ECF^A,Ellsworth Growth and Income Fund Ltd. 5.25% Series A Cumulative Preferred Shares (Liquidation Preference $25.00 per share),,
ECG,Everus Construction Group Inc. Common Stock,Consumer Discretionary,Homebuilding
ECL,Ecolab Inc. Common Stock,Consumer Discretionary,Package Goods/Cosmetics
ECOR,electroCore Inc. Common Stock,Health Care,Biotechnology: Electromedical & Electrotherapeutic Apparatus
ECPG,Encore Capital Group Inc Common Stock,Finance,Finance Companies
ECVT,Ecovyst Inc. Common Stock,Industrials,Major Chemicals
ED,Consolidated Edison Inc. Common Stock,Utilities,Power Generation
EDBL,Edible Garden AG Incorporated Common Stock,Consumer Staples,Farming/Seeds/Milling
EDBLW,Edible Garden AG Incorporated Warrant,Consumer Staples,Farming/Seeds/Milling
EDD,Morgan Stanley Emerging Markets Domestic Debt Fund Inc. Common Stock,Finance,Finance Companies
EDF,Virtus Stone Harbor Emerging Markets Income Fund Common Shares of Beneficial Interest,Finance,Investment Managers
EDIT,Editas Medicine Inc. Common Stock,Health Care,Biotechnology: Biological Products (No Diagnostic Substances)
EDSA,Edesa Biotech Inc. Common Shares,Health Care,Biotechnology: Pharmaceutical Preparations
EDUC,Educational Development Corporation Common Stock,Consumer Discretionary,Consumer Specialties
EE,Excelerate Energy Inc. Class A Common Stock,Utilities,Oil/Gas Transmission
EEA,The European Equity Fund Inc. Common Stock,Finance,Trusts Except Educational Religious and Charitable
EEFT,Euronet Worldwide Inc. Common Stock,Finance,Investment Bankers/Brokers/Service
EEIQ,EpicQuest Education Group International Limited Common Stock,Real Estate,Other Consumer Services
EEX,Emerald Holding Inc. Common Stock,Real Estate,Real Estate
EFC,Ellington Financial Inc. Common Stock ,Finance,Real Estate
EFC^B,Ellington Financial Inc. 6.250% Series B Fixed-Rate Reset Cumulative Redeemable Preferred Stock,,
EFC^C,Ellington Financial Inc. 8.625% Series C Fixed-Rate Reset Cumulative Redeemable Preferred Stock,,
EFC^D,Ellington Financial Inc. 7.00% Series D Cumulative Perpetual Redeemable Preferred Stock,,
EFOI,Energy Focus Inc. Common Stock,Consumer Discretionary,Building Products
EFOR,Everforth Inc. Common Stock,Consumer Discretionary,Professional Services
EFR,Eaton Vance Senior Floating-Rate Fund Common Shares of Beneficial Interest,Finance,Trusts Except Educational Religious and Charitable
EFSC,Enterprise Financial Services Corporation Common Stock,Finance,Major Banks
EFSCP,Enterprise Financial Services Corporation Depositary Shares Each Representing a 1/40th Interest in a Share of 5% Fixed Rate Non-Cumulative Perpetual Preferred Stock Series A,Finance,Major Banks
EFSI,Eagle Financial Services Inc Common Stock,Finance,Major Banks
EFT,Eaton Vance Floating Rate Income Trust Common Shares of Beneficial Interest,Finance,Finance Companies
EFX,Equifax Inc. Common Stock,Finance,Finance: Consumer Services
EGAN,eGain Corporation Common Stock,Technology,Computer Software: Prepackaged Software
EGBN,Eagle Bancorp Inc. Common Stock,Finance,Major Banks
EGHA,EGH Acquisition Corp. Class A Ordinary Shares,Finance,Finance/Investors Services
EGHAR,EGH Acquisition Corp. Rights,Finance,Blank Checks
EGHT,8x8 Inc Common Stock,Technology,EDP Services
EGP,EastGroup Properties Inc. Common Stock,Real Estate,Real Estate Investment Trusts
EGY,VAALCO Energy Inc.  Common Stock,Energy,Oil & Gas Production
EHAB,Enhabit Inc. Common Stock,Health Care,Medical/Nursing Services
EHC,Encompass Health Corporation Common Stock,Health Care,Hospital/Nursing Management
EHI,Western Asset Global High Income Fund Inc Common Stock,Finance,Investment Managers
EHTH,eHealth Inc. Common Stock,Finance,Specialty Insurers
EIC,Eagle Point Income Company Inc. Common Stock,Finance,Finance/Investors Services
EICA,Eagle Point Income Company Inc. 5.00% Series A Term Preferred Stock due 2026,Finance,Finance/Investors Services
EIG,Employers Holdings Inc Common Stock,Finance,Property-Casualty Insurers
EIKN,Eikon Therapeutics Inc. Common Stock,Health Care,Biotechnology: Biological Products (No Diagnostic Substances)
EIM,Eaton Vance Municipal Bond Fund Common Shares of Beneficial Interest $.01 par value,Finance,Finance/Investors Services
EIX,Edison International Common Stock,Utilities,Electric Utilities: Central
EL,Estee Lauder Companies Inc. (The) Common Stock,Consumer Discretionary,Package Goods/Cosmetics
ELA,Envela Corporation Common Stock,Consumer Discretionary,Consumer Specialties
ELAB,PMGC Holdings Inc. Common Stock,Health Care,Biotechnology: Pharmaceutical Preparations
ELAN,Elanco Animal Health Incorporated Common Stock,Health Care,Biotechnology: Pharmaceutical Preparations
ELC,Entergy Louisiana Inc. Collateral Trust Mortgage Bonds 4.875 % Series due September 1 2066,Utilities,Electric Utilities: Central
ELDN,Eledon Pharmaceuticals Inc. Common Stock,Health Care,Biotechnology: Pharmaceutical Preparations
ELF,e.l.f. Beauty Inc. Common Stock,Consumer Discretionary,Package Goods/Cosmetics
ELLA,Ellington Credit Company 8.50% Notes due 2031,Real Estate,Real Estate Investment Trusts
ELMD,Electromed Inc. Common Stock,Health Care,Biotechnology: Electromedical & Electrotherapeutic Apparatus
ELME,Elme Communities Common Stock,Real Estate,Real Estate Investment Trusts
ELMT,The Elmet Group Co. Common Stock,Industrials,Metal Fabrications
ELS,Equity Lifestyle Properties Inc. Common Stock,Real Estate,Real Estate Investment Trusts
ELSE,Electro-Sensors Inc. Common Stock,Industrials,Industrial Machinery/Components
ELTX,Elicio Therapeutics Inc. Common Stock,Health Care,Biotechnology: Pharmaceutical Preparations
ELUT,Elutia Inc. Class A Common Stock,Health Care,Biotechnology: Biological Products (No Diagnostic Substances)
ELV,Elevance Health Inc. Common Stock,Health Care,Medical Specialities
ELVN,Enliven Therapeutics Inc. Common Stock,Health Care,Biotechnology: Pharmaceutical Preparations
ELWT,Elauwit Connection Inc. Common Stock,Consumer Discretionary,Telecommunications Equipment
EMAT,Evolution Metals & Technologies Corp. Common Stock,,
EMBC,Embecta Corp. Common Stock,Health Care,Medical/Dental Instruments
EMD,Western Asset Emerging Markets Debt Fund Inc Common Stock,Finance,Finance/Investors Services
EME,EMCOR Group Inc. Common Stock,Industrials,Engineering & Construction
EMF,Templeton Emerging Markets Fund Common Stock,Finance,Finance/Investors Services
EMISR,Emmis Acquisition Corp. Rights,,
EML,Eastern Company (The) Common Stock,Consumer Discretionary,Industrial Machinery/Components
EMN,Eastman Chemical Company Common Stock,Industrials,Major Chemicals
EMO,ClearBridge Energy Midstream Opportunity Fund Inc. Common Stock,Finance,Investment Managers
EMP,Entergy Mississippi LLC First Mortgage Bonds 4.90% Series Due October 1 2066,Utilities,Electric Utilities: Central
EMPD,Empery Digital Inc. Common stock,,
EMR,Emerson Electric Company Common Stock,Technology,Consumer Electronics/Appliances
ENJ,Entergy New Orleans LLC First Mortgage Bonds 5.0% Series due December 1 2052,Utilities,Power Generation
ENO,Entergy New Orleans LLC First Mortgage Bonds 5.50% Series due April 1 2066,Utilities,Power Generation
ENOV,Enovis Corporation Common Stock,Health Care,Industrial Specialties
ENPH,Enphase Energy Inc. Common Stock,Technology,Semiconductors
ENR,Energizer Holdings Inc. Common Stock,Miscellaneous,Industrial Machinery/Components
ENS,EnerSys Common Stock,Technology,Industrial Machinery/Components
ENSC,Ensysce Biosciences Inc. Common Stock,Health Care,Biotechnology: Pharmaceutical Preparations
ENSG,The Ensign Group Inc. Common Stock,Health Care,Hospital/Nursing Management
ENTA,Enanta Pharmaceuticals Inc. Common Stock,Health Care,Biotechnology: Pharmaceutical Preparations
ENTG,Entegris Inc. Common Stock,Industrials,Plastic Products
ENVA,Enova International Inc. Common Stock,Finance,Finance: Consumer Services
ENVB,Enveric Biosciences Inc. Common Stock,Health Care,Biotechnology: Pharmaceutical Preparations
ENVX,Enovix Corporation Common Stock,Miscellaneous,Industrial Machinery/Components
EOD,Allspring Global Dividend Opportunity Fund Common Shares of Beneficial Interest,Finance,Investment Managers
EOG,EOG Resources Inc. Common Stock,Energy,Oil & Gas Production
EOI,Eaton Vance Enhance Equity Income Fund Eaton Vance Enhanced Equity Income Fund Shares of Beneficial Interest,Finance,Finance/Investors Services
EOLS,Evolus Inc. Common Stock,Health Care,Biotechnology: Pharmaceutical Preparations
EOSE,Eos Energy Enterprises Inc. Class A Common Stock,Miscellaneous,Industrial Machinery/Components
EOT,Eaton Vance Municipal Income Trust EATON VANCE NATIONAL MUNICIPAL OPPORTUNITIES TRUST,Finance,Investment Bankers/Brokers/Service
EP,Empire Petroleum Corporation Common Stock,Energy,Oil & Gas Production
EP^C,El Paso Corporation Preferred Stock,,
EPAC,Enerpac Tool Group Corp. Common Stock,Technology,Industrial Machinery/Components
EPAM,EPAM Systems Inc. Common Stock,Technology,EDP Services
EPC,Edgewell Personal Care Company Common Stock,Consumer Discretionary,Package Goods/Cosmetics
EPD,Enterprise Products Partners L.P. Common Stock,Utilities,Natural Gas Distribution
EPM,Evolution Petroleum Corporation Inc. Common Stock,Energy,Oil & Gas Production
EPR,EPR Properties Common Stock,Real Estate,Real Estate Investment Trusts
EPR^C,EPR Properties 5.75% Series C Cumulative Convertible Preferred Shares,,
EPR^E,EPR Properties Series E Cumulative Conv Pfd Shs Ser E,,
EPR^G,EPR Properties 5.750% Series G Cumulative Redeemable Preferred Shares,,
EPRT,Essential Properties Realty Trust Inc. Common Stock,Real Estate,Real Estate Investment Trusts
EPSN,Epsilon Energy Ltd. Common Share,Energy,Oil & Gas Production
EQ,Equillium Inc. Common Stock,Health Care,Biotechnology: Pharmaceutical Preparations
EQBK,Equity Bancshares Inc. Class A Common Stock,Finance,Major Banks
EQH,Equitable Holdings Inc. Common Stock,Finance,Specialty Insurers
EQH^A,Equitable Holdings Inc. Depositary Shares,,
EQH^C,Equitable Holdings Inc. Depositary Shares each representing a 1/1000th interest in a share of Fixed Rate Noncumulative Perpetual Preferred Stock Series C,,
EQIX,Equinix Inc. Common Stock REIT,Real Estate,Real Estate Investment Trusts
EQPT,EquipmentShare.com Inc Class A Common Stock,Consumer Discretionary,Diversified Commercial Services
EQR,Equity Residential Common Shares of Beneficial Interest,Real Estate,Real Estate Investment Trusts
EQS,Equus Total Return Inc. Common Stock,Finance,Finance/Investors Services
EQT,EQT Corporation Common Stock,Energy,Oil & Gas Production
ERAS,Erasca Inc. Common Stock,Health Care,Biotechnology: Pharmaceutical Preparations
ERC,Allspring Multi-Sector Income Fund Common Stock,Finance,Finance/Investors Services
ERIE,Erie Indemnity Company Class A Common Stock,Finance,Specialty Insurers
ERII,Energy Recovery Inc. Common Stock,Technology,Industrial Machinery/Components
ERNA,Ernexa Therapeutics Inc. Common Stock,Health Care,Biotechnology: Pharmaceutical Preparations
ERNAW,Ernexa Therapeutics Inc. Warrants,,
ES,Eversource Energy (D/B/A) Common Stock,Utilities,Electric Utilities: Central
ESAB,ESAB Corporation Common Stock,Industrials,Industrial Machinery/Components
ESCA,Escalade Incorporated Common Stock,Consumer Discretionary,Recreational Games/Products/Toys
ESE,ESCO Technologies Inc. Common Stock,Telecommunications,Telecommunications Equipment
ESI,Element Solutions Inc. Common Stock,Industrials,Major Chemicals
ESLA,Estrella Immunopharma Inc. Common Stock,Health Care,Biotechnology: Biological Products (No Diagnostic Substances)
ESLAW,Estrella Immunopharma Inc. Warrant,Health Care,Biotechnology: Biological Products (No Diagnostic Substances)
ESOA,Energy Services of America Corporation Common Stock,Industrials,Water Sewer Pipeline Comm & Power Line Construction
ESP,Espey Mfg. & Electronics Corp. Common Stock,Technology,Industrial Machinery/Components
ESPR,Esperion Therapeutics Inc. Common Stock,Health Care,Biotechnology: Pharmaceutical Preparations
ESQ,Esquire Financial Holdings Inc. Common Stock,Finance,Commercial Banks
ESRT,Empire State Realty Trust Inc. Class A Common Stock,Real Estate,Real Estate Investment Trusts
ESS,Essex Property Trust Inc. Common Stock,Real Estate,Real Estate Investment Trusts
ESTC,Elastic N.V. Ordinary Shares,Technology,Computer Software: Prepackaged Software
ET,Energy Transfer LP Common Units ,Utilities,Natural Gas Distribution
ET^I,Energy Transfer L.P. Series I Fixed Rate Perpetual Preferred Units,,
ETB,Eaton Vance Tax-Managed Buy-Write Income Fund Eaton Vance Tax-Managed Buy-Write Income Fund Common Shares of Beneficial Interest,Finance,Investment Bankers/Brokers/Service
ETD,Ethan Allen Interiors Inc. Common Stock,Consumer Discretionary,Home Furnishings
ETG,Eaton Vance Tax-Advantaged Global Dividend Income Fund Common Shares of Beneficial Interest,Finance,Investment Managers
ETI^,Entergy Texas Inc 5.375% Series A Preferred Stock Cumulative No Par Value,,
ETJ,Eaton Vance Risk-Managed Diversified Equity Income Fund Common Shares of Beneficial Interest,Finance,Finance Companies
ETO,Eaton Vance Tax-Advantage Global Dividend Opp Common Stock,Finance,Investment Managers
ETON,Eton Pharmaceuticals Inc. Common Stock,Health Care,Biotechnology: Pharmaceutical Preparations
ETR,Entergy Corporation Common Stock,Utilities,Electric Utilities: Central
ETS,Elite Express Holding Inc. Class A Common Stock,Industrials,Trucking Freight/Courier Services
ETSY,Etsy Inc. Common Stock,Real Estate,Real Estate
ETV,Eaton Vance Corporation Eaton Vance Tax-Managed Buy-Write Opportunities Fund Common Shares of Beneficial Interest,Finance,Investment Bankers/Brokers/Service
ETW,Eaton Vance Corporation Eaton Vance Tax-Managed Global Buy-Write Opportunites Fund Common Shares of Beneficial Interest,Finance,Investment Managers
ETY,Eaton Vance Tax-Managed Diversified Equity Income Fund Common Shares of Beneficial Interest,Finance,Finance Companies
EU,enCore Energy Corp. Common Shares,Basic Materials,Other Metals and Minerals
EURK,Eureka Acquisition Corp Class A Ordinary Share,,
EURKR,Eureka Acquisition Corp Right,,
EVC,Entravision Communications Corporation Common Stock,Industrials,Broadcasting
EVCM,EverCommerce Inc. Common Stock,Technology,Computer Software: Prepackaged Software
EVER,EverQuote Inc. Class A Common Stock,Technology,Computer Software: Programming Data Processing
EVEX,Eve Holding Inc. Common Stock,Industrials,Aerospace
EVF,Eaton Vance Senior Income Trust Common Stock,Finance,Investment Bankers/Brokers/Service
EVG,Eaton Vance Short Diversified Income Fund Eaton Vance Short Duration Diversified Income Fund Common Shares of Beneficial Interest,Finance,Investment Managers
EVGO,EVgo Inc. Class A Common Stock,Technology,EDP Services
EVGOW,EVgo Inc. Warrants,Technology,EDP Services
EVH,Evolent Health Inc Class A Common Stock,Consumer Discretionary,Other Consumer Services
EVI,EVI Industries Inc.  Common Stock,Consumer Discretionary,Other Consumer Services
EVLV,Evolv Technologies Holdings Inc. Class A Common Stock,Technology,Computer peripheral equipment
EVLVW,Evolv Technologies Holdings Inc. Warrant,Technology,Computer peripheral equipment
EVMN,Evommune Inc. Common Stock,Health Care,Biotechnology: Pharmaceutical Preparations
EVN,Eaton Vance Municipal Income Trust Common Stock,Finance,Investment Managers
EVOX,Evolution Global Acquisition Corp Class A Ordinary Shares,Finance,Blank Checks
EVOXU,Evolution Global Acquisition Corp Units,Finance,Blank Checks
EVOXW,Evolution Global Acquisition Corp Warrants,Finance,Blank Checks
EVR,Evercore Inc. Class A Common Stock,Finance,Investment Managers
EVRG,Evergy Inc. Common Stock,Utilities,Power Generation
EVT,Eaton Vance Tax Advantaged Dividend Income Fund Common Shares of Beneficial Interest,Finance,Finance Companies
EVTV,Envirotech Vehicles Inc. Common Stock,Consumer Discretionary,Auto Parts:O.E.M.
EVV,Eaton Vance Limited Duration Income Fund Common Shares of Beneficial Interest,Finance,Finance/Investors Services
EW,Edwards Lifesciences Corporation Common Stock,Health Care,Industrial Specialties
EWBC,East West Bancorp Inc. Common Stock,Finance,Major Banks
EWTX,Edgewise Therapeutics Inc. Common Stock,Health Care,Biotechnology: Pharmaceutical Preparations
EXC,Exelon Corporation Common Stock,Utilities,Power Generation
EXE,Expand Energy Corporation Common Stock,Energy,Oil & Gas Production
EXEL,Exelixis Inc. Common Stock,Health Care,Biotechnology: Biological Products (No Diagnostic Substances)
EXFY,Expensify Inc. Class A Common Stock,Technology,Computer Software: Prepackaged Software
EXG,Eaton Vance Tax-Managed Global Diversified Equity Income Fund Common Shares of Beneficial Interest,Finance,Finance Companies
EXLS,ExlService Holdings Inc. Common Stock,Real Estate,Real Estate
EXOD,Exodus Movement Inc. Class A Common Stock,Finance,Finance: Consumer Services
EXOZ,eXoZymes Inc. Common Stock,Health Care,Biotechnology: Biological Products (No Diagnostic Substances)
EXP,Eagle Materials Inc Common Stock,Industrials,Building Materials
EXPD,Expeditors International of Washington Inc. Common Stock,Industrials,Integrated Freight & Logistics
EXPE,Expedia Group Inc. Common Stock,Consumer Discretionary,Transportation Services
EXPO,Exponent Inc. Common Stock,Consumer Discretionary,Professional Services
EXR,Extra Space Storage Inc Common Stock,Real Estate,Real Estate Investment Trusts
EXTR,Extreme Networks Inc. Common Stock,Telecommunications,Computer Communications Equipment
EYE,National Vision Holdings Inc. Common Stock,Health Care,Ophthalmic Goods
EYPT,EyePoint Inc. Common Stock,Industrials,Biotechnology: Laboratory Analytical Instruments
EZPW,EZCORP Inc. Class A Non Voting Common Stock,Consumer Discretionary,Other Specialty Stores
EZRA,Reliance Global Group Inc. Common Stock,Finance,Specialty Insurers
F,Ford Motor Company Common Stock,Industrials,Auto Manufacturing
F^B,Ford Motor Company 6.20% Notes due June 1 2059,,
F^C,Ford Motor Company 6% Notes due December 1 2059,,
F^D,Ford Motor Company 6.500% Notes due August 15 2062,,
FA,First Advantage Corporation Common Stock,Technology,EDP Services
FABC,Fabric.AI Inc. Common Stock,Consumer Discretionary,Telecommunications Equipment
FACT,FACT II Acquisition Corp. Class A Ordinary Shares,,
FACTW,FACT II Acquisition Corp. Warrant,Finance,Blank Checks
FAF,First American Corporation (New) Common Stock,Finance,Specialty Insurers
FANG,Diamondback Energy Inc. Common Stock,Energy,Oil & Gas Production
FAST,Fastenal Company Common Stock,Consumer Discretionary,RETAIL: Building Materials
FATE,Fate Therapeutics Inc. Common Stock,Health Care,Biotechnology: Biological Products (No Diagnostic Substances)
FATN,FatPipe Inc. Common Stock,Technology,Computer Software: Prepackaged Software
FAX,abrdn Asia-Pacific Income Fund Inc. Common Stock,Finance,Investment Managers
FBIN,Fortune Brands Innovations Inc. Common Stock,Basic Materials,Forest Products
FBIO,Fortress Biotech Inc. Common Stock,Health Care,Biotechnology: Pharmaceutical Preparations
FBIOP,Fortress Biotech Inc. 9.375% Series A Cumulative Redeemable Perpetual Preferred Stock,Health Care,Biotechnology: Pharmaceutical Preparations
FBIZ,First Business Financial Services Inc. Common Stock,Finance,Major Banks
FBK,FB Financial Corporation Common Stock,Finance,Major Banks
FBLA,FB Bancorp Inc. Common Stock,Finance,Banks
FBLG,FibroBiologics Inc. Common Stock,Health Care,Biotechnology: Pharmaceutical Preparations
FBNC,First Bancorp Common Stock,Finance,Major Banks
FBRT,Franklin BSP Realty Trust Inc. Common Stock,Real Estate,Real Estate Investment Trusts
FBRT^E,Franklin BSP Realty Trust Inc. 7.50% Series E Cumulative Redeemable Preferred Stock,,
FBRX,Forte Biosciences Inc. Common Stock,Health Care,Biotechnology: Pharmaceutical Preparations
FBYD,Falcon's Beyond Global Inc. Class A Common Stock,Consumer Discretionary,Services-Misc. Amusement & Recreation
FBYDW,Falcon's Beyond Global Inc. Warrants,Consumer Discretionary,Services-Misc. Amusement & Recreation
FC,Franklin Covey Company Common Stock,Consumer Discretionary,Other Consumer Services
FCAP,First Capital Inc. Common Stock,Finance,Savings Institutions
FCBC,First Community Bankshares Inc. (VA) Common Stock,Finance,Major Banks
FCCO,First Community Corporation Common Stock,Finance,Major Banks
FCEL,FuelCell Energy Inc. Common Stock,Energy,Industrial Machinery/Components
FCF,First Commonwealth Financial Corporation Common Stock,Finance,Major Banks
FCFS,FirstCash Holdings Inc. Common Stock,Consumer Discretionary,Other Specialty Stores
FCN,FTI Consulting Inc. Common Stock,Consumer Discretionary,Professional Services
FCNCA,First Citizens BancShares Inc. Class A Common Stock,Finance,Major Banks
FCNCN,First Citizens BancShares Inc. Depositary Shares each representing a 1/40th interest in a share of 6.625% Non-Cumulative Perpetual Preferred Stock Series E,Finance,Major Banks
FCNCO,First Citizens BancShares Inc. 5.625% Non-Cumulative Perpetual Preferred Stock Series C,Finance,Major Banks
FCNCP,First Citizens BancShares Inc. Depositary Shares,Finance,Major Banks
FCO,abrdn Global Income Fund Inc. Common Stock,Finance,Investment Managers
FCPT,Four Corners Property Trust Inc. Common Stock,Real Estate,Real Estate Investment Trusts
FCRX,Crescent Capital BDC Inc. 5.00% Notes due 2026,Finance,Finance: Consumer Services
FCT,First Trust Senior Floating Rate Income Fund II Common Shares of Beneficial Interest,Finance,Finance Companies
FCUV,Focus Universal Inc. Common Stock,Industrials,Industrial Machinery/Components
FCX,Freeport-McMoRan Inc. Common Stock,Basic Materials,Metal Mining
FDBC,Fidelity D & D Bancorp Inc. Common Stock,Finance,Major Banks
FDMT,4D Molecular Therapeutics Inc. Common Stock,Health Care,Biotechnology: Biological Products (No Diagnostic Substances)
FDS,FactSet Research Systems Inc. Common Stock,Technology,Computer Software: Programming Data Processing
FDSB,Fifth District Bancorp Inc. Common Stock,Finance,Savings Institutions
FDUS,Fidus Investment Corporation Common Stock,Finance,Finance/Investors Services
FDX,FedEx Corporation Common Stock,Consumer Discretionary,Air Freight/Delivery Services
FE,FirstEnergy Corp. Common Stock,Utilities,Electric Utilities: Central
FEAM,5E Advanced Materials Inc. Common Stock,Industrials,Mining & Quarrying of Nonmetallic Minerals (No Fuels)
FEED,ENvue Medical Inc. Common Stock,Health Care,Industrial Specialties
FEIM,Frequency Electronics Inc. Common Stock,Industrials,Electrical Products
FELE,Franklin Electric Co. Inc. Common Stock,Consumer Discretionary,Metal Fabrications
FEMY,Femasys Inc. Common Stock,Health Care,Medical/Dental Instruments
FENC,Fennec Pharmaceuticals Inc. Common Stock,Health Care,Biotechnology: Biological Products (No Diagnostic Substances)
FET,Forum Energy Technologies Inc. Common Stock,Consumer Discretionary,Oil and Gas Field Machinery
FF,FutureFuel Corp.  Common shares,Industrials,Major Chemicals
FFA,First Trust Enhanced Equity Income Fund Common Shares of Beneficial Interest,Finance,Investment Managers
FFAI,Faraday Future Intelligent Electric Inc. Class A Common Stock,Industrials,Auto Manufacturing
FFAIW,Faraday Future Intelligent Electric Inc. Warrant,Industrials,Auto Manufacturing
FFBC,First Financial Bancorp. Common Stock,Finance,Major Banks
FFC,Flaherty & Crumrine Preferred and Income Securities Fund Incorporated,Finance,Trusts Except Educational Religious and Charitable
FFIC,Flushing Financial Corporation Common Stock,Finance,Major Banks
FFIN,First Financial Bankshares Inc. Common Stock,Finance,Major Banks
FFIV,F5 Inc. Common Stock,Telecommunications,Computer Communications Equipment
FG,F&G Annuities & Life Inc. Common Stock,Finance,Life Insurance
FGBI,First Guaranty Bancshares Inc. Common Stock,Finance,Savings Institutions
FGBIP,First Guaranty Bancshares Inc. 6.75% Series A Fixed-Rate Non-Cumulative Perpetual Preferred Stock,Finance,Savings Institutions
FGI,FGI Industries Ltd. Ordinary Shares,Industrials,Industrial Specialties
FGII,FG Imperii Acquisition Corp. Class A Ordinary Shares,Finance,Blank Checks
FGIIW,FG Imperii Acquisition Corp. Warrants,Finance,Blank Checks
FGMC,FG Merger II Corp. Common stock,,
FGMCR,FG Merger II Corp. Rights,,
FGMCU,FG Merger II Corp. Unit,,
FGN,F&G Annuities & Life Inc. 7.950% Senior Notes due 2053,Finance,Life Insurance
FGNX,FG Nexus Inc. Common Stock ,Finance,Property-Casualty Insurers
FGNXP,FG Nexus Inc. 8.00% Cumulative Preferred Stock,Finance,Property-Casualty Insurers
FGSN,F&G Annuities & Life Inc. 7.300% Junior Subordinated Notes due 2065,Finance,Life Insurance
FHB,First Hawaiian Inc. Common Stock,Finance,Major Banks
FHI,Federated Hermes Inc. Common Stock,Finance,Investment Managers
FHN,First Horizon Corporation Common Stock,Finance,Major Banks
FHN^E,First Horizon Corporation Depositary Shares each representing a 1/4000th interest in a share of Non-Cumulative Perpetual Preferred Stock Series E,,
FHN^F,First Horizon Corporation Depositary Shares each representing 1/4000th Interest in a Share of Non-Cumulative Perpetual Preferred Stock Series F,,
FHN^H,First Horizon Corporation Depositary Shares each representing a 1/4000th interest in a share of Non-Cumulative Perpetual Preferred Stock Series H,,
FHTX,Foghorn Therapeutics Inc. Common Stock,Health Care,Biotechnology: Pharmaceutical Preparations
FIBK,First Interstate BancSystem Inc. Common Stock (DE),Finance,Major Banks
FICO,Fair Isaac Corporation Common Stock,Real Estate,Real Estate
FIEE,FiEE Inc Common Stock,Utilities,Telecommunications Equipment
FIG,Figma Inc. Class A Common Stock,Technology,Computer Software: Prepackaged Software
FIGS,FIGS Inc. Class A Common Stock,Consumer Discretionary,Apparel
FIGX,FIGX Capital Acquisition Corp. Class A Ordinary Share,,
FINV,FinVolution Group American Depositary Shares,Finance,Finance: Consumer Services
FINW,FinWise Bancorp Common Stock,Finance,Major Banks
FIP,FTAI Infrastructure Inc. Common Stock ,Energy,Oil Refining/Marketing
FIS,Fidelity National Information Services Inc. Common Stock,Real Estate,Real Estate
FISI,Financial Institutions Inc. Common Stock,Finance,Major Banks
FISV,Fiserv Inc. Common Stock,Real Estate,Real Estate
FITB,Fifth Third Bancorp Common Stock,Finance,Major Banks
FITBI,Fifth Third Bancorp Depositary Shares,Finance,Major Banks
FITBM,Fifth Third Bancorp Depositary Shares Representing a 1/40th Ownership Interest in a Share of 6.875% Fixed-Rate Reset Non-Cumulative Perpetual Preferred Stock Series M,Finance,Major Banks
FITBO,Fifth Third Bancorp Depositary Shares each representing a 1/1000th ownership interest in a share of Non-Cumulative Perpetual Preferred Stock Series K,Finance,Major Banks
FITBP,Fifth Third Bancorp Depositary Shares each representing 1/40th share of Fifth Third 6.00% Non-Cumulative Perpetual Class B Preferred Stock Series A,Finance,Major Banks
FIVE,Five Below Inc. Common Stock,Consumer Discretionary,Department/Specialty Retail Stores
FIVN,Five9 Inc. Common Stock,Technology,EDP Services
FIX,Comfort Systems USA Inc. Common Stock,Industrials,Engineering & Construction
FIZZ,National Beverage Corp. Common Stock,Consumer Staples,Beverages (Production/Distribution)
FJET,Starfighters Space Inc. Common Stock,Consumer Discretionary,Air Freight/Delivery Services
FKWL,Franklin Wireless Corp. Common Stock,Utilities,Telecommunications Equipment
FLC,Flaherty & Crumrine Total Return Fund Inc Common Stock,Finance,Trusts Except Educational Religious and Charitable
FLD,Fold Holdings Inc. Class A Common Stock,Finance,Finance: Consumer Services
FLDDW,Fold Holdings Inc. Warrant,Finance,Finance: Consumer Services
FLG,Flagstar Bank N.A. Common Stock,Finance,Banks
FLG^A,Flagstar Bank N.A. Depositary shares each representing a 1/40th interest in a share of Fixed-to-Floating Rate Series A Noncumulative Perpetual Preferred Stock,,
FLG^U,Flagstar Bank N.A. Bifurcated Option Note Unit SecuritiES,,
FLGT,Fulgent Genetics Inc. Common Stock,Health Care,Medical Specialities
FLL,Full House Resorts Inc. Common Stock,Consumer Discretionary,Hotels/Resorts
FLNA,Filana Therapeutics Inc. Common Stock,Health Care,Biotechnology: Pharmaceutical Preparations
FLNC,Fluence Energy Inc. Class A Common Stock,Miscellaneous,Industrial Machinery/Components
FLNT,Fluent Inc. Common Stock,Consumer Discretionary,Advertising
FLO,Flowers Foods Inc. Common Stock,Consumer Staples,Packaged Foods
FLOC,Flowco Holdings Inc. Class A Common Stock,Consumer Discretionary,Oil and Gas Field Machinery
FLR,Fluor Corporation Common Stock,Industrials,Military/Government/Technical
FLS,Flowserve Corporation Common Stock,Industrials,Fluid Controls
FLUX,Flux Power Holdings Inc. Common Stock,Miscellaneous,Industrial Machinery/Components
FLWS,1-800-FLOWERS.COM Inc. Common Stock,Consumer Discretionary,Other Specialty Stores
FLXS,Flexsteel Industries Inc. Common Stock,Consumer Discretionary,Home Furnishings
FLY,Firefly Aerospace Inc. Common Stock,Industrials,Military/Government/Technical
FLYE,Fly-E Group Inc. Common Stock,Industrials,Aerospace
FLYW,Flywire Corporation Voting Common Stock,Real Estate,Real Estate
FMACU,Future Money Acquisition Corporation Units,Finance,Blank Checks
FMAO,Farmers & Merchants Bancorp Inc. Common Stock,Finance,Savings Institutions
FMBH,First Mid Bancshares Inc. Common Stock,Finance,Major Banks
FMC,FMC Corporation Common Stock,Industrials,Major Chemicals
FMN,Federated Hermes Premier Municipal Income Fund,Finance,Investment Managers
FMNB,Farmers National Banc Corp. Common Stock,Finance,Major Banks
FMY,First Trust Mortgage Income Fund Common Shares of Beneficial Interest,Finance,Finance/Investors Services
FNB,F.N.B. Corporation Common Stock,Finance,Major Banks
FND,Floor & Decor Holdings Inc. Common Stock,Consumer Discretionary,RETAIL: Building Materials
FNF,Fidelity National Financial Inc. Common Stock,Finance,Specialty Insurers
FNGR,FingerMotion Inc. Common Stock,Technology,Computer Software: Prepackaged Software
FNKO,Funko Inc. Class A Common Stock,Consumer Discretionary,Recreational Games/Products/Toys
FNLC,First Bancorp Inc  (ME) Common Stock,Finance,Major Banks
FNRN,First Northern Community Bancorp Common stock,Finance,Savings Institutions
FNWB,First Northwest Bancorp Common Stock,Finance,Banks
FNWD,Finward Bancorp Common Stock,Finance,Major Banks
FOA,Finance of America Companies Inc. Class A Common Stock,Finance,Finance: Consumer Services
FOF,Cohen & Steers Closed-End Opportunity Fund Inc. Common Stock,Finance,Investment Managers
FONR,Fonar Corporation Common Stock,Health Care,Biotechnology: Electromedical & Electrotherapeutic Apparatus
FOR,Forestar Group Inc Common Stock ,Finance,Real Estate
FORA,Forian Inc. Common Stock,Technology,EDP Services
FORM,FormFactor Inc. FormFactor Inc. Common Stock,Technology,Semiconductors
FORR,Forrester Research Inc. Common Stock,Industrials,Diversified Commercial Services
FOSL,Fossil Group Inc. Common Stock,Consumer Discretionary,Consumer Specialties
FOUR,Shift4 Payments Inc. Class A Common Stock,Real Estate,Real Estate
FOUR^A,Shift4 Payments Inc. 6.00% Series A Mandatory Convertible Preferred Stock,,
FOX,Fox Corporation Class B Common Stock,Industrials,Broadcasting
FOXA,Fox Corporation Class A Common Stock,Industrials,Broadcasting
FOXF,Fox Factory Holding Corp. Common Stock,Consumer Discretionary,Motor Vehicles
FOXX,Foxx Development Holdings Inc. Common Stock,Telecommunications,Computer Communications Equipment
FOXXW,Foxx Development Holdings Inc. Warrant,Telecommunications,Computer Communications Equipment
FPF,First Trust Intermediate Duration Preferred & Income Fund Common Shares of Beneficial Interest,Finance,Trusts Except Educational Religious and Charitable
FPH,Five Point Holdings LLC Class A Common Shares,Finance,Real Estate
FPI,Farmland Partners Inc. Common Stock,Real Estate,Real Estate Investment Trusts
FR,First Industrial Realty Trust Inc. Common Stock,Real Estate,Real Estate Investment Trusts
FRA,Blackrock Floating Rate Income Strategies Fund Inc  Common Stock,Finance,Investment Bankers/Brokers/Service
FRAF,Franklin Financial Services Corporation Common Stock,Finance,Major Banks
FRBA,First Bank Common Stock,Finance,Commercial Banks
FRD,Friedman Industries Inc. Common Stock,Industrials,Steel/Iron Ore
FRGT,Freight Technologies Inc. Ordinary Shares,Consumer Discretionary,Professional Services
FRME,First Merchants Corporation Common Stock,Finance,Major Banks
FRMEP,First Merchants Corporation Depository Shares,Finance,Major Banks
FRMI,Fermi Inc. Common Stock,Real Estate,Real Estate Investment Trusts
FRMM,Forum Markets Incorporated Common Stock,Health Care,Biotechnology: Pharmaceutical Preparations
FROG,JFrog Ltd. Ordinary Shares,Technology,Computer Software: Prepackaged Software
FRPH,FRP Holdings Inc. Common Stock,Finance,Real Estate
FRPT,Freshpet Inc. Common Stock,Consumer Staples,Packaged Foods
FRSH,Freshworks Inc. Class A Common Stock,Technology,Computer Software: Prepackaged Software
FRST,Primis Financial Corp. Common Stock,Finance,Major Banks
FRT,Federal Realty Investment Trust Common Stock,Real Estate,Real Estate Investment Trusts
FRT^C,Federal Realty Investment Trust Depositary Shares each representing a 1/1000th interest in a 5.000% Series C Cumulative Redeemable Preferred Share,,
FSBC,Five Star Bancorp Common Stock,Finance,Major Banks
FSBW,FS Bancorp Inc. Common Stock,Finance,Banks
FSCO,FS Credit Opportunities Corp. Common Stock,Finance,Trusts Except Educational Religious and Charitable
FSEA,First Seacoast Bancorp Inc. Common Stock,Finance,Savings Institutions
FSHP,Flag Ship Acquisition Corp. Ordinary Shares,,
FSHPR,Flag Ship Acquisition Corp. Right,,
FSK,FS KKR Capital Corp. Common Stock,Finance,Investment Managers
FSLR,First Solar Inc. Common Stock,Technology,Semiconductors
FSLY,Fastly Inc. Class A Common Stock,Technology,Computer Software: Prepackaged Software
FSP,Franklin Street Properties Corp. Common Stock,Real Estate,Real Estate Investment Trusts
FSS,Federal Signal Corporation Common Stock,Industrials,Auto Manufacturing
FSTR,L.B. Foster Company Common Stock,Industrials,Metal Fabrications
FSUN,FirstSun Capital Bancorp Common Stock,Finance,Major Banks
FT,Franklin Universal Trust Common Stock,Finance,Trusts Except Educational Religious and Charitable
FTAI,FTAI Aviation Ltd. Common Stock,Industrials,Misc Corporate Leasing Services
FTAIM,FTAI Aviation Ltd. 9.500% Fixed-Rate Reset Series D Cumulative Perpetual Redeemable Preferred Shares,Industrials,Misc Corporate Leasing Services
FTAIN,FTAI Aviation Ltd. 8.25% Fixed - Rate Reset Series C Cumulative Perpetual Redeemable Preferred Shares,Industrials,Misc Corporate Leasing Services
FTCI,FTC Solar Inc. Common Stock,Technology,Semiconductors
FTDR,Frontdoor Inc. Common Stock,Consumer Discretionary,Diversified Commercial Services
FTEK,Fuel Tech Inc. Common Stock,Industrials,Pollution Control Equipment
FTF,Franklin Limited Duration Income Trust Common Shares of Beneficial Interest,Finance,Finance/Investors Services
FTHM,Fathom Holdings Inc. Common Stock,Finance,Real Estate
FTHY,First Trust High Yield Opportunities 2027 Term Fund Common Stock,Finance,Investment Managers
FTK,Flotek Industries Inc. Common Stock,Industrials,Major Chemicals
FTLF,FitLife Brands Inc. Common Stock,Health Care, Medicinal Chemicals and Botanical Products 
FTNT,Fortinet Inc. Common Stock,Technology,Computer peripheral equipment
FTRE,Fortrea Holdings Inc. Common Stock,Health Care,Medical Specialities
FTS,Fortis Inc. Common Shares,Utilities,Electric Utilities: Central
FTV,Fortive Corporation Common Stock ,Industrials,Industrial Machinery/Components
FUBO,FuboTV Inc. Class A Common Stock,Consumer Discretionary,Movies/Entertainment
FUL,H. B. Fuller Company Common Stock,Industrials,Home Furnishings
FULC,Fulcrum Therapeutics Inc. Common Stock,Health Care,Biotechnology: Pharmaceutical Preparations
FULT,Fulton Financial Corporation Common Stock,Finance,Major Banks
FULTP,Fulton Financial Corporation Depositary Shares Each Representing a 1/40th Interest in a Share of Fixed Rate Non-Cumulative Perpetual Preferred Stock Series A,Finance,Major Banks
FUN,Six Flags Entertainment Corporation Common Stock New,Consumer Discretionary,Services-Misc. Amusement & Recreation
FUNC,First United Corporation Common Stock,Finance,Major Banks
FUND,Sprott Focus Trust Inc. Common Stock,Finance,Investment Managers
FUSB,First US Bancshares Inc. Common Stock,Finance,Major Banks
FUSE,Fusemachines Inc. Common stock,Technology,EDP Services
FUSEW,Fusemachines Inc. Warrants,Technology,EDP Services
FVAV,Fortress Value Acquisition Corp. V Class A Ordinary Shares,,
FVCB,FVCBankcorp Inc. Common Stock,Finance,Major Banks
FVR,FrontView REIT Inc. Common Stock,Real Estate,Real Estate Investment Trusts
FWDI,Forward Industries Inc. Common Stock,Industrials,Plastic Products
FWONA,Liberty Media Corporation Series A Liberty Formula One Common Stock,Industrials,Broadcasting
FWONK,Liberty Media Corporation Series C Liberty Formula One Common Stock,Industrials,Broadcasting
FWRD,Forward Air Corporation Common Stock,Industrials,Integrated Freight & Logistics
FWRG,First Watch Restaurant Group Inc. Common Stock,Consumer Discretionary,Restaurants
FXNC,First National Corporation Common Stock,Finance,Major Banks
GAB,Gabelli Equity Trust Inc. (The) Common Stock,Finance,Investment Managers
GAB^G,Gabelli Equity Trust Inc. (The) Series G Cumulative Preferred Stock,,
GAB^H,Gabelli Equity Trust Inc. (The) Pfd Ser H,,
GAB^K,Gabelli Equity Trust Inc. (The) 5.00% Series K Cumulative Preferred Stock,,
GABC,German American Bancorp Inc. Common Stock,Finance,Major Banks
GAIA,Gaia Inc. Class A Common Stock,Consumer Discretionary,Movies/Entertainment
GAIN,Gladstone Investment Corporation Business Development Company,Finance,Finance: Consumer Services
GAING,Gladstone Investment Corporation 7.125% Notes due 2031,Finance,Finance: Consumer Services
GAINI,Gladstone Investment Corporation 7.875% Notes due 2030,Finance,Finance: Consumer Services
GAINZ,Gladstone Investment Corporation 4.875% Notes due 2028,Finance,Finance: Consumer Services
GALT,Galectin Therapeutics Inc. Common Stock,Health Care,Biotechnology: Pharmaceutical Preparations
GAM,General American Investors Inc. Common Stock,Finance,Investment Managers
GAM^B,General American Investors Company Inc. Cumulative Preferred Stock,,
GAME,GameSquare Holdings Inc. Common Stock,Consumer Discretionary,Services-Misc. Amusement & Recreation
GANX,Gain Therapeutics Inc. Common Stock,Health Care,Biotechnology: Pharmaceutical Preparations
GAP,Gap Inc. (The) Common Stock,Consumer Discretionary,Clothing/Shoe/Accessory Stores
GATX,GATX Corporation Common Stock,Consumer Discretionary,Transportation Services
GBAB,Guggenheim Taxable Municipal Bond & Investment Grade Debt Trust Common Shares of Beneficial Interest,Finance,Investment Managers
GBCI,Glacier Bancorp Inc. Common Stock,Finance,Major Banks
GBDC,Golub Capital BDC Inc. Common Stock,Finance,Finance: Consumer Services
GBFH,GBank Financial Holdings Inc. Common Stock,Finance,Commercial Banks
GBLI,Global Indemnity Group LLC Class A Common Stock ,Finance,Property-Casualty Insurers
GBR,New Concept Energy Inc Common Stock,Energy,Oil & Gas Production
GBTG,Global Business Travel Group Inc. Class A Common Stock,Consumer Discretionary,Transportation Services
GBX,Greenbrier Companies Inc. (The) Common Stock,Industrials,Railroads
GCBC,Greene County Bancorp Inc. Common Stock,Finance,Banks
GCGRU,General Catalyst Global Resilience Merger Corp. Units,,
GCMG,GCM Grosvenor Inc. Class A Common Stock,Finance,Investment Managers
GCO,Genesco Inc. Common Stock,Consumer Discretionary,Clothing/Shoe/Accessory Stores
GCT,GigaCloud Technology Inc Class A Ordinary Shares,Consumer Discretionary,Catalog/Specialty Distribution
GCTK,GlucoTrack Inc. Common Stock,Health Care,Medical/Dental Instruments
GCTS,GCT Semiconductor Holding Inc. Common Stock,Technology,Semiconductors
GCV,Gabelli Convertible and Income Securities Fund Inc. (The) Common Stock,Finance,Finance/Investors Services
GD,General Dynamics Corporation Common Stock,Industrials,Marine Transportation
GDC,GD Culture Group Limited Common Stock,Industrials,Steel/Iron Ore
GDDY,GoDaddy Inc. Class A Common Stock,Technology,EDP Services
GDL,GDL Fund The Common Shares of Beneficial Interest,Finance,Investment Managers
GDO,Western Asset Global Corporate Opportunity Fund Inc. Common Stock,Finance,Finance Companies
GDOT,Green Dot Corporation Class A Common Stock $0.001 par value,Finance,Finance: Consumer Services
GDRX,GoodRx Holdings Inc. Class A Common Stock,Technology,EDP Services
GDV,Gabelli Dividend & Income Trust Common Shares of Beneficial Interest,Finance,Investment Managers
GDV^H,The Gabelli Dividend & Income Trust 5.375% Series H Cumulative Preferred Shares,,
GDV^K,The Gabelli Dividend & Income Trust 4.250% Series K Cumulative Preferred Shares,,
GDYN,Grid Dynamics Holdings Inc. Class A Common Stock,Technology,Computer Software: Prepackaged Software
GE,GE Aerospace Common Stock,Technology,Consumer Electronics/Appliances
GECC,Great Elm Capital Corp. Common Stock,Finance,Finance: Consumer Services
GECCG,Great Elm Capital Corp. 7.75% Notes Due 2030,Finance,Finance: Consumer Services
GECCH,Great Elm Capital Corp. 8.125% Notes Due 2029,,
GECCI,Great Elm Capital Corp. 8.50% NOTES DUE 2029,Finance,Finance Companies
GECCO,Great Elm Capital Corp. 5.875% Notes due 2026,Finance,Finance Companies
GEF,Greif Inc. Class A Common Stock,,
GEG,Great Elm Group Inc. Common Stock,Technology,Computer Software: Prepackaged Software
GEGGL,Great Elm Group Inc.  7.25% Notes due 2027,Technology,Computer Software: Prepackaged Software
GEHC,GE HealthCare Technologies Inc. Common Stock ,Health Care,Medical Electronics
GEL,Genesis Energy L.P. Common Units,Energy,Oil Refining/Marketing
GEMI,Gemini Space Station Inc. Class A Common Stock,Finance,Investment Bankers/Brokers/Service
GEN,Gen Digital Inc. Common Stock,Technology,Computer Software: Prepackaged Software
GENB,Generate Biomedicines Inc. Common Stock,Health Care,Biotechnology: Pharmaceutical Preparations
GENC,Gencor Industries Inc. Common Stock,Industrials,Construction/Ag Equipment/Trucks
GENK,GEN Restaurant Group Inc. Class A Common Stock,Consumer Discretionary,Restaurants
GENVR,Gen Digital Inc. Contingent Value Rights,Technology,Computer Software: Prepackaged Software
GEO,Geo Group Inc (The) REIT,Consumer Discretionary,Homebuilding
GEOS,Geospace Technologies Corporation Common Stock (Texas),Industrials,Industrial Machinery/Components
GERN,Geron Corporation Common Stock,Health Care,Biotechnology: Pharmaceutical Preparations
GETY,Getty Images Holdings Inc. Class A Common Stock,Real Estate,Real Estate
GEV,GE Vernova Inc. Common Stock,,
GEVO,Gevo Inc. Common Stock,Industrials,Major Chemicals
GF,New Germany Fund Inc. (The) Common Stock,Finance,Investment Managers
GFF,Griffon Corporation Common Stock,Industrials,Building Products
GFS,GlobalFoundries Inc. Ordinary Shares,Technology,Semiconductors
GGG,Graco Inc. Common Stock,Industrials,Fluid Controls
GGN,GAMCO Global Gold Natural Resources & Income Trust,Finance,Finance/Investors Services
GGN^B,GAMCO Global Gold Natural Reources & Income Trust 5.00% Series B Cumulative 25.00 Liquidation Preference,,
GGRP,The Glimpse Group Inc. Common Stock,Technology,EDP Services
GGT,Gabelli Multi-Media Trust Inc. (The) Common Stock,Finance,Trusts Except Educational Religious and Charitable
GGT^E,Gabelli Multi-Media Trust Inc. (The) 5.125% Series E Cumulative Preferred Stock,,
GGT^G,Gabelli Multi-Media Trust Inc. (The) 5.125% Series G Cumulative Preferred Shares,,
GH,Guardant Health Inc. Common Stock,Health Care,Medical Specialities
GHC,Graham Holdings Company Common Stock,Real Estate,Other Consumer Services
GHI,Greystone Housing Impact Investors LP Beneficial Unit Certificates representing assignments of limited partnership interests,Finance,Finance: Consumer Services
GHM,Graham Corporation Common Stock,Industrials,Industrial Machinery/Components
GHY,PGIM Global High Yield Fund Inc.,Finance,Trusts Except Educational Religious and Charitable
GIC,Global Industrial Company Common Stock,Industrials,Industrial Machinery/Components
GIFT,Giftify Inc. Common Stock,Consumer Discretionary,Catalog/Specialty Distribution
GIG,GigCapital7 Corp. Class A Ordinary Share,Finance,Blank Checks
GIGGU,GigCapital7 Corp. Unit,Technology,Computer Software: Prepackaged Software
GIGGW,GigCapital7 Corp. Warrant,Finance,Blank Checks
GIII,G-III Apparel Group LTD. Common Stock,Consumer Discretionary,Apparel
GILD,Gilead Sciences Inc. Common Stock,Health Care,Biotechnology: Biological Products (No Diagnostic Substances)
GIPR,Generation Income Properties Inc. Common Stock,Real Estate,Real Estate Investment Trusts
GIPRW,Generation Income Properties Inc Warrant,Real Estate,Real Estate Investment Trusts
GIS,General Mills Inc. Common Stock,Consumer Staples,Packaged Foods
GIW,GigCapital8 Corp. Class A Ordinary Shares,,
GIWWR,GigCapital8 Corp. Rights,,
GIWWU,GigCapital8 Corp. Units,,
GIXXR,GigCapital9 Corp. Rights,,
GIXXU,GigCapital9 Corp. Units,Finance,Blank Checks
GJH,Synthetic Fixed-Income Securities Inc 6.375% (STRATS) Cl A-1,Finance,Finance: Consumer Services
GJR,Synthetic Fixed-Income Securities Inc. STRATS Trust for Procter&Gamble Securities Series 2006-1,Finance,Finance: Consumer Services
GJS,Goldman Sachs Group Securities STRATS Trust for Goldman Sachs Group Securities Series 2006-2,Finance,Finance: Consumer Services
GJT,Synthetic Fixed-Income Securities Inc. Floating Rate Structured Repackaged Asset-Backed Trust Securities Certificates Series 2006-3,Finance,Finance: Consumer Services
GKOS,Glaukos Corporation Common Stock,Health Care,Medical/Dental Instruments
GL,Globe Life Inc. Common Stock,Finance,Life Insurance
GL^D,Globe Life Inc. 4.25% Junior Subordinated Debentures due 2061,,
GLAD,Gladstone Capital Corporation Common Stock,Consumer Discretionary,Textiles
GLIBA,GCI Liberty Inc. Series A GCI Group Common Stock,Telecommunications,Cable & Other Pay Television Services
GLIBK,GCI Liberty Inc. Series C GCI Group Common Stock,Telecommunications,Cable & Other Pay Television Services
GLND,Greenland Energy Company Common Stock,Energy,Oil & Gas Production
GLNDW,Greenland Energy Company Warrant,Energy,Oil & Gas Production
GLO,Clough Global Opportunities Fund Common Stock,Finance,Finance/Investors Services
GLOB,Globant S.A. Common Shares,Technology,EDP Services
GLOO,Gloo Holdings Inc. Class A Common Stock,Technology,EDP Services
GLP,Global Partners LP Common Units representing Limited Partner Interests,Energy,Oil Refining/Marketing
GLP^B,Global Partners LP 9.50% Series B Fixed Rate Cumulative Redeemable Perpetual Preferred Units representing limited partner interests,,
GLPI,Gaming and Leisure Properties Inc. Common Stock,Real Estate,Real Estate Investment Trusts
GLQ,Clough Global Equity Fund Clough Global Equity Fund Common Shares of Beneficial Interest,Finance,Finance/Investors Services
GLSI,Greenwich LifeSciences Inc. Common Stock,Health Care,Biotechnology: Pharmaceutical Preparations
GLU,Gabelli Global Utility Common Shares of Beneficial Ownership,Finance,Finance/Investors Services
GLUE,Monte Rosa Therapeutics Inc. Common Stock,Health Care,Biotechnology: Biological Products (No Diagnostic Substances)
GLV,Clough Global Dividend and Income Fund Common Shares of beneficial interest,Finance,Finance/Investors Services
GLW,Corning Incorporated Common Stock,Industrials,Telecommunications Equipment
GLXY,Galaxy Digital Inc. Class A Common Stock,Finance,Investment Bankers/Brokers/Service
GM,General Motors Company Common Stock,Industrials,Auto Manufacturing
GME,GameStop Corporation Common Stock,Consumer Discretionary,Electronics Distribution
GMED,Globus Medical Inc. Class A Common Stock,Health Care,Medical/Dental Instruments
GNE,Genie Energy Ltd. Class B Common Stock Stock,Utilities,Power Generation
GNK,Genco Shipping & Trading Limited Ordinary Shares New (Marshall Islands),Consumer Discretionary,Marine Transportation
GNL,Global Net Lease Inc. Common Stock,Real Estate,Real Estate Investment Trusts
GNL^A,Global Net Lease Inc. 7.25% Series A Cumulative Redeemable Preferred Stock $0.01 par value per share,,
GNL^B,Global Net Lease Inc. 6.875% Series B Cumulative Redeemable Perpetual Preferred Stock,,
GNL^D,Global Net Lease Inc. 7.50% Series D Cumulative Redeemable Perpetual Preferred Stock,,
GNL^E,Global Net Lease Inc. 7.375% Series E Cumulative Redeemable Perpetual Preferred Stock,,
GNLN,Greenlane Holdings Inc. Class A Common Stock,Consumer Discretionary,Durable Goods
GNLX,Genelux Corporation Common Stock,Health Care,Biotechnology: Pharmaceutical Preparations
GNPX,Genprex Inc. Common Stock,Health Care,Biotechnology: Pharmaceutical Preparations
GNRC,Generac Holdlings Inc. Common Stock,Consumer Discretionary,Metal Fabrications
GNSS,Genasys Inc. Common Stock,Consumer Staples,Consumer Electronics/Appliances
GNT,GAMCO Natural Resources Gold & Income Trust,Finance,Finance/Investors Services
GNT^A,GAMCO Natural Resources Gold & Income Tust  5.20% Series A Cumulative Preferred Shares (Liquidation Preference $25.00 per share),,
GNTX,Gentex Corporation Common Stock,Consumer Discretionary,Auto Parts:O.E.M.
GNW,Genworth Financial Inc Common Stock,Finance,Life Insurance
GO,Grocery Outlet Holding Corp. Common Stock,Consumer Staples,Food Chains
GOAI,Eva Live Inc. Common Stock,Technology,Computer Software: Programming Data Processing
GOCO,GoHealth Inc. Class A Common Stock,Finance,Specialty Insurers
GOF,Guggenheim Strategic Opportunities Fund Common Shares of Beneficial Interest,Finance,Finance/Investors Services
GOGO,Gogo Inc. Common Stock,Consumer Discretionary,Telecommunications Equipment
GOLD,Gold.com Inc. Common Stock,Industrials,Other Specialty Stores
GOLF,Acushnet Holdings Corp. Common Stock,Consumer Discretionary,Recreational Games/Products/Toys
GOOD,Gladstone Commercial Corporation Real Estate Investment Trust,Real Estate,Real Estate
GOODN,Gladstone Commercial Corporation 6.625% Series E Cumulative Redeemable Preferred Stock,Real Estate,Real Estate
GOODO,Gladstone Commercial Corporation 6.00% Series G Cumulative Redeemable Preferred Stock par value $0.001 per share,Real Estate,Real Estate
GOOG,Alphabet Inc. Class C Capital Stock,Technology,Computer Software: Programming Data Processing
GOOGL,Alphabet Inc. Class A Common Stock,Technology,Computer Software: Programming Data Processing
GORO,Gold Resource Corporation Common Stock,Basic Materials,Precious Metals
GOSS,Gossamer Bio Inc. Common Stock,Health Care,Biotechnology: Pharmaceutical Preparations
GOVX,GeoVax Labs Inc. Common Stock,Health Care,Biotechnology: Pharmaceutical Preparations
GPAC,General Purpose Acquisition Corp. Class A Ordinary Shares,,
GPAT,GP-Act III Acquisition Corp. Class A Ordinary Share,,
GPATW,GP-Act III Acquisition Corp. Warrants,,
GPC,Genuine Parts Company Common Stock,Consumer Discretionary,Automotive Aftermarket
GPCR,Structure Therapeutics Inc. American Depositary Shares,Health Care,Biotechnology: Pharmaceutical Preparations
GPGI,GPGI Inc. Class A Common Stock,Finance,Finance: Consumer Services
GPI,Group 1 Automotive Inc. Common Stock,Consumer Discretionary,Retail-Auto Dealers and Gas Stations
GPJA,Georgia Power Company Series 2017A 5.00% Junior Subordinated Notes due October 1 2077,Utilities,Electric Utilities: Central
GPK,Graphic Packaging Holding Company,Consumer Discretionary,Containers/Packaging
GPMT,Granite Point Mortgage Trust Inc. Common Stock,Real Estate,Real Estate Investment Trusts
GPMT^A,Granite Point Mortgage Trust Inc. 7.00% Series A Fixed-to-Floating Rate Cumulative Redeemable Preferred Stock,,
GPN,Global Payments Inc. Common Stock,Real Estate,Real Estate
GPOR,Gulfport Energy Corporation Common Shares,Energy,Oil & Gas Production
GPRE,Green Plains Inc. Common Stock,Industrials,Major Chemicals
GPRO,GoPro Inc. Class A Common Stock,Consumer Discretionary,Industrial Machinery/Components
GPUS,Hyperscale Data Inc. Common Stock,Technology,Industrial Machinery/Components
GPUS^D,Hyperscale Data Inc. 13.00% Series D Cumulative Redeemable Perpetual Preferred Stock,,
GRAL,GRAIL Inc. Common Stock ,Health Care,Medical Specialities
GRBK,Green Brick Partners Inc. Common Stock,Consumer Discretionary,Homebuilding
GRBK^A,Green Brick Partners Inc. Depositary Shares (each representing a 1/1000th fractional interest in a share of 5.75% Series A Cumulative Perpetual Preferred Stock),,
GRC,Gorman-Rupp Company (The) Common Stock,Industrials,Fluid Controls
GRDN,Guardian Pharmacy Services Inc. Class A Common Stock,Consumer Staples,Retail-Drug Stores and Proprietary Stores
GRDX,GridAI Technologies Corp. Common Stock,Health Care,Biotechnology: Pharmaceutical Preparations
GREE,Greenidge Generation Holdings Inc. Class A Common Stock,Finance,Finance: Consumer Services
GREEL,Greenidge Generation Holdings Inc. 8.50% Senior Notes due 2026,Finance,Finance: Consumer Services
GRF,Eagle Capital Growth Fund Inc. Common Stock,Finance,Finance/Investors Services
GRI,GRI Bio Inc. Common Stock,Health Care,Biotechnology: Pharmaceutical Preparations
GRML,Greenland Mines Ltd. Common Stock,,
GRMLW,Greenland Mines Ltd Warrant,Health Care,Biotechnology: Biological Products (No Diagnostic Substances)
GRNT,Granite Ridge Resources Inc. Common Stock,Energy,Oil & Gas Production
GROW,U.S. Global Investors Inc. Class A Common Stock,Finance,Investment Managers
GRPN,Groupon Inc. Common Stock,Consumer Discretionary,Advertising
GRWG,GrowGeneration Corp. Common Stock,Consumer Discretionary,RETAIL: Building Materials
GRX,The Gabelli Healthcare & Wellness Trust Common Shares of Beneficial Interest,Finance,Finance/Investors Services
GS,Goldman Sachs Group Inc. (The) Common Stock,Finance,Investment Bankers/Brokers/Service
GS^A,Goldman Sachs Group Inc. (The) Depositary Shares each representing 1/1000th Interest in a Share of Floating Rate Non-Cumulative Preferred Stock Series A,,
GS^C,Goldman Sachs Group Inc. (The) Depositary Share repstg 1/1000th Preferred Series C,,
GS^D,Goldman Sachs Group Inc. (The) Dep Shs repstg 1/1000 Pfd Ser D Fltg,,
GSAT,Globalstar Inc. Common Stock,Consumer Discretionary,Telecommunications Equipment
GSBC,Great Southern Bancorp Inc. Common Stock,Finance,Major Banks
GSBD,Goldman Sachs BDC Inc. Common Stock,Finance,Investment Managers
GSHD,Goosehead Insurance Inc. Class A Common Stock,Finance,Specialty Insurers
GSHR,Gesher Acquisition Corp. II Class A Ordinary Shares,,
GSHRW,Gesher Acquisition Corp. II Warrants,Finance,Blank Checks
GSIT,GSI Technology Common Stock,Technology,Semiconductors
GSRF,GSR IV Acquisition Corp. Class A ordinary share,,
GT,The Goodyear Tire & Rubber Company Common Stock,Consumer Discretionary,Automotive Aftermarket
GTBP,GT Biopharma Inc. Common Stock,Health Care,Biotechnology: Pharmaceutical Preparations
GTENW,Gores Holdings X Inc. Warrants,,
GTIM,Good Times Restaurants Inc. Common Stock,Consumer Discretionary,Restaurants
GTLB,GitLab Inc. Class A Common Stock,Technology,Computer Software: Prepackaged Software
GTLS,Chart Industries Inc. Common Stock,Industrials,Metal Fabrications
GTM,ZoomInfo Technologies Inc Common Stock,Technology,Computer Software: Prepackaged Software
GTN,Gray Media Inc. Common Stock,Industrials,Broadcasting
GTY,Getty Realty Corporation Common Stock,Finance,Real Estate
GUG,Guggenheim Active Allocation Fund Common Shares of Beneficial Interest,Finance,Trusts Except Educational Religious and Charitable
GUT,Gabelli Utility Trust (The) Common Stock,Finance,Trusts Except Educational Religious and Charitable
GUT^C,Gabelli Utility Trust (The) 5.375% Series C Cumulative Preferred Shares,,
GUTS,Fractyl Health Inc. Common Stock,Health Care,Medical/Dental Instruments
GVA,Granite Construction Incorporated Common Stock,Industrials,Military/Government/Technical
GWAV,Greenwave Technology Solutions Inc. Common Stock,Industrials,Metal Fabrications
GWH,ESS Tech Inc. Common Stock,Miscellaneous,Industrial Machinery/Components
GWRE,Guidewire Software Inc. Common Stock,Technology,Computer Software: Prepackaged Software
GWRS,Global Water Resources Inc. Common Stock,Utilities,Water Supply
GWW,W.W. Grainger Inc. Common Stock,Industrials,Office Equipment/Supplies/Services
GXAI,Gaxos.ai Inc. Common Stock,Technology,Computer Software: Prepackaged Software
GXO,GXO Logistics Inc. Common Stock ,Consumer Discretionary,Transportation Services
GYRE,Gyre Therapeutics Inc. Common Stock,Health Care,Biotechnology: Pharmaceutical Preparations
GYRO,Gyrodyne LLC Common Stock,Real Estate,Building operators
H,Hyatt Hotels Corporation Class A Common Stock,Consumer Discretionary,Hotels/Resorts
HACQ,HCM IV Acquisition Corp. Class A Ordinary Share,Finance,Blank Checks
HACQU,HCM IV Acquisition Corp. Unit,,
HACQW,HCM IV Acquisition Corp. Warrants,Finance,Blank Checks
HAE,Haemonetics Corporation Common Stock,Health Care,Medical/Dental Instruments
HAFC,Hanmi Financial Corporation Common Stock,Finance,Major Banks
HAIN,Hain Celestial Group Inc. (The) Common Stock,Consumer Staples,Packaged Foods
HAL,Halliburton Company Common Stock,Energy,Oilfield Services/Equipment
HALO,Halozyme Therapeutics Inc. Common Stock,Health Care,Biotechnology: Biological Products (No Diagnostic Substances)
HAS,Hasbro Inc. Common Stock,Consumer Discretionary,Recreational Games/Products/Toys
HASI,HA Sustainable Infrastructure Capital Inc. Common Stock,Finance,Finance/Investors Services
HAYW,Hayward Holdings Inc. Common Stock,Industrials,Industrial Machinery/Components
HBAN,Huntington Bancshares Incorporated Common Stock,Finance,Major Banks
HBANL,Huntington Bancshares Incorporated Depositary Shares Each Representing a 1/40th Interest in a Share of 6.875% Series J Non-Cumulative Perpetual Preferred Stock,Finance,Major Banks
HBANM,Huntington Bancshares Incorporated Depositary Shares each representing a 1/1000th interest in a share of Huntington Series I Preferred Stock,Finance,Major Banks
HBANP,Huntington Bancshares Incorporated Depositary Shares 4.500% Series H Non-Cumulative Perpetual Preferred Stock,Finance,Major Banks
HBANZ,Huntington Bancshares Incorporated Depositary Shares Each Representing a 1/1000th Interest in a Share of 5.50% Series L Non-Cumulative Perpetual Preferred Stock,Finance,Major Banks
HBB,Hamilton Beach Brands Holding Company Class A Common Stock ,Consumer Discretionary,Home Furnishings
HBCP,Home Bancorp Inc. Common Stock,Finance,Banks
HBIO,Harvard Bioscience Inc. Common Stock,Industrials,Biotechnology: Laboratory Analytical Instruments
HBNC,Horizon Bancorp Inc. Common Stock,Finance,Major Banks
HBT,HBT Financial Inc. Common Stock,Finance,Major Banks
HCA,HCA Healthcare Inc. Common Stock,Health Care,Hospital/Nursing Management
HCAT,Health Catalyst Inc Common Stock,Technology,Computer Software: Programming Data Processing
HCC,Warrior Met Coal Inc. Common Stock,Energy,Coal Mining
HCI,HCI Group Inc. Common Stock,Finance,Property-Casualty Insurers
HCIC,Hennessy Capital Investment Corp. VIII Class A Ordinary Shares,,
HCICU,Hennessy Capital Investment Corp. VIII Units,,
HCKT,Hackett Group Inc (The). Common Stock,Consumer Discretionary,Professional Services
HCMA,HCM III Acquisition Corp. Class A Ordinary Share,Consumer Discretionary,Hotels/Resorts
HCMAU,HCM III Acquisition Corp. Units,,
HCSG,Healthcare Services Group Inc. Common Stock,Health Care,Hospital/Nursing Management
HCTI,Healthcare Triangle Inc. Common Stock,Technology,EDP Services
HCWB,HCW Biologics Inc. Common Stock,Health Care,Biotechnology: Pharmaceutical Preparations
HCXY,Hercules Capital Inc. 6.25% Notes due 2033,Finance,Investment Managers
HD,Home Depot Inc. (The) Common Stock,Consumer Discretionary,RETAIL: Building Materials
HDSN,Hudson Technologies Inc. Common Stock,Consumer Discretionary,Industrial Specialties
HE,Hawaiian Electric Industries Inc. Common Stock,Utilities,Electric Utilities: Central
HEI,Heico Corporation Common Stock,Industrials,Aerospace
HEI/A,Heico Corporation,,
HEQ,John Hancock Diversified Income Fund Common Shares of Beneficial Interest,Finance,Investment Managers
HERZ,Herzfeld Credit Income Fund Inc. Common Stock,Finance,Investment Managers
HESM,Hess Midstream LP Class A Representing Limited Partner Interests,Energy,Oil & Gas Production
HFBL,Home Federal Bancorp Inc. of Louisiana Common Stock,Finance,Savings Institutions
HFFG,HF Foods Group Inc. Common Stock,Consumer Discretionary,Food Distributors
HFRO,Highland Opportunities and Income Fund Common Shares of Beneficial Interest,Finance,Finance/Investors Services
HFRO^A,Highland Opportunities and Income Fund 5.375% Series A Cumulative Preferred Shares,,
HFRO^B,Highland Opportunities and Income Fund 5.375% Series B Cumulative Preferred Shares,,
HFWA,Heritage Financial Corporation Common Stock,Finance,Banks
HGBL,Heritage Global Inc. Common Stock,Real Estate,Real Estate
HGTY,Hagerty Inc. Class A Common Stock,Finance,Specialty Insurers
HGV,Hilton Grand Vacations Inc. Common Stock ,Consumer Discretionary,Hotels/Resorts
HHH,Howard Hughes Holdings Inc. Common Stock,Real Estate,Real Estate Investment Trusts
HHS,Harte Hanks Inc. Common Stock,Consumer Discretionary,Advertising
HIFS,Hingham Institution for Savings Common Stock,Finance,Banks
HIG,The Hartford Insurance Group Inc. Common Stock,Finance,Property-Casualty Insurers
HIG^G,The Hartford Insurance Group Inc. Depositary Shares each representing a 1/1000th interest in a share of 6.000% Non-Cumulative Preferred Stock Series G,,
HII,Huntington Ingalls Industries Inc. Common Stock,Industrials,Marine Transportation
HIMS,Hims & Hers Health Inc. Class A Common Stock,Health Care,Medical/Nursing Services
HIND,Vyome Holdings Inc. Common Stock,Health Care,Medical/Dental Instruments
HIO,Western Asset High Income Opportunity Fund Inc. Common Stock,Finance,Finance/Investors Services
HIPO,Hippo Holdings Inc. Common Stock,Finance,Property-Casualty Insurers
HIT,Health In Tech Inc. Class A Common Stock,Finance,Specialty Insurers
HIW,Highwoods Properties Inc. Common Stock,Real Estate,Real Estate Investment Trusts
HIX,Western Asset High Income Fund II Inc. Common Stock,Finance,Finance/Investors Services
HL,Hecla Mining Company Common Stock,Industrials,Mining & Quarrying of Nonmetallic Minerals (No Fuels)
HL^B,Hecla Mining Company Preferred Stock,,
HLI,Houlihan Lokey Inc. Class A Common Stock,Finance,Investment Managers
HLIO,Helios Technologies Inc. Common Stock,Industrials,Metal Fabrications
HLIT,Harmonic Inc. Common Stock,Technology,Radio And Television Broadcasting And Communications Equipment
HLLY,Holley Inc. Common Stock,Consumer Discretionary,Auto Parts:O.E.M.
HLMN,Hillman Solutions Corp. Common Stock,Consumer Discretionary,Industrial Machinery/Components
HLNE,Hamilton Lane Incorporated Class A Common Stock,Finance,Investment Managers
HLT,Hilton Worldwide Holdings Inc. Common Stock ,Consumer Discretionary,Hotels/Resorts
HLX,Helix Energy Solutions Group Inc. Common Stock,Energy,Oilfield Services/Equipment
HLXC,Helix Acquisition Corp. III Class A Ordinary Shares,,
HMH,HMH Holding Inc. Class A Common Stock,Consumer Discretionary,Oil and Gas Field Machinery
HMN,Horace Mann Educators Corporation Common Stock,Finance,Property-Casualty Insurers
HNGE,Hinge Health Inc. Class A Common Stock,Technology,EDP Services
HNI,HNI Corporation Common Stock,Consumer Discretionary,Office Equipment/Supplies/Services
HNNA,Hennessy Advisors Inc. Common Stock,Finance,Investment Managers
HNNAZ,Hennessy Advisors Inc. 4.875% Notes due 2026,Finance,Investment Managers
HNRG,Hallador Energy Company Common Stock,Energy,Coal Mining
HNST,The Honest Company Inc. Common Stock,Consumer Discretionary,Catalog/Specialty Distribution
HNVR,Hanover Bancorp Inc. Common Stock,Finance,Major Banks
HOFT,Hooker Furnishings Corporation Common Stock,Consumer Discretionary,Home Furnishings
HOG,Harley-Davidson Inc. Common Stock,Consumer Discretionary,Motor Vehicles
HOLO,MicroCloud Hologram Inc. Ordinary Shares,Technology,Computer Software: Programming Data Processing
HOLOW,MicroCloud Hologram Inc. Warrant,Technology,Computer Software: Programming Data Processing
HOMB,Home BancShares Inc. Common Stock,Finance,Major Banks
HON,Honeywell International Inc. Common Stock,Industrials,Aerospace
HOOD,Robinhood Markets Inc. Class A Common Stock,Finance,Investment Bankers/Brokers/Service
HOPE,Hope Bancorp Inc. Common Stock,Finance,Major Banks
HOTH,Hoth Therapeutics Inc. Common Stock,Health Care,Biotechnology: Pharmaceutical Preparations
HOUR,Hour Loop Inc. Common Stock,Consumer Discretionary,Catalog/Specialty Distribution
HOV,Hovnanian Enterprises Inc. Class A Common Stock,Consumer Discretionary,Homebuilding
HOVNP,Hovnanian Enterprises Inc Dep Shr Srs A Pfd,Consumer Discretionary,Homebuilding
HOVR,New Horizon Aircraft Ltd. Class A Ordinary Share,Industrials,Aerospace
HOVRW,New Horizon Aircraft Ltd. Warrant,Industrials,Aerospace
HOWL,Werewolf Therapeutics Inc. Common Stock,Health Care,Biotechnology: Pharmaceutical Preparations
HP,Helmerich & Payne Inc. Common Stock,Energy,Oil & Gas Production
HPE,Hewlett Packard Enterprise Company Common Stock,Technology,Retail: Computer Software & Peripheral Equipment
HPE^C,Hewlett Packard Enterprise Company 7.625% Series C Mandatory Convertible Preferred Stock,,
HPF,John Hancock Pfd Income Fund II Pfd Income Fund II,Finance,Finance Companies
HPI,John Hancock Preferred Income Fund Common Shares of Beneficial Interest,Finance,Trusts Except Educational Religious and Charitable
HPK,HighPeak Energy Inc. Common Stock,Energy,Oil & Gas Production
HPP,Hudson Pacific Properties Inc. Common Stock,Finance,Real Estate
HPP^C,Hudson Pacific Properties Inc. 4.750% Series C Cumulative Redeemable Preferred Stock,,
HPQ,HP Inc. Common Stock,Technology,Computer Manufacturing
HPS,John Hancock Preferred Income Fund III Preferred Income Fund III,Finance,Investment Managers
HQH,abrdn Healthcare Investors Shares of Beneficial Interest,Finance,Finance Companies
HQI,HireQuest Inc. Common Stock (DE),Consumer Discretionary,Professional Services
HQL,abrdn Life Sciences Investors Shares of Beneficial Interest,Finance,Investment Managers
HQY,HealthEquity Inc. Common Stock,Real Estate,Real Estate
HR,Healthcare Realty Trust Incorporated Common Stock,Real Estate,Real Estate Investment Trusts
HRB,H&R Block Inc. Common Stock,Consumer Discretionary,Other Consumer Services
HRI,Herc Holdings Inc. Common Stock ,Industrials,Misc Corporate Leasing Services
HRL,Hormel Foods Corporation Common Stock,Consumer Staples,Meat/Poultry/Fish
HRMY,Harmony Biosciences Holdings Inc. Common Stock,Health Care,Biotechnology: Pharmaceutical Preparations
HROW,Harrow Inc. Common Stock,Health Care,Biotechnology: Pharmaceutical Preparations
HRTG,Heritage Insurance Holdings Inc. Common Stock,Finance,Property-Casualty Insurers
HRTX,Heron Therapeutics Inc. Common Stock,Health Care,Biotechnology: Pharmaceutical Preparations
HRZN,Horizon Technology Finance Corporation Common Stock,Finance,Finance: Consumer Services
HSCS,HeartSciences Inc. Common Stock,Health Care,Industrial Specialties
HSCSW,HeartSciences Inc. Warrant,Health Care,Industrial Specialties
HSDT,Solana Company Class A Common Stock (DE),Health Care,Biotechnology: Electromedical & Electrotherapeutic Apparatus
HSIC,Henry Schein Inc. Common Stock,Health Care,Medical Specialities
HSPT,Horizon Space Acquisition II Corp. Ordinary share,Finance,Blank Checks
HSPTR,Horizon Space Acquisition II Corp. Right,Finance,Blank Checks
HSPTU,Horizon Space Acquisition II Corp. Units,,
HST,Host Hotels & Resorts Inc. Common Stock,Real Estate,Real Estate Investment Trusts
HSTM,HealthStream Inc. Common Stock,Technology,Computer Software: Programming Data Processing
HSY,The Hershey Company Common Stock,Consumer Staples,Specialty Foods
HTB,HomeTrust Bancshares Inc. Common Stock,Finance,Savings Institutions
HTD,John Hancock Tax Advantaged Dividend Income Fund Common Shares of Beneficial Interest,Finance,Finance Companies
HTFC,Horizon Technology Finance Corporation 6.25% Notes due 2027,Finance,Finance: Consumer Services
HTFL,Heartflow Inc. Common Stock,Health Care,Medical/Dental Instruments
HTGC,Hercules Capital Inc. Common Stock,Finance,Investment Managers
HTH,Hilltop Holdings Inc.,Finance,Major Banks
HTLD,Heartland Express Inc. Common Stock,Industrials,Trucking Freight/Courier Services
HTO,H2O America Common Stock,Utilities,Water Supply
HTZ,Hertz Global Holdings Inc Common Stock,Consumer Discretionary,Rental/Leasing Companies
HTZWW,Hertz Global Holdings Inc Warrant,Consumer Discretionary,Rental/Leasing Companies
HUBB,Hubbell Inc Common Stock,Technology,Electrical Products
HUBG,Hub Group Inc. Class A Common Stock,Industrials,Integrated Freight & Logistics
HUBS,HubSpot Inc. Common Stock,Technology,Computer Software: Prepackaged Software
HUM,Humana Inc. Common Stock,Health Care,Medical Specialities
HUMA,Humacyte Inc. Common Stock,Health Care,Biotechnology: Biological Products (No Diagnostic Substances)
HUMAW,Humacyte Inc. Warrant,Health Care,Biotechnology: Biological Products (No Diagnostic Substances)
HUN,Huntsman Corporation Common Stock,Industrials,Major Chemicals
HURA,TuHURA Biosciences Inc. Common Stock,Health Care,Biotechnology: Pharmaceutical Preparations
HURC,Hurco Companies Inc. Common Stock,Industrials,Industrial Machinery/Components
HURN,Huron Consulting Group Inc. Common Stock,Consumer Discretionary,Professional Services
HUT,Hut 8 Corp. Common Stock,Finance,Finance: Consumer Services
HUYA,HUYA Inc. American depositary shares each  representing one Class A ordinary share,Technology,Computer Software: Programming Data Processing
HVII,Hennessy Capital Investment Corp. VII Ordinary Shares,,
HVIIR,Hennessy Capital Investment Corp. VII Rights,Finance,Blank Checks
HVIIU,Hennessy Capital Investment Corp. VII Unit,Finance,Blank Checks
HVMC,Highview Merger Corp. Class A Ordinary Share,,
HVMCU,Highview Merger Corp. Units,Finance,Blank Checks
HVMCW,Highview Merger Corp. Warrants,,
HVT,Haverty Furniture Companies Inc. Common Stock,Consumer Discretionary,Other Specialty Stores
HVT/A,Haverty Furniture Companies Inc.,,
HWBK,Hawthorn Bancshares Inc. Common Stock,Finance,Major Banks
HWC,Hancock Whitney Corporation Common Stock,Finance,Major Banks
HWCPZ,Hancock Whitney Corporation 6.25% Subordinated Notes due 2060,Finance,Major Banks
HWH,HWH International Inc. Common Stock,Health Care,Other Pharmaceuticals
HWKN,Hawkins Inc. Common Stock,Consumer Discretionary,Specialty Chemicals
HWM,Howmet Aerospace Inc. Common Stock,Industrials,Metal Fabrications
HXL,Hexcel Corporation Common Stock,Industrials,Major Chemicals
HY,Hyster-Yale Inc. Class A common stock,Industrials,Construction/Ag Equipment/Trucks
HYFM,Hydrofarm Holdings Group Inc. Common Stock,Consumer Discretionary,Consumer Specialties
HYLN,Hyliion Holdings Corp. Class A Common Stock,Consumer Discretionary,Construction/Ag Equipment/Trucks
HYMC,Hycroft Mining Holding Corporation Class A Common Stock,Basic Materials,Precious Metals
HYNE,Hoyne Bancorp Inc. Common Stock,Finance,Banks
HYPD,Hyperion DeFi Inc. Common Stock,Health Care,Biotechnology: Pharmaceutical Preparations
HYPR,Hyperfine Inc. Class A Common Stock,Health Care,Biotechnology: Electromedical & Electrotherapeutic Apparatus
HYT,Blackrock Corporate High Yield Fund Inc. Common Stock,Finance,Finance Companies
HZO,MarineMax Inc.  (FL) Common Stock,Consumer Discretionary,Auto & Home Supply Stores
IAC,IAC Inc. Common Stock,Technology,Computer Software: Programming Data Processing
IACO,Idea Acquisition Corp. Class A Ordinary Shares,Finance,Blank Checks
IACOU,Idea Acquisition Corp. Units,Finance,Blank Checks
IACOW,Idea Acquisition Corp. Warrants,Finance,Blank Checks
IACQU,Irenic Acquisition Corp. Unit,Finance,Blank Checks
IAE,Voya Asia Pacific High Dividend Equity Income Fund ING Asia Pacific High Dividend Equity Income Fund Common Shares of Beneficial Interest,Finance,Trusts Except Educational Religious and Charitable
IAF,abrdn Australia Equity Fund Inc. Common Stock,Finance,Finance/Investors Services
IART,Integra LifeSciences Holdings Corporation Common Stock,Health Care,Medical/Dental Instruments
IBAC,IB Acquisition Corp. Common Stock,Finance,Blank Checks
IBACR,IB Acquisition Corp. Right,Finance,Blank Checks
IBCP,Independent Bank Corporation Common Stock,Finance,Major Banks
IBIO,iBio Inc. Common Stock,Health Care,Biotechnology: Pharmaceutical Preparations
IBKR,Interactive Brokers Group Inc. Class A Common Stock,Finance,Investment Bankers/Brokers/Service
IBM,International Business Machines Corporation Common Stock,Technology,Computer Manufacturing
IBOC,International Bancshares Corporation Common Stock,Finance,Major Banks
IBP,Installed Building Products Inc. Common Stock,Consumer Discretionary,Homebuilding
IBRX,ImmunityBio Inc. Common Stock,Health Care,Biotechnology: Biological Products (No Diagnostic Substances)
IBTA,Ibotta Inc. Class A Common Stock,Consumer Discretionary,Advertising
ICCC,ImmuCell Corporation Common Stock,Health Care,Biotechnology: In Vitro & In Vivo Diagnostic Substances
ICE,Intercontinental Exchange Inc. Common Stock,Finance,Investment Bankers/Brokers/Service
ICFI,ICF International Inc. Common Stock,Consumer Discretionary,Professional Services
ICHR,Ichor Holdings Ordinary Shares,Technology,Semiconductors
ICMB,Investcorp Credit Management BDC Inc. Common Stock,Finance,Finance: Consumer Services
ICU,SeaStar Medical Holding Corporation Common Stock,Health Care,Medical/Dental Instruments
ICUCW,SeaStar Medical Holding Corporation Warrant,Health Care,Medical/Dental Instruments
ICUI,ICU Medical Inc. Common Stock,Health Care,Medical/Dental Instruments
IDA,IDACORP Inc. Common Stock,Utilities,Electric Utilities: Central
IDAI,T Stamp Inc. Class A Common Stock,Technology,Computer Software: Prepackaged Software
IDCC,InterDigital Inc. Common Stock,Miscellaneous,Multi-Sector Companies
IDE,Voya Infrastructure Industrials and Materials Fund Common Shares of Beneficial Interest,Finance,Finance/Investors Services
IDN,Intellicheck Inc. Common Stock,Technology,Computer Software: Prepackaged Software
IDR,Idaho Strategic Resources Inc. Common Stock,Basic Materials,Precious Metals
IDT,IDT Corporation Class B Common Stock,Telecommunications,Telecommunications Equipment
IDXX,IDEXX Laboratories Inc. Common Stock,Health Care,Biotechnology: In Vitro & In Vivo Diagnostic Substances
IDYA,IDEAYA Biosciences Inc. Common Stock,Health Care,Biotechnology: Pharmaceutical Preparations
IEAG,Infinite Eagle Acquisition Corp. Class A Ordinary Shares,Finance,Blank Checks
IEAGR,Infinite Eagle Acquisition Corp. Rights,Finance,Blank Checks
IEAGU,Infinite Eagle Acquisition Corp. Unit,,
IEP,Icahn Enterprises L.P. Common Stock,Consumer Discretionary,Auto Parts:O.E.M.
IESC,IES Holdings Inc. Common Stock,Industrials,Engineering & Construction
IEX,IDEX Corporation Common Stock,Industrials,Fluid Controls
IFF,International Flavors & Fragrances Inc. Common Stock,Industrials,Major Chemicals
IFN,Aberdeen India Fund Inc. Common Stock,Finance,Finance/Investors Services
IGA,Voya Global Advantage and Premium Opportunity Fund Common Shares of Beneficial Interest,Finance,Investment Managers
IGACR,Invest Green Acquisition Corporation Rights,,
IGACU,Invest Green Acquisition Corporation Units,Finance,Blank Checks
IGC,IGC Pharma Inc. Common Stock,Health Care,Biotechnology: Pharmaceutical Preparations
IGD,Voya Global Equity Dividend and Premium Opportunity Fund,Finance,Trusts Except Educational Religious and Charitable
IGI,Western Asset Investment Grade Opportunity Trust Inc. Common Stock,Finance,Investment Managers
IGR,CBRE Global Real Estate Income Fund Common Shares of Beneficial Interest,Finance,Finance Companies
IH,iHuman Inc. American depositary shares each representing five Class A ordinary shares,Real Estate,Other Consumer Services
IHD,Voya Emerging Markets High Income Dividend Equity Fund Common Shares,Finance,Investment Managers
IHRT,iHeartMedia Inc. Class A Common Stock,Consumer Discretionary,Broadcasting
IHT,InnSuites Hospitality Trust Shares of Beneficial Interest,Finance,Investment Bankers/Brokers/Service
IIF,Morgan Stanley India Investment Fund Inc. Common Stock,Finance,Trusts Except Educational Religious and Charitable
III,Information Services Group Inc. Common Stock,Consumer Discretionary,Professional Services
IIIN,Insteel Industries Inc. Common Stock,Industrials,Steel/Iron Ore
IIIV,i3 Verticals Inc. Class A Common Stock,Technology,Computer Software: Prepackaged Software
IIM,Invesco Value Municipal Income Trust Common Stock,Finance,Investment Managers
IIPR,Innovative Industrial Properties Inc. Common Stock,Finance,Real Estate
IIPR^A,Innovative Industrial Properties Inc. 9.00% Series A Cumulative Redeemable Preferred Stock,,
IKT,Inhibikase Therapeutics Inc. Common Stock,Health Care,Biotechnology: Biological Products (No Diagnostic Substances)
ILLR,Triller Group Inc. Common Stock,Finance,Investment Managers
ILLRW,Triller Group Inc. Warrant,Finance,Investment Managers
ILLU,Illumination Acquisition Corp I Class A Ordinary Shares,,
ILLUU,Illumination Acquisition Corp I Units,Finance,Blank Checks
ILLUW,Illumination Acquisition Corp I Warrant,,
ILMN,Illumina Inc. Common Stock,Health Care,Medical Specialities
ILPT,Industrial Logistics Properties Trust Common Shares of Beneficial Interest,Real Estate,Real Estate Investment Trusts
IMA,ImageneBio Inc. Common Stock,Health Care,Biotechnology: Biological Products (No Diagnostic Substances)
IMDX,Insight Molecular Diagnostics Inc. Common Stock,Health Care,Biotechnology: In Vitro & In Vivo Diagnostic Substances
IMKTA,Ingles Markets Incorporated Class A Common Stock,Consumer Staples,Food Chains
IMMR,Immersion Corporation Common Stock,Technology,Computer peripheral equipment
IMMX,Immix Biopharma Inc. Common Stock,Health Care,Biotechnology: Pharmaceutical Preparations
IMNM,Immunome Inc. Common Stock,Health Care,Biotechnology: Pharmaceutical Preparations
IMNN,Imunon Inc. Common Stock,Health Care,Biotechnology: Pharmaceutical Preparations
IMRX,Immuneering Corporation Class A Common Stock,Health Care,Biotechnology: Pharmaceutical Preparations
IMSR,Terrestrial Energy Inc. Common Stock  ,,
IMSRW,Terrestrial Energy Inc. Warrant,,
IMUX,Immunic Inc. Common Stock,Health Care,Biotechnology: Pharmaceutical Preparations
IMVT,Immunovant Inc. Common Stock,Health Care,Biotechnology: Biological Products (No Diagnostic Substances)
IMXI,International Money Express Inc. Common Stock,Real Estate,Real Estate
INAB,IN8bio Inc. Common Stock,Health Care,Biotechnology: Biological Products (No Diagnostic Substances)
INAC,Indigo Acquisition Corp. Ordinary Shares,,
INACR,Indigo Acquisition Corp. Right,,
INACU,Indigo Acquisition Corp. Unit,,
INBK,First Internet Bancorp Common Stock,Finance,Major Banks
INBKZ,First Internet Bancorp 6.0% Fixed-to-Floating Rate Subordinated Notes Due 2029,Finance,Major Banks
INBS,Intelligent Bio Solutions Inc. Common Stock,Health Care,Medical/Dental Instruments
INBX,Inhibrx Biosciences Inc. Common Stock,Health Care,Biotechnology: Biological Products (No Diagnostic Substances)
INCY,Incyte Corp. Common Stock,Health Care,Biotechnology: Commercial Physical & Biological Resarch
INDB,Independent Bank Corp. Common Stock,Finance,Major Banks
INDI,indie Semiconductor Inc. Class A Common Stock,Technology,Semiconductors
INDP,Indaptus Therapeutics Inc. Common Stock,Health Care,Biotechnology: Pharmaceutical Preparations
INFU,InfuSystems Holdings Inc. Common Stock,Health Care,Medical/Dental Instruments
INGM,Ingram Micro Holding Corporation Common Stock,Technology,Retail: Computer Software & Peripheral Equipment
INGN,Inogen Inc Common Stock,Health Care,Industrial Specialties
INGR,Ingredion Incorporated Common Stock,Consumer Staples,Packaged Foods
INHD,Inno Holdings Inc. Common Stock,Industrials,Steel/Iron Ore
INKT,MiNK Therapeutics Inc. Common Stock,Health Care,Biotechnology: Biological Products (No Diagnostic Substances)
INMB,INmune Bio Inc. Common stock,Health Care,Biotechnology: Biological Products (No Diagnostic Substances)
INN,Summit Hotel Properties Inc. Common Stock,Real Estate,Real Estate Investment Trusts
INN^E,Summit Hotel Properties Inc. 6.250% Series E Cumulative Redeemable Preferred Stock,,
INN^F,Summit Hotel Properties Inc. 5.875% Series F Cumulative Redeemable Preferred Stock $0.01 par value per share,,
INNV,InnovAge Holding Corp. Common Stock,Health Care,Medical/Nursing Services
INO,Inovio Pharmaceuticals Inc. Common Stock,Health Care,Medical/Dental Instruments
INOD,Innodata Inc. Common Stock,Technology,EDP Services
INR,Infinity Natural Resources Inc. Class A Common Stock,Energy,Oil & Gas Production
INSE,Inspired Entertainment Inc. Common Stock,Technology,Computer Software: Prepackaged Software
INSG,Inseego Corp. Common Stock,Telecommunications,Telecommunications Equipment
INSM,Insmed Incorporated Common Stock,Health Care,Biotechnology: Pharmaceutical Preparations
INSP,Inspire Medical Systems Inc. Common Stock,Health Care,Medical/Dental Instruments
INSW,International Seaways Inc. Common Stock ,Consumer Discretionary,Marine Transportation
INTA,Intapp Inc. Common Stock,Technology,Computer Software: Prepackaged Software
INTC,Intel Corporation Common Stock,Technology,Semiconductors
INTG,Intergroup Corporation (The) Common Stock,Real Estate,Building operators
INTS,Intensity Therapeutics Inc. Common stock,Health Care,Biotechnology: Biological Products (No Diagnostic Substances)
INTT,inTest Corporation Common Stock,Industrials,Electrical Products
INTU,Intuit Inc. Common Stock,Technology,Computer Software: Prepackaged Software
INTZ,Intrusion Inc. Common Stock,Telecommunications,Computer Communications Equipment
INUV,Inuvo Inc.,Consumer Discretionary,Advertising
INV,Innventure Inc. Common Stock,Finance,Blank Checks
INVA,Innoviva Inc. Common Stock,Health Care,Biotechnology: Pharmaceutical Preparations
INVE,Identiv Inc. Common Stock,Technology,Computer peripheral equipment
INVH,Invitation Homes Inc. Common Stock,Finance,Real Estate
INVX,Innovex International Inc. Common Stock,Consumer Discretionary,Oil and Gas Field Machinery
IONQ,IonQ Inc. Common Stock,Technology,EDP Services
IONS,Ionis Pharmaceuticals Inc. Common Stock,Health Care,Biotechnology: Pharmaceutical Preparations
IOR,Income Opportunity Realty Investors Inc. Common Stock,Real Estate,Real Estate Investment Trusts
IOSP,Innospec Inc. Common Stock,Industrials,Major Chemicals
IOT,Samsara Inc. Class A Common Stock,Technology,EDP Services
IOVA,Iovance Biotherapeutics Inc. Common Stock,Health Care,Biotechnology: Biological Products (No Diagnostic Substances)
IP,International Paper Company Common Stock,Basic Materials,Paper
IPAR,Interparfums Inc. Common Stock,Consumer Discretionary,Package Goods/Cosmetics
IPCX,Inflection Point Acquisition Corp. III Class A Ordinary Shares,Finance,Blank Checks
IPCXR,Inflection Point Acquisition Corp. III Rights,Finance,Blank Checks
IPDN,Professional Diversity Network Inc. Common Stock,Technology,Computer Software: Programming Data Processing
IPEX,Inflection Point Acquisition Corp. V Class A Ordinary Shares,Health Care,Biotechnology: Pharmaceutical Preparations
IPEXR,Inflection Point Acquisition Corp. V Rights,Finance,Blank Checks
IPFXU,Inflection Point Acquisition Corp. VI Units,Finance,Blank Checks
IPGP,IPG Photonics Corporation Common Stock,Technology,Semiconductors
IPI,Intrepid Potash Inc Common Stock,Industrials,Mining & Quarrying of Nonmetallic Minerals (No Fuels)
IPM,Intelligent Protection Management Corp. Common Stock ,Technology,Computer Software: Programming Data Processing
IPOD,Dune Acquisition Corporation II Class A Ordinary Shares,Finance,Blank Checks
IPODU,Dune Acquisition Corporation II Units,Finance,Blank Checks
IPODW,Dune Acquisition Corporation II Warrants,Finance,Blank Checks
IPSC,Century Therapeutics Inc. Common Stock,Health Care,Biotechnology: Biological Products (No Diagnostic Substances)
IPST,IP Strategy Holdings Inc. Common Stock,Consumer Staples,Beverages (Production/Distribution)
IPW,iPower Inc. Common Stock,Consumer Discretionary,RETAIL: Building Materials
IPWR,Ideal Power Inc. Common Stock,Technology,Semiconductors
IPX,IperionX Limited American Depositary Share,Basic Materials,Other Metals and Minerals
IQI,Invesco Quality Municipal Income Trust Common Stock,Finance,Finance Companies
IQST,iQSTEL Inc. Common Stock,Telecommunications,Telecommunications Equipment
IQV,IQVIA Holdings Inc. Common Stock,Health Care,Biotechnology: Commercial Physical & Biological Resarch
IR,Ingersoll Rand Inc. Common Stock,Industrials,Industrial Machinery/Components
IRD,Opus Genetics Inc. Common Stock,Health Care,Biotechnology: Pharmaceutical Preparations
IRDM,Iridium Communications Inc Common Stock,Telecommunications,Telecommunications Equipment
IRHO,Iron Horse Acquisitions II Corp. Common Stock,,
IRHOR,Iron Horse Acquisitions Corp. II Rights,,
IRHOU,Iron Horse Acquisitions II Corp. Units,Finance,Blank Checks
IRIX,IRIDEX Corporation Common Stock,Health Care,Biotechnology: Electromedical & Electrotherapeutic Apparatus
IRM,Iron Mountain Incorporated (Delaware)Common Stock REIT,Real Estate,Real Estate Investment Trusts
IRMD,iRadimed Corporation Common Stock,Health Care,Medical/Dental Instruments
IRON,Disc Medicine Inc. Common Stock,Health Care,Biotechnology: Pharmaceutical Preparations
IRT,Independence Realty Trust Inc. Common Stock,Real Estate,Real Estate Investment Trusts
IRTC,iRhythm Holdings Inc. Common Stock,Health Care,Medical/Dental Instruments
IRWD,Ironwood Pharmaceuticals Inc. Class A Common Stock,Health Care,Biotechnology: Pharmaceutical Preparations
ISBA,Isabella Bank Corporation Common stock,Finance,Major Banks
ISD,PGIM High Yield Bond Fund Inc.,Finance,Trusts Except Educational Religious and Charitable
ISPC,iSpecimen Inc. Common Stock,Health Care,Biotechnology: Commercial Physical & Biological Resarch
ISPR,Ispire Technology Inc. Common Stock,Health Care, Medicinal Chemicals and Botanical Products 
ISRG,Intuitive Surgical Inc. Common Stock,Health Care,Industrial Specialties
ISSC,Innovative Solutions and Support Inc. Common Stock,Technology,EDP Services
ISTR,Investar Holding Corporation Common Stock,Finance,Major Banks
IT,Gartner Inc. Common Stock,Consumer Discretionary,Other Consumer Services
ITGR,Integer Holdings Corporation Common Stock,Health Care,Biotechnology: Electromedical & Electrotherapeutic Apparatus
ITHA,ITHAX Acquisition Corp III Class A Ordinary Shares,,
ITHAU,ITHAX Acquisition Corp III Units,,
ITHAW,ITHAX Acquisition Corp III Warrants,,
ITIC,Investors Title Company Common Stock,Finance,Specialty Insurers
ITRI,Itron Inc. Common Stock,Industrials,Electrical Products
ITT,ITT Inc. Common Stock ,Industrials,Fluid Controls
ITW,Illinois Tool Works Inc. Common Stock,Industrials,Industrial Machinery/Components
IVDA,Iveda Solutions Inc. Common Stock,Technology,Computer Software: Prepackaged Software
IVF,INVO Fertility Inc. Common Stock,Health Care,Medical/Dental Instruments
IVR,INVESCO MORTGAGE CAPITAL INC Common Stock,Real Estate,Real Estate Investment Trusts
IVR^C,INVESCO MORTGAGE CAPITAL INC 7.5% Fixed-to-Floating Series C Cumulative Redeemable Preferred Stock Liquation Preference $25.00 per Share,,
IVT,InvenTrust Properties Corp. Common Stock,Real Estate,Real Estate Investment Trusts
IVVD,Invivyd Inc. Common Stock,Health Care,Biotechnology: Biological Products (No Diagnostic Substances)
IVZ,Invesco Ltd Common Stock,Finance,Investment Managers
IZEA,IZEA Worldwide Inc. Common Stock,Consumer Discretionary,Advertising
J,Jacobs Solutions Inc. Common Stock,Industrials,Military/Government/Technical
JACK,Jack In The Box Inc. Common Stock,Consumer Discretionary,Restaurants
JAGX,Jaguar Health Inc. Common Stock,Health Care,Biotechnology: Pharmaceutical Preparations
JAKK,JAKKS Pacific Inc. Common Stock,Consumer Discretionary,Recreational Games/Products/Toys
JANX,Janux Therapeutics Inc. Common Stock,Health Care,Biotechnology: Pharmaceutical Preparations
JATT,JATT II Acquisition Corp Ordinary Shares,,
JBGS,JBG SMITH Properties Common Shares ,Real Estate,Real Estate Investment Trusts
JBHT,J.B. Hunt Transport Services Inc. Common Stock,Industrials,Trucking Freight/Courier Services
JBI,Janus International Group Inc. Common Stock,Industrials,Building Products
JBIO,Jade Biosciences Inc. Common Stock,Health Care,Biotechnology: Pharmaceutical Preparations
JBK,Lehman ABS 3.50 3.50% Adjustable Corp Backed Tr Certs GS Cap I,Finance,Finance: Consumer Services
JBL,Jabil Inc. Common Stock,Technology,Electrical Products
JBLU,JetBlue Airways Corporation Common Stock,Consumer Discretionary,Air Freight/Delivery Services
JBSS,John B. Sanfilippo & Son Inc. Common Stock,Consumer Staples,Specialty Foods
JBTM,JBT Marel Corporation Common Stock,Industrials,Industrial Machinery/Components
JCAP,Jefferson Capital Inc. Common Stock,Finance,Finance Companies
JCE,Nuveen Core Equity Alpha Fund Common Shares of Beneficial Interest,Finance,Trusts Except Educational Religious and Charitable
JCTC,Jewett-Cameron Trading Company Common Shares,Consumer Discretionary,RETAIL: Building Materials
JEF,Jefferies Financial Group Inc. Common Stock,Finance,Investment Bankers/Brokers/Service
JELD,JELD-WEN Holding Inc. Common Stock,Basic Materials,Forest Products
JFB,JFB Construction Holdings Class A Common Stock,Consumer Discretionary,General Bldg Contractors - Nonresidential Bldgs
JFR,Nuveen Floating Rate Income Fund Common Stock,Finance,Trusts Except Educational Religious and Charitable
JGH,Nuveen Global High Income Fund Common Shares of Beneficial Interest,Finance,Investment Managers
JHI,John Hancock Investors Trust Common Stock,Finance,Trusts Except Educational Religious and Charitable
JHS,John Hancock Income Securities Trust Common Stock,Finance,Finance Companies
JILL,J. Jill Inc. Common Stock,Consumer Discretionary,Apparel
JJSF,J & J Snack Foods Corp. Common Stock,Consumer Staples,Specialty Foods
JKHY,Jack Henry & Associates Inc. Common Stock,Technology,EDP Services
JLL,Jones Lang LaSalle Incorporated Common Stock,Finance,Real Estate
JLS,Nuveen Mortgage and Income Fund,Finance,Investment Managers
JMM,Nuveen Multi-Market Income Fund (MA),Finance,Trusts Except Educational Religious and Charitable
JMSB,John Marshall Bancorp Inc. Common Stock,Finance,Major Banks
JNJ,Johnson & Johnson Common Stock,Health Care,Biotechnology: Pharmaceutical Preparations
JOB,GEE Group Inc. Common Stock,Consumer Discretionary,Diversified Commercial Services
JOBY,Joby Aviation Inc. Common Stock,Industrials,Aerospace
JOE,St. Joe Company (The) Common Stock,Real Estate,Homebuilding
JOF,Japan Smaller Capitalization Fund Inc Common Stock,Finance,Trusts Except Educational Religious and Charitable
JOUT,Johnson Outdoors Inc. Class A Common Stock,Consumer Discretionary,Recreational Games/Products/Toys
JPC,Nuveen Preferred & Income Opportunities Fund,Finance,Investment Managers
JPM,JP Morgan Chase & Co. Common Stock,Finance,Major Banks
JPM^C,J P Morgan Chase & Co Depositary Shares each representing a 1/400th interest in a share of 6.00% Non-Cumulative  Preferred Stock Series EE,,
JPM^D,J P Morgan Chase & Co Depositary Shares each representing a 1/400th  interest in a share of 5.75% Non-Cumulative  Preferred Stock Series DD,,
JPM^J,J P Morgan Chase & Co Depositary Shares each representing a 1/400th interest in a share of JPMorgan Chase & Co. 4.75% Non-Cumulative Preferred Stock Series GG,,
JPM^K,J P Morgan Chase & Co Depositary Shares each representing a 1/400th interest in a share of 4.55% Non-Cumulative Preferred Stock Series JJ,,
JPM^L,J P Morgan Chase & Co Depositary Shares each representing a 1/400th interest in a share of 4.625% Non-Cumulative Preferred Stock Series LL,,
JPM^M,J P Morgan Chase & Co Depositary Shares each representing a 1/400th interest in a share of 4.20% Non-Cumulative Preferred Stock Series MM,,
JQC,Nuveen Credit Strategies Income Fund Shares of Beneficial Interest,Finance,Finance Companies
JRI,Nuveen Real Asset Income and Growth Fund Common Shares of Beneficial Interest,Finance,Finance Companies
JRS,Nuveen Real Estate Income Fund Common Shares of Beneficial Interest,Finance,Finance/Investors Services
JRSH,Jerash Holdings (US) Inc. Common Stock,Consumer Discretionary,Apparel
JSM,Navient Corporation 6% Senior Notes due December 15 2043,Finance,Investment Bankers/Brokers/Service
JSPR,Jasper Therapeutics Inc. Common Stock,Health Care,Biotechnology: Biological Products (No Diagnostic Substances)
JSPRW,Japer Therapeutics Inc. Warrants,Health Care,Biotechnology: Biological Products (No Diagnostic Substances)
JTAI,Jet.AI Inc. Common Stock,Consumer Discretionary,Transportation Services
JUNS,Jupiter Neurosciences Inc. Common Stock,Health Care,Biotechnology: Pharmaceutical Preparations
JVA,Coffee Holding Co. Inc. Common Stock,Consumer Staples,Packaged Foods
JXN,Jackson Financial Inc. Class A Common Stock ,Finance,Life Insurance
JXN^A,Jackson Financial Inc. Depositary Shares each representing a 1/1000th interest in a share of Fixed-Rate Reset Noncumulative Perpetual Preferred Stock Series A,,
JYNT,The Joint Corp. Common Stock,Miscellaneous,Multi-Sector Companies
KAI,Kadant Inc Common Stock,Industrials,Industrial Machinery/Components
KALA,KALA BIO Inc. Common Stock,Health Care,Biotechnology: Pharmaceutical Preparations
KALU,Kaiser Aluminum Corporation Common Stock,Industrials,Metal Fabrications
KBH,KB Home Common Stock,Consumer Discretionary,Homebuilding
KBON,Karbon Capital Partners Corp. Class A Ordinary Shares,Finance,Blank Checks
KBONU,Karbon Capital Partners Corp. Units,Finance,Blank Checks
KBONW,Karbon Capital Partners Corp. Warrant,Finance,Blank Checks
KBR,KBR Inc. Common Stock,Industrials,Military/Government/Technical
KCHV,Kochav Defense Acquisition Corp. Class A Ordinary Shares,,
KCHVU,Kochav Defense Acquisition Corp. Units,,
KD,Kyndryl Holdings Inc. Common Stock,Technology,EDP Services
KDK,Kodiak AI Inc. Common Stock ,Technology,EDP Services
KDKRW,Kodiak AI Inc. Warrants,Technology,EDP Services
KDP,Keurig Dr Pepper Inc. Common Stock,Consumer Staples,Beverages (Production/Distribution)
KE,Kimball Electronics Inc. Common Stock,Technology,Electrical Products
KELYA,Kelly Services Inc. Class A Common Stock,Consumer Discretionary,Professional Services
KELYB,Kelly Services Inc. Class B Common Stock,Consumer Discretionary,Professional Services
KEQU,Kewaunee Scientific Corporation Common Stock,Industrials,Medical Specialities
KEX,Kirby Corporation Common Stock,Consumer Discretionary,Marine Transportation
KEY,KeyCorp Common Stock,Finance,Major Banks
KEY^I,KeyCorp Depositary Shares Each Representing a 1/40th Ownership Interest in a Share of Fixed-to-Floating Rate Perpetual Non-Cumulative Preferred Stock Series E,,
KEY^J,KeyCorp Depositary Shares each representing a 1/40th ownership interest in a share of Fixed Rate Perpetual Non-Cumulative Preferred Stock Series F,,
KEY^K,KeyCorp Depositary Shares each representing a 1/40th ownership interest in a share of Fixed Rate Perpetual Non-Cumulative Preferred Stock Series G,,
KEY^L,KeyCorp Depositary Shares each representing a 1/40th ownership interest in a share of Fixed Rate Perpetual Non-Cumulative Preferred Stock Series H,,
KEYS,Keysight Technologies Inc. Common Stock,Industrials,Industrial Machinery/Components
KF,Korea Fund Inc. (The) New Common Stock,Finance,Investment Managers
KFFB,Kentucky First Federal Bancorp Common Stock,Finance,Savings Institutions
KFII,K&F Growth Acquisition Corp. II Class A Ordinary shares,,
KFIIR,K&F Growth Acquisition Corp. II Rights,,
KFIIU,K&F Growth Acquisition Corp. II Unit,Finance,Blank Checks
KFRC,Kforce Inc. Common Stock,Consumer Discretionary,Professional Services
KFY,Korn Ferry Common Stock,Consumer Discretionary,Diversified Commercial Services
KGEI,Kolibri Global Energy Inc. Common stock,Energy,Oil & Gas Production
KGS,Kodiak Gas Services Inc. Common Stock,Utilities,Natural Gas Distribution
KHC,The Kraft Heinz Company Common Stock,Consumer Staples,Packaged Foods
KIDS,OrthoPediatrics Corp. Common Stock,Health Care,Medical/Dental Instruments
KIDZ,Classover Holdings Inc. Class B Common Stock,Real Estate,Other Consumer Services
KIDZW,Classover Holdings Inc. Warrants,Real Estate,Other Consumer Services
KIM,Kimco Realty Corporation (HC) Common Stock,Real Estate,Real Estate Investment Trusts
KIM^L,Kimco Realty Corporation Class L Depositary Shares each of which represents a one-one thousandth fractional interest in a share of 5.125% Class L Cumulative Redeemable Preferred Stock liquidation preference $25000.00 per share,,
KIM^M,Kimco Realty Corporation Class M Depositary Shares each of which represents a one-one thousandth fractional interest in a share of 5.25% Class M Cumulative Redeemable Preferred Stock liquidation preference $25000.00 per share,,
KIM^N,Kimco Realty Corporation Depositary Shares each representing 1/1000th interest in a share of 7.25% Class N Cumulative Convertible Perpetual Preferred Stock,,
KINS,Kingstone Companies Inc. Common Stock,Finance,Property-Casualty Insurers
KIO,KKR Income Opportunities Fund Common Shares,Finance,Investment Managers
KITT,Nauticus Robotics Inc. Common stock,Industrials,Industrial Machinery/Components
KITTW,Nauticus Robotics Inc. Warrant,Industrials,Industrial Machinery/Components
KKR,KKR & Co. Inc. Common Stock,Finance,Investment Managers
KKR^D,KKR & Co. Inc. 6.25% Series D Mandatory Convertible Preferred Stock,,
KKRS,KKR Group Finance Co. IX LLC 4.625% Subordinated Notes due 2061,Finance,Investment Managers
KKRT,KKR & Co. Inc. 6.875% Subordinated Notes due 2065,Finance,Investment Managers
KLAC,KLA Corporation Common Stock,Technology,Electronic Components
KLC,KinderCare Learning Companies Inc. Common Stock,Consumer Discretionary,Other Consumer Services
KLRA,Kailera Therapeutics Inc. Common Stock,Health Care,Biotechnology: Pharmaceutical Preparations
KLRS,Kalaris Therapeutics Inc. Common Stock,Health Care,Biotechnology: Biological Products (No Diagnostic Substances)
KLTR,Kaltura Inc. Common Stock,Technology,Computer Software: Prepackaged Software
KLXE,KLX Energy Services Holdings Inc. Common Stock,Energy,Oilfield Services/Equipment
KMB,Kimberly-Clark Corporation Common Stock,Consumer Discretionary,Containers/Packaging
KMI,Kinder Morgan Inc. Common Stock,Utilities,Natural Gas Distribution
KMPB,Kemper Corporation 5.875% Fixed-Rate Reset Junior Subordinated Debentures due 2062,Finance,Property-Casualty Insurers
KMPR,Kemper Corporation,Finance,Property-Casualty Insurers
KMT,Kennametal Inc. Common Stock,Industrials,Industrial Machinery/Components
KMTS,Kestra Medical Technologies Ltd. Common Stock,Health Care,Medical/Dental Instruments
KMX,CarMax Inc,Consumer Discretionary,Retail-Auto Dealers and Gas Stations
KN,Knowles Corporation Common Stock,Consumer Staples,Consumer Electronics/Appliances
KNF,Knife Riv Holding Co. Common Stock,Industrials,Mining & Quarrying of Nonmetallic Minerals (No Fuels)
KNSA,Kiniksa Pharmaceuticals International plc Class A Ordinary Shares,Health Care,Biotechnology: Pharmaceutical Preparations
KNSL,Kinsale Capital Group Inc. Common Stock,Finance,Property-Casualty Insurers
KNTK,Kinetik Holdings Inc. Class A Common Stock,Utilities,Natural Gas Distribution
KNX,Knight-Swift Transportation Holdings Inc.,Industrials,Trucking Freight/Courier Services
KO,Coca-Cola Company (The) Common Stock,Consumer Staples,Beverages (Production/Distribution)
KOD,Kodiak Sciences Inc Common Stock,Health Care,Biotechnology: Biological Products (No Diagnostic Substances)
KODK,Eastman Kodak Company Common New,Consumer Discretionary,Industrial Machinery/Components
KOP,Koppers Holdings Inc. Common Stock,Basic Materials,Forest Products
KOPN,Kopin Corporation Common Stock,Technology,Semiconductors
KORE,KORE Group Holdings Inc. Common Stock,Telecommunications,Telecommunications Equipment
KOSS,Koss Corporation Common Stock,Consumer Staples,Consumer Electronics/Appliances
KOYN,CSLM Digital Asset Acquisition Corp III Class A Ordinary Shares,,
KOYNU,CSLM Digital Asset Acquisition Corp III Units,,
KPLT,Katapult Holdings Inc. Common Stock,Consumer Discretionary,Diversified Commercial Services
KPLTW,Katapult Holdings Inc. Warrant,Consumer Discretionary,Diversified Commercial Services
KPRX,Kiora Pharmaceuticals Inc.  Common Stock,Health Care,Biotechnology: Pharmaceutical Preparations
KPTI,Karyopharm Therapeutics Inc. Common Stock,Health Care,Biotechnology: Pharmaceutical Preparations
KR,Kroger Company (The) Common Stock,Consumer Staples,Food Chains
KRAQ,KRAKacquisition Corp Class A Ordinary Shares,,
KRAQU,KRAKacquisition Corp Unit,,
KRAQW,KRAKacquisition Corp Warrants,,
KRC,Kilroy Realty Corporation Common Stock,Real Estate,Real Estate Investment Trusts
KREF,KKR Real Estate Finance Trust Inc. Common Stock,Real Estate,Real Estate Investment Trusts
KREF^A,KKR Real Estate Finance Trust Inc. 6.50% Series A Cumulative Redeemable Preferred Stock,,
KRG,Kite Realty Group Trust Common Stock,Real Estate,Real Estate Investment Trusts
KRMD,KORU Medical Systems Inc. Common Stock (DE),Health Care,Medical/Dental Instruments
KRMN,Karman Holdings Inc. Common Stock,Industrials,Military/Government/Technical
KRNY,Kearny Financial Corp Common Stock,Finance,Savings Institutions
KRO,Kronos Worldwide Inc Common Stock,Basic Materials,Major Chemicals
KROS,Keros Therapeutics Inc. Common Stock,Health Care,Biotechnology: Pharmaceutical Preparations
KRP,Kimbell Royalty Partners Common Units Representing Limited Partner Interests,Energy,Oil & Gas Production
KRRO,Korro Bio Inc. Common Stock,Health Care,Biotechnology: Pharmaceutical Preparations
KRT,Karat Packaging Inc. Common Stock,Industrials,Plastic Products
KRUS,Kura Sushi USA Inc. Class A Common Stock,Consumer Discretionary,Restaurants
KRYS,Krystal Biotech Inc. Common Stock,Health Care,Biotechnology: Biological Products (No Diagnostic Substances)
KSCP,Knightscope Inc. Class A Common Stock,Telecommunications,Telecommunications Equipment
KSS,Kohl's Corporation Common Stock,Consumer Discretionary,Department/Specialty Retail Stores
KTB,Kontoor Brands Inc. Common Stock ,Industrials,Garments and Clothing
KTCC,Key Tronic Corporation Common Stock,Technology,Electrical Products
KTF,DWS Municipal Income Trust,Finance,Finance Companies
KTH,Structures Products Cp 8% CorTS Issued by Peco Energy Cap Tr II Preferred Stock,Finance,Finance: Consumer Services
KTN,Structured Products Corp 8.205% CorTS 8.205% Corporate Backed Trust Securities (CorTS),Finance,Finance: Consumer Services
KTOS,Kratos Defense & Security Solutions Inc. Common Stock,Industrials,Military/Government/Technical
KTTA,Pasithea Therapeutics Corp. Common Stock,Health Care,Biotechnology: Pharmaceutical Preparations
KTTAW,Pasithea Therapeutics Corp. Warrant,Health Care,Biotechnology: Pharmaceutical Preparations
KULR,KULR Technology Group Inc. Common Stock,Technology,Electrical Products
KURA,Kura Oncology Inc. Common Stock,Health Care,Biotechnology: Pharmaceutical Preparations
KUST,Kustom Entertainment Inc. Common Stock,Technology,Radio And Television Broadcasting And Communications Equipment
KVAC,Keen Vision Acquisition Corporation Ordinary Shares,,
KVACU,Keen Vision Acquisition Corporation Units,,
KVACW,Keen Vision Acquisition Corporation Warrant,,
KVHI,KVH Industries Inc. Common Stock,Technology,Radio And Television Broadcasting And Communications Equipment
KVUE,Kenvue Inc. Common Stock,Consumer Discretionary,Specialty Chemicals
KVYO,Klaviyo Inc. Series A Common Stock,Technology,Computer Software: Prepackaged Software
KW,Kennedy-Wilson Holdings Inc. Common Stock,Finance,Real Estate
KWR,Quaker Houghton Common Stock,Industrials,Major Chemicals
KYMR,Kymera Therapeutics Inc. Common Stock,Health Care,Biotechnology: Biological Products (No Diagnostic Substances)
KYN,Kayne Anderson Energy Infrastructure Fund Inc.,Finance,Finance/Investors Services
KYNB,Kyntra Bio Inc. Common Stock,Health Care,Biotechnology: Pharmaceutical Preparations
KYTX,Kyverna Therapeutics Inc. Common Stock,Health Care,Biotechnology: Biological Products (No Diagnostic Substances)
L,Loews Corporation Common Stock,Finance,Property-Casualty Insurers
LAB,Standard BioTools Inc. Common Stock,Industrials,Biotechnology: Laboratory Analytical Instruments
LABT,Lakewood-Amedex Biotherapeutics Inc. Common Stock,Health Care,Biotechnology: Pharmaceutical Preparations
LAD,Lithia Motors Inc. Common Stock,Consumer Discretionary,Retail-Auto Dealers and Gas Stations
LADR,Ladder Capital Corp Class A Common Stock,Real Estate,Real Estate Investment Trusts
LAKE,Lakeland Industries Inc. Common Stock,Health Care,Industrial Specialties
LAMR,Lamar Advertising Company Class A Common Stock,Real Estate,Real Estate Investment Trusts
LAND,Gladstone Land Corporation Common Stock,Real Estate,Real Estate Investment Trusts
LANDO,Gladstone Land Corporation 6.00% Series B Cumulative Redeemable Preferred Stock,Real Estate,Real Estate Investment Trusts
LANDP,Gladstone Land Corporation 6.00% Series C Cumulative Redeemable Preferred Stock,Real Estate,Real Estate Investment Trusts
LARK,Landmark Bancorp Inc. Common Stock,Finance,Major Banks
LASE,Laser Photonics Corporation Common Stock,Miscellaneous,Industrial Machinery/Components
LASR,nLIGHT Inc. Common Stock,Technology,Semiconductors
LATAW,Galata Acquisition Corp. II Warrant,Finance,Blank Checks
LAUR,Laureate Education Inc. Common Stock,Real Estate,Other Consumer Services
LAW,CS Disco Inc. Common Stock,Technology,Computer Software: Prepackaged Software
LBRDA,Liberty Broadband Corporation Class A Common Stock,Telecommunications,Cable & Other Pay Television Services
LBRDK,Liberty Broadband Corporation Class C Common Stock,Telecommunications,Cable & Other Pay Television Services
LBRDP,Liberty Broadband Corporation Series A Cumulative Redeemable Preferred Stock,Telecommunications,Cable & Other Pay Television Services
LBRT,Liberty Energy Inc. Class A common stock,Energy,Oilfield Services/Equipment
LBRX,LB Pharmaceuticals Inc Common Stock,Health Care,Biotechnology: Pharmaceutical Preparations
LC,LendingClub Corporation Common Stock,Finance,Finance: Consumer Services
LCCC,Lakeshore Acquisition III Corp. Ordinary Shares,Finance,Blank Checks
LCCCR,Lakeshore Acquisition III Corp. Rights,Finance,Blank Checks
LCID,Lucid Group Inc. Common Stock,Industrials,Auto Manufacturing
LCII,LCI Industries,Consumer Discretionary,Auto Parts:O.E.M.
LCNB,LCNB Corporation Common Stock,Finance,Major Banks
LCTX,Lineage Cell Therapeutics Inc. Common Stock,Health Care,Biotechnology: Biological Products (No Diagnostic Substances)
LCUT,Lifetime Brands Inc. Common Stock,Consumer Discretionary,Industrial Machinery/Components
LDI,loanDepot Inc. Class A Common Stock,Finance,Finance: Consumer Services
LDOS,Leidos Holdings Inc. Common Stock,Technology,EDP Services
LDP,Cohen & Steers Limited Duration Preferred and Income Fund Inc.,Finance,Finance Companies
LE,Lands' End Inc. Common Stock,Consumer Discretionary,Clothing/Shoe/Accessory Stores
LEA,Lear Corporation Common Stock,Consumer Discretionary,Auto Parts:O.E.M.
LECO,Lincoln Electric Holdings Inc. Common Shares,Industrials,Industrial Machinery/Components
LEE,Lee Enterprises Incorporated Common Stock,Consumer Discretionary,Newspapers/Magazines
LEG,Leggett & Platt Incorporated Common Stock,Consumer Discretionary,Home Furnishings
LEGH,Legacy Housing Corporation Common Stock (TX),Consumer Discretionary,Homebuilding
LEGN,Legend Biotech Corporation American Depositary Shares,Health Care,Biotechnology: Pharmaceutical Preparations
LEN,Lennar Corporation Class A Common Stock,Consumer Discretionary,Homebuilding
LENZ,LENZ Therapeutics Inc. Common Stock,Health Care,Biotechnology: Biological Products (No Diagnostic Substances)
LEO,BNY Mellon Strategic Municipals Inc. Common Stock,Finance,Trusts Except Educational Religious and Charitable
LESL,Leslie's Inc. Common Stock,Consumer Discretionary,Other Specialty Stores
LEU,Centrus Energy Corp. Class A Common Stock,Industrials,Mining & Quarrying of Nonmetallic Minerals (No Fuels)
LEVI,Levi Strauss & Co Class A Common Stock,Consumer Discretionary,Apparel
LFCR,Lifecore Biomedical Inc. Common Stock,Health Care,Biotechnology: Pharmaceutical Preparations
LFMD,LifeMD Inc. Common Stock,Health Care,Medical/Nursing Services
LFMDP,LifeMD Inc. 8.875% Series A Cumulative Perpetual Preferred Stock,Health Care,Medical/Nursing Services
LFST,LifeStance Health Group Inc. Common Stock,Health Care,Medical/Nursing Services
LFT,Lument Finance Trust Inc. Common Stock,Real Estate,Real Estate Investment Trusts
LFT^A,Lument Finance Trust Inc. 7.875% Series A Cumulative Redeemable Preferred Stock,,
LFUS,Littelfuse Inc. Common Stock,Energy,Electrical Products
LFVN,Lifevantage Corporation Common Stock (Delaware),Health Care,Biotechnology: Pharmaceutical Preparations
LGI,Lazard Global Total Return and Income Fund Common Stock,,
LGIH,LGI Homes Inc. Common Stock,Consumer Discretionary,Homebuilding
LGL,LGL Group Inc. (The) Common Stock,Technology,Industrial Machinery/Components
LGN,Legence Corp. Class A Common stock,Consumer Discretionary,Engineering & Construction
LGND,Ligand Pharmaceuticals Incorporated Common Stock,Health Care,Biotechnology: Pharmaceutical Preparations
LGVN,Longeveron Inc. Class A Common Stock,Health Care,Biotechnology: Pharmaceutical Preparations
LH,Labcorp Holdings Inc. Common Stock,Health Care,Medical Specialities
LHAI,Linkhome Holdings Inc. Common stock,Finance,Real Estate
LHX,L3Harris Technologies Inc. Common Stock,Industrials,Industrial Machinery/Components
LIDR,AEye Inc. Class A Common Stock,Consumer Discretionary,Auto Parts:O.E.M.
LIDRW,AEye Inc. Warrant,Consumer Discretionary,Auto Parts:O.E.M.
LIEN,Chicago Atlantic BDC Inc. Common Stock,Finance,Finance: Consumer Services
LIF,Life360 Inc. Common Stock,Technology,EDP Services
LIFE,Ethos Technologies Inc. Class A Common Stock,Finance,Specialty Insurers
LII,Lennox International Inc. Common Stock,Industrials,Industrial Machinery/Components
LILA,Liberty Latin America Ltd. Class A Common Stock,Telecommunications,Cable & Other Pay Television Services
LILAK,Liberty Latin America Ltd. Class C Common Stock,Telecommunications,Cable & Other Pay Television Services
LIMN,Liminatus Pharma Inc. Class A Common Stock,,
LIMNW,Liminatus Pharma Inc. Warrants,,
LIN,Linde plc Ordinary Shares,Basic Materials,Major Chemicals
LINC,Lincoln Educational Services Corporation Common Stock,Real Estate,Other Consumer Services
LIND,Lindblad Expeditions Holdings Inc. Common Stock,Consumer Discretionary,Transportation Services
LINE,Lineage Inc. Common Stock,Real Estate,Real Estate Investment Trusts
LINK,Interlink Electronics Inc. Common Stock,Technology,Computer peripheral equipment
LITE,Lumentum Holdings Inc. Common Stock,Telecommunications,Telecommunications Equipment
LITS,Lite Strategy Inc. Common Stock,Health Care,Biotechnology: Pharmaceutical Preparations
LIVE,Live Ventures Incorporated Common Stock,Consumer Discretionary,Other Specialty Stores
LIXT,Lixte Biotechnology Holdings Inc. Common Stock,Health Care,Biotechnology: Pharmaceutical Preparations
LKFN,Lakeland Financial Corporation Common Stock,Finance,Major Banks
LKQ,LKQ Corporation Common Stock,Consumer Discretionary,Motor Vehicles
LKSP,Lake Superior Acquisition Corp. Class A Ordinary Shares,,
LKSPR,Lake Superior Acquisition Corp. Rights,,
LKSPU,Lake Superior Acquisition Corp. Units,,
LLY,Eli Lilly and Company Common Stock,Health Care,Biotechnology: Pharmaceutical Preparations
LLYVA,Liberty Live Holdings Inc. Series A Liberty Live Group Common Stock,Consumer Discretionary,Services-Misc. Amusement & Recreation
LLYVK,Liberty Live Holdings Inc. Series C Liberty Live Group Common Stock,Consumer Discretionary,Services-Misc. Amusement & Recreation
LMAT,LeMaitre Vascular Inc. Common Stock,Health Care,Medical/Dental Instruments
LMB,Limbach Holdings Inc. Common Stock,Consumer Discretionary,Engineering & Construction
LMFA,LM Funding America Inc. Common Stock,Finance,Finance: Consumer Services
LMND,Lemonade Inc. Common Stock,Finance,Property-Casualty Insurers
LMNR,Limoneira Co Common Stock,Consumer Staples,Farming/Seeds/Milling
LMRI,Lumexa Imaging Holdings Inc. Common Stock,Health Care,Medical Specialities
LMT,Lockheed Martin Corporation Common Stock,Industrials,Military/Government/Technical
LNAI,Lunai Bioworks Inc. Common Stock,Health Care,Biotechnology: Pharmaceutical Preparations
LNC,Lincoln National Corporation Common Stock,Finance,Life Insurance
LNC^D,Lincoln National Corporation Depositary Shares Each Representing a 1/1000th Interest in a Share of 9.000% Non-Cumulative Preferred Stock Series D,,
LNG,Cheniere Energy Inc. Common Stock,Utilities,Oil/Gas Transmission
LNN,Lindsay Corporation Common Stock,Industrials,Industrial Machinery/Components
LNSR,LENSAR Inc. Common Stock,Health Care,Medical/Dental Instruments
LNT,Alliant Energy Corporation Common Stock,Utilities,Power Generation
LNTH,Lantheus Holdings Inc. Common Stock,Health Care,Biotechnology: In Vitro & In Vivo Diagnostic Substances
LNZA,LanzaTech Global Inc. Common Stock,Industrials,Major Chemicals
LNZAW,LanzaTech Global Inc. Warrant,Industrials,Major Chemicals
LOAN,Manhattan Bridge Capital Inc,Real Estate,Real Estate Investment Trusts
LOAR,Loar Holdings Inc. Common Stock,Industrials,Military/Government/Technical
LOB,Live Oak Bancshares Inc. Common Stock,Finance,Major Banks
LOB^A,Live Oak Bancshares Inc. Depositary Shares Each Representing a 1/40th Interest in a Share of 8.375% Fixed Rate Series A Non-Cumulative Perpetual Preferred Stock,,
LOCO,El Pollo Loco Holdings Inc. Common Stock,Consumer Discretionary,Restaurants
LODE,Comstock Inc. Common Stock,Industrials,Major Chemicals
LOGI,Logitech International S.A. Ordinary Shares,Technology,Computer peripheral equipment
LOKV,Live Oak Acquisition Corp. V Class A Ordinary Shares,,
LOKVW,Live Oak Acquisition Corp. V Warrants,,
LONA,LeonaBio Inc. Common Stock,Health Care,Biotechnology: Biological Products (No Diagnostic Substances)
LOPE,Grand Canyon Education Inc. Common Stock,Real Estate,Other Consumer Services
LOVE,The Lovesac Company Common Stock,Consumer Discretionary,Other Specialty Stores
LOW,Lowe's Companies Inc. Common Stock,Consumer Discretionary,RETAIL: Building Materials
LPAA,Launch One Acquisition Corp. Class A Ordinary shares,,
LPAAW,Launch One Acquisition Corp. Warrant,Finance,Blank Checks
LPBB,Launch Two Acquisition Corp. Class A Ordinary Shares,,
LPBBW,Launch Two Acquisition Corp. Warrant,,
LPCN,Lipocine Inc. Common Stock,Health Care,Biotechnology: Pharmaceutical Preparations
LPCV,Launchpad Cadenza Acquisition Corp I Class A Ordinary Share,,
LPCVU,Launchpad Cadenza Acquisition Corp I Unit,Finance,Blank Checks
LPCVW,Launchpad Cadenza Acquisition Corp I Warrant,,
LPG,Dorian LPG Ltd. Common Stock,Consumer Discretionary,Marine Transportation
LPLA,LPL Financial Holdings Inc. Common Stock,Finance,Investment Bankers/Brokers/Service
LPRO,Open Lending Corporation Common Stock,Finance,Finance: Consumer Services
LPSN,LivePerson Inc. Common Stock,Technology,Computer Software: Prepackaged Software
LPTH,LightPath Technologies Inc. Class A Common Stock,Technology,Semiconductors
LPX,Louisiana-Pacific Corporation Common Stock,Basic Materials,Forest Products
LQDA,Liquidia Corporation Common Stock,Health Care,Biotechnology: Pharmaceutical Preparations
LQDT,Liquidity Services Inc. Common Stock,Real Estate,Real Estate
LRCX,Lam Research Corporation Common Stock,Technology,Industrial Machinery/Components
LRHC,La Rosa Holdings Corp. Common Stock,Finance,Real Estate
LRMR,Larimar Therapeutics Inc. Common Stock,Health Care,Biotechnology: Pharmaceutical Preparations
LRN,Stride Inc. Common Stock,Real Estate,Other Consumer Services
LSBK,Lake Shore Bancorp Inc. Common Stock,Finance,Savings Institutions
LSCC,Lattice Semiconductor Corporation Common Stock,Technology,Semiconductors
LSH,Lakeside Holding Limited Common Stock,,
LSTA,Lisata Therapeutics Inc. Common Stock,Health Care,Misc Health and Biotechnology Services
LSTR,Landstar System Inc. Common Stock,Industrials,Trucking Freight/Courier Services
LTBR,Lightbridge Corporation Common Stock,Consumer Discretionary,Professional Services
LTC,LTC Properties Inc. Common Stock,Real Estate,Real Estate Investment Trusts
LTH,Life Time Group Holdings Inc. Common Stock,Consumer Discretionary,Hotels/Resorts
LTRN,Lantern Pharma Inc. Common Stock,Health Care,Biotechnology: Pharmaceutical Preparations
LTRX,Lantronix Inc. Common Stock,Telecommunications,Computer Communications Equipment
LTRYW,Sports Entertainment Gaming Global Corporation Warrants,Technology,Computer Software: Prepackaged Software
LUCD,Lucid Diagnostics Inc. Common Stock,Health Care,Medical/Dental Instruments
LUCK,Lucky Strike Entertainment Corporation Class A Common Stock,Consumer Discretionary,Services-Misc. Amusement & Recreation
LUCY,Innovative Eyewear Inc. Common Stock,Health Care,Ophthalmic Goods
LUCYW,Innovative Eyewear Inc. Series A Warrants 8/16/27,Health Care,Ophthalmic Goods
LUMN,Lumen Technologies Inc. Common Stock,Telecommunications,Telecommunications Equipment
LUNG,Pulmonx Corporation Common Stock,Health Care,Medical/Dental Instruments
LUNR,Intuitive Machines Inc. Class A Common Stock,Industrials,Industrial Machinery/Components
LUV,Southwest Airlines Company Common Stock,Consumer Discretionary,Air Freight/Delivery Services
LVLU,Lulu's Fashion Lounge Holdings Inc. Common Stock,Consumer Discretionary,Catalog/Specialty Distribution
LVO,LiveOne Inc. Common Stock,Consumer Discretionary,Restaurants
LVS,Las Vegas Sands Corp. Common Stock,Consumer Discretionary,Hotels/Resorts
LVWR,LiveWire Group Inc. Common Stock,Consumer Discretionary,Motor Vehicles
LW,Lamb Weston Holdings Inc. Common Stock ,Consumer Staples,Packaged Foods
LWAC,LightWave Acquisition Corp. Class A Ordinary Shares,Finance,Blank Checks
LWACU,LightWave Acquisition Corp. Units,Finance,Blank Checks
LWAY,Lifeway Foods Inc. Common Stock,Consumer Staples,Packaged Foods
LWLG,Lightwave Logic Inc. Common Stock,Industrials,Containers/Packaging
LXEO,Lexeo Therapeutics Inc. Common Stock,Health Care,Biotechnology: Biological Products (No Diagnostic Substances)
LXP,LXP Industrial Trust Common Stock (Maryland REIT),Real Estate,Real Estate Investment Trusts
LXP^C,LXP Industrial Trust 6.5% Series C Cumulative Convertible Preferred Stock,,
LXRX,Lexicon Pharmaceuticals Inc. Common Stock,Health Care,Biotechnology: Pharmaceutical Preparations
LXU,LSB Industries Inc. Common Stock,Basic Materials,Major Chemicals
LYEL,Lyell Immunopharma Inc. Common Stock,Health Care,Biotechnology: Pharmaceutical Preparations
LYFT,Lyft Inc. Class A Common Stock,Real Estate,Real Estate
LYTS,LSI Industries Inc. Common Stock,Consumer Discretionary,Building Products
LYV,Live Nation Entertainment Inc. Common Stock,Consumer Discretionary,Services-Misc. Amusement & Recreation
LZ,LegalZoom.com Inc. Common Stock,Technology,EDP Services
LZB,La-Z-Boy Incorporated Common Stock,Consumer Discretionary,Home Furnishings
M,Macy's Inc Common Stock,Consumer Discretionary,Department/Specialty Retail Stores
MA,Mastercard Incorporated Common Stock,Real Estate,Real Estate
MAA,Mid-America Apartment Communities Inc. Common Stock,Real Estate,Real Estate Investment Trusts
MAA^I,Mid-America Apartment Communities Inc. 8.50% Series I Cumulative Redeemable Preferred Stock,,
MAC,Macerich Company (The) Common Stock,Real Estate,Real Estate Investment Trusts
MACI,Melar Acquisition Corp. I Class A Ordinary Shares,,
MAGN,Magnera Corporation Common Stock,Basic Materials,Paper
MAIN,Main Street Capital Corporation Common Stock,Finance,Finance/Investors Services
MAMA,Mama's Creations Inc. Common Stock,Consumer Staples,Specialty Foods
MAMO,Massimo Group Common Stock,Consumer Discretionary,Industrial Specialties
MAN,ManpowerGroup Common Stock,Consumer Discretionary,Professional Services
MANH,Manhattan Associates Inc. Common Stock,Technology,Computer Software: Prepackaged Software
MAR,Marriott International Class A Common Stock,Consumer Discretionary,Hotels/Resorts
MARA,MARA Holdings Inc. Common Stock,Technology,EDP Services
MARPS,Marine Petroleum Trust Units of Beneficial Interest,Energy,Oil & Gas Production
MAS,Masco Corporation Common Stock,Industrials,Industrial Specialties
MASI,Masimo Corporation Common Stock,Health Care,Biotechnology: Electromedical & Electrotherapeutic Apparatus
MASS,908 Devices Inc. Common Stock,Industrials,Industrial Machinery/Components
MAT,Mattel Inc. Common Stock,Consumer Discretionary,Recreational Games/Products/Toys
MATV,Mativ Holdings Inc. Common Stock,Basic Materials,Paper
MATW,Matthews International Corporation Class A Common Stock,Telecommunications,Metal Fabrications
MATX,Matson Inc. Common Stock,Consumer Discretionary,Marine Transportation
MAX,MediaAlpha Inc. Class A Common Stock,Real Estate,Real Estate
MAYS,J. W. Mays Inc. Common Stock,Real Estate,Building operators
MAZE,Maze Therapeutics Inc. Common Stock,Health Care,Biotechnology: Biological Products (No Diagnostic Substances)
MBAV,M3-Brigade Acquisition V Corp. Class A Ordinary shares,,
MBAVW,M3-Brigade Acquisition V Corp. Warrant,Finance,Blank Checks
MBBC,Marathon Bancorp Inc. Common Stock,Finance,Banks
MBC,MasterBrand Inc. Common Stock,Consumer Discretionary,Home Furnishings
MBI,MBIA Inc. Common Stock,Finance,Property-Casualty Insurers
MBIN,Merchants Bancorp Common Stock,Finance,Major Banks
MBINL,Merchants Bancorp Depositary Shares Each Representing a 1/40thInterest in a Share of 7.25% Fixed Rate Series E Non-CumulativePerpetual Preferred Stock without par value,Finance,Major Banks
MBINM,Merchants Bancorp Depositary Shares Each Representing a 1/40th Interest in a Share of 8.25% Fixed-Rate Reset Series D Non-Cumulative Perpetual Preferred Stock,Finance,Major Banks
MBINN,Merchants Bancorp Depositary Shares Preferred Series C,Finance,Major Banks
MBIO,Mustang Bio Inc. Common Stock,Health Care,Biotechnology: Pharmaceutical Preparations
MBNKO,Medallion Bank Fixed-Rate Reset Non-Cumulative Perpetual Preferred Stock Series G par value $1.00 per share,Finance,Commercial Banks
MBRX,Moleculin Biotech Inc. Common Stock,Health Care,Biotechnology: Pharmaceutical Preparations
MBUU,Malibu Boats Inc. Class A Common Stock,Industrials,Marine Transportation
MBVI,M3-Brigade Acquisition VI Corp. Class A Ordinary Shares,,
MBVIU,M3-Brigade Acquisition VI Corp. Units,Finance,Blank Checks
MBVIW,M3-Brigade Acquisition VI Corp. Warrant,,
MBWM,Mercantile Bank Corporation Common Stock,Finance,Major Banks
MBX,MBX Biosciences Inc. Common Stock,Health Care,Biotechnology: Pharmaceutical Preparations
MC,Moelis & Company Class A Common Stock,Finance,Investment Managers
MCAHU,Mountain Crest Acquisition 6 Corp. Units,,
MCB,Metropolitan Bank Holding Corp. Common Stock,Finance,Major Banks
MCBS,MetroCity Bankshares Inc. Common Stock,Finance,Major Banks
MCD,McDonald's Corporation Common Stock,Consumer Discretionary,Restaurants
MCFT,MasterCraft Boat Holdings Inc. Common Stock,Industrials,Marine Transportation
MCGA,Yorkville Acquisition Corp. Class A Ordinary Share,Utilities,Electric Utilities: Central
MCGAU,Yorkville Acquisition Corp. Unit,Finance,Blank Checks
MCGAW,Yorkville Acquisition Corp. Warrant,,
MCHB,Mechanics Bancorp Class A Common Stock,Finance,Major Banks
MCHP,Microchip Technology Incorporated Common Stock,Technology,Semiconductors
MCHPP,Microchip Technology Incorporated Depositary Shares Each Representing a 1/20th Interest in a Share of 7.50% Series A Mandatory Convertible Preferred Stock,Technology,Semiconductors
MCHX,Marchex Inc. Class B Common Stock,Technology,Computer Software: Prepackaged Software
MCI,Barings Corporate Investors Common Stock,Finance,Trusts Except Educational Religious and Charitable
MCK,McKesson Corporation Common Stock,Health Care,Other Pharmaceuticals
MCN,XAI Madison Equity Premium Income Fund Common Shares,,
MCO,Moody's Corporation Common Stock,Finance,Finance: Consumer Services
MCR,MFS Charter Income Trust Common Stock,Finance,Trusts Except Educational Religious and Charitable
MCRB,Seres Therapeutics Inc. Common Stock,Health Care,Biotechnology: Pharmaceutical Preparations
MCRI,Monarch Casino & Resort Inc. Common Stock,Consumer Discretionary,Hotels/Resorts
MCS,Marcus Corporation (The) Common Stock,Consumer Discretionary,Movies/Entertainment
MCW,Mister Car Wash Inc. Common Stock,Consumer Discretionary,Automotive Aftermarket
MCY,Mercury General Corporation Common Stock,Finance,Property-Casualty Insurers
MD,Pediatrix Medical Group Inc. Common Stock,Health Care,Hospital/Nursing Management
MDAI,Spectral AI Inc. Class A Common Stock,Health Care,Medical/Dental Instruments
MDAIW,Spectral AI Inc. Warrants,Health Care,Medical/Dental Instruments
MDB,MongoDB Inc. Class A Common Stock,Technology,Computer Software: Prepackaged Software
MDBH,MDB Capital Holdings LLC Class A common,Finance,Finance: Consumer Services
MDGL,Madrigal Pharmaceuticals Inc. Common Stock,Health Care,Biotechnology: Pharmaceutical Preparations
MDIA,Mediaco Holding Inc. Class A Common Stock ,Consumer Discretionary,Broadcasting
MDLN,Medline Inc. Class A Common Stock,Health Care,Medical/Dental Instruments
MDLZ,Mondelez International Inc. Class A Common Stock,Consumer Staples,Packaged Foods
MDRR,Medalist Diversified Inc. Common Stock,Real Estate,Real Estate Investment Trusts
MDT,Medtronic plc. Ordinary Shares,Health Care,Biotechnology: Electromedical & Electrotherapeutic Apparatus
MDU,MDU Resources Group Inc. Common Stock (Holding Company),Industrials,Mining & Quarrying of Nonmetallic Minerals (No Fuels)
MDV,Modiv Industrial Inc. Class C Common Stock,Real Estate,Real Estate Investment Trusts
MDV^A,Modiv Industrial Inc. 7.375% Series A Cumulative Redeemable Perpetual Preferred Stock,,
MDXG,MiMedx Group Inc Common Stock,Health Care,Biotechnology: Pharmaceutical Preparations
MEC,Mayville Engineering Company Inc. Common Stock,Industrials,Industrial Specialties
MED,MEDIFAST INC Common Stock,Consumer Staples,Packaged Foods
MEDP,Medpace Holdings Inc. Common Stock,Health Care,Biotechnology: Commercial Physical & Biological Resarch
MEGI,NYLI CBRE Global Infrastructure Megatrends Term Fund Common Shares,Finance,Investment Managers
MEHA,Functional Brands Inc. Common Stock,Health Care, Medicinal Chemicals and Botanical Products 
MEI,Methode Electronics Inc. Common Stock,Technology,Electrical Products
MER^K,Bank of America Corporation Income Capital Obligation Notes initially due December 15 2066,,
MESH,Meshflow Acquisition Corp. Class A Ordinary Shares,,
MESHU,Meshflow Acquisition Corp. Units,,
MESHW,Meshflow Acquisition Corp. Warrants,,
MET,MetLife Inc. Common Stock,Finance,Life Insurance
MET^A,MetLife Inc. Preferred Series A Floating Rate,,
MET^E,MetLife Inc. Depositary Shares ,,
MET^F,MetLife Inc. Depositary Shares each representing a 1/1000th interest in a share of 4.75% Non-Cumulative Preferred Stock Series F,,
META,Meta Platforms Inc. Class A Common Stock,Technology,Computer Software: Programming Data Processing
METC,Ramaco Resources Inc. Class A Common Stock,Energy,Coal Mining
METCB,Ramaco Resources Inc. Class B Common Stock,Energy,Coal Mining
METCI,Ramaco Resources Inc. 8.250% Senior Notes due 2030,,
METCZ,Ramaco Resources Inc. 8.375% Senior Notes due 2029,Energy,Coal Mining
MEVOU,M Evo Global Acquisition Corp II Units,Finance,Blank Checks
MEVOW,M Evo Global Acquisition Corp II Warrants,Finance,Blank Checks
MFA,MFA Financial Inc.,Real Estate,Real Estate Investment Trusts
MFA^B,MFA Financial Inc. Preferred Series B,,
MFA^C,MFA Financial Inc. 6.50% Series C Fixed-to-Floating Rate Cumulative Redeemable Preferred Stock,,
MFAN,MFA Financial Inc. 8.875% Senior Notes due 2029,Real Estate,Real Estate Investment Trusts
MFAO,MFA Financial Inc. 9.000% Senior Notes due 2029,Real Estate,Real Estate Investment Trusts
MFIC,MidCap Financial Investment Corporation Common Stock,Finance,Finance/Investors Services
MFICL,MidCap Financial Investment Corporation 8.00% Notes due 2028,Finance,Finance/Investors Services
MFIN,Medallion Financial Corp. Common Stock,Finance,Finance: Consumer Services
MFM,MFS Municipal Income Trust Common Stock,Finance,Finance Companies
MG,Mistras Group Inc Common Stock,Consumer Discretionary,Military/Government/Technical
MGEE,MGE Energy Inc,Energy,Electric Utilities: Central
MGF,MFS Government Markets Income Trust Common Stock,Finance,Trusts Except Educational Religious and Charitable
MGM,MGM Resorts International Common Stock,Consumer Discretionary,Hotels/Resorts
MGNI,Magnite Inc. Common Stock,Technology,Computer Software: Programming Data Processing
MGNX,MacroGenics Inc. Common Stock,Health Care,Biotechnology: Pharmaceutical Preparations
MGPI,MGP Ingredients Inc.,Consumer Staples,Beverages (Production/Distribution)
MGR,Affiliated Managers Group Inc. 5.875% Junior Subordinated Notes due 2059,Finance,Investment Managers
MGRB,Affiliated Managers Group Inc. 4.750% Junior Subordinated Notes due 2060,Finance,Investment Managers
MGRC,McGrath RentCorp Common Stock,Consumer Discretionary,Diversified Commercial Services
MGRD,Affiliated Managers Group Inc. 4.200% Junior Subordinated Notes due 2061,Finance,Investment Managers
MGRE,Affiliated Managers Group Inc. 6.750% Junior Subordinated Notes due 2064,Finance,Investment Managers
MGRX,Mangoceuticals Inc. Common Stock,Health Care,Misc Health and Biotechnology Services
MGTX,MeiraGTx Holdings plc Ordinary Shares,Health Care,Biotechnology: Biological Products (No Diagnostic Substances)
MGX,Metagenomi Therapeutics Inc. Common Stock,Health Care,Biotechnology: Biological Products (No Diagnostic Substances)
MGY,Magnolia Oil & Gas Corporation Class A Common Stock,Energy,Oil & Gas Production
MGYR,Magyar Bancorp Inc. Common Stock,Finance,Savings Institutions
MHD,Blackrock MuniHoldings Fund Inc. Common Stock,Finance,Investment Bankers/Brokers/Service
MHF,Western Asset Municipal High Income Fund Inc. Common Stock,Finance,Finance/Investors Services
MHH,Mastech Digital Inc Common Stock,Consumer Discretionary,Professional Services
MHK,Mohawk Industries Inc. Common Stock,Consumer Discretionary,Home Furnishings
MHO,M/I Homes Inc. Common Stock,Consumer Discretionary,Homebuilding
MIAX,Miami International Holdings Inc. Common Stock,Finance,Investment Bankers/Brokers/Service
MIDD,Middleby Corporation (The) Common Stock,Industrials,Industrial Machinery/Components
MIN,MFS Intermediate Income Trust Common Stock,Finance,Trusts Except Educational Religious and Charitable
MIND,MIND Technology Inc. Common Stock (DE),Industrials,Industrial Machinery/Components
MIR,Mirion Technologies Inc. Class A Common Stock,Industrials,Industrial Machinery/Components
MIRA,MIRA Pharmaceuticals Inc. Common Stock,Health Care,Biotechnology: Pharmaceutical Preparations
MIRM,Mirum Pharmaceuticals Inc. Common Stock,Health Care,Biotechnology: Pharmaceutical Preparations
MITK,Mitek Systems Inc. Common Stock,Technology,Computer peripheral equipment
MITN,TPG Mortgage Investment Trust Inc. 9.500% Senior Notes due 2029,Real Estate,Real Estate Investment Trusts
MITP,TPG Mortgage Investment Trust Inc. 9.500% Senior Notes due 2029,Real Estate,Real Estate Investment Trusts
MITQ,Moving iMage Technologies Inc. Common Stock,Consumer Discretionary,Industrial Machinery/Components
MITT,TPG Mortgage Investment Trust Inc. Common Stock,Real Estate,Real Estate Investment Trusts
MITT^A,TPG Mortgage Investment Trust Inc. 8.25% Series A Cumulative Redeemable Preferred Stock,,
MITT^B,TPG Mortgage Investment Trust Inc. 8.00% Series B Cumulative Redeemable Preferred Stock,,
MITT^C,TPG Mortgage Investment Trust Inc. 8.00% Series C Fixed-to-Floating Rate Cumulative Redeemable Preferred Stock $0.01 par value per share,,
MIY,Blackrock MuniYield Michigan Quality Fund Inc. Common Stock,Finance,Investment Bankers/Brokers/Service
MKC,McCormick & Company Incorporated Common Stock,Consumer Staples,Packaged Foods
MKL,Markel Group Inc. Common Stock,Finance,Property-Casualty Insurers
MKLY,McKinley Acquisition Corporation Class A Ordinary Shares,,
MKLYR,McKinley Acquisition Corporation Rights,,
MKLYU,McKinley Acquisition Corporation Units,Finance,Blank Checks
MKSI,MKS Inc. Common Stock,Industrials,Industrial Machinery/Components
MKTW,MarketWise Inc. Class A Common Stock,Technology,Computer Software: Prepackaged Software
MKTX,MarketAxess Holdings Inc. Common Stock,Finance,Investment Bankers/Brokers/Service
MKZR,MacKenzie Realty Capital Inc. Common Stock,Real Estate,Real Estate Investment Trusts
MLAA,Mountain Lake Acquisition Corp. II Class A Ordinary Shares,Finance,Blank Checks
MLAAU,Mountain Lake Acquisition Corp. II Units,Finance,Blank Checks
MLAAW,Mountain Lake Acquisition Corp. II Warrants,Finance,Blank Checks
MLAB,Mesa Laboratories Inc. Common Stock,Industrials,Industrial Machinery/Components
MLAC,Mountain Lake Acquisition Corp. Class A Ordinary Shares,Industrials,Auto Manufacturing
MLACR,Mountain Lake Acquisition Corp. Right,,
MLCI,Mount Logan Capital Inc. Common Stock,Finance,Investment Managers
MLCIL,Mount Logan Capital Inc. 8.00% Notes Due 2031,Finance,Investment Managers
MLGO,MicroAlgo Inc. Class A Ordinary Shares,Technology,EDP Services
MLI,Mueller Industries Inc. Common Stock,Industrials,Metal Fabrications
MLKN,MillerKnoll Inc. Common Stock,Consumer Discretionary,Office Equipment/Supplies/Services
MLM,Martin Marietta Materials Inc. Common Stock,Industrials,Mining & Quarrying of Nonmetallic Minerals (No Fuels)
MLP,Maui Land & Pineapple Company Inc. Common Stock,Finance,Real Estate
MLR,Miller Industries Inc. Common Stock,Consumer Discretionary,Construction/Ag Equipment/Trucks
MLSS,Milestone Scientific Inc. Common Stock,Health Care,Industrial Specialties
MLTX,MoonLake Immunotherapeutics Class A Ordinary Shares,Health Care,Biotechnology: Pharmaceutical Preparations
MLYS,Mineralys Therapeutics Inc. Common Stock,Health Care,Biotechnology: Pharmaceutical Preparations
MMD,NYLI MacKay DefinedTerm Muni Opportunities Fund Common Shares,Finance,Investment Managers
MMED,MiniMed Group Inc. Common Stock,Health Care,Medical/Dental Instruments
MMI,Marcus & Millichap Inc. Common Stock,Finance,Real Estate
MMLP,Martin Midstream Partners L.P. Limited Partnership,Energy,Oil Refining/Marketing
MMM,3M Company Common Stock,Health Care,Medical/Dental Instruments
MMS,Maximus Inc. Common Stock,Real Estate,Real Estate
MMSI,Merit Medical Systems Inc. Common Stock,Health Care,Medical/Dental Instruments
MMT,MFS Multimarket Income Trust Common Stock,Finance,Trusts Except Educational Religious and Charitable
MMU,Western Asset Managed Municipals Fund Inc. Common Stock,Finance,Investment Managers
MNKD,MannKind Corporation Common Stock,Health Care,Biotechnology: Pharmaceutical Preparations
MNOV,Medicinova Inc Common Stock,Health Care,Biotechnology: Pharmaceutical Preparations
MNPR,Monopar Therapeutics Inc. Common Stock,Health Care,Biotechnology: Pharmaceutical Preparations
MNR,Mach Natural Resources LP Common Units representing Limited Partner Interests,Energy,Oil & Gas Production
MNRO,Monro Inc. Common Stock,Consumer Discretionary,Automotive Aftermarket
MNSB,MainStreet Bancshares Inc. Common Stock,Finance,Major Banks
MNSBP,MainStreet Bancshares Inc. Depositary Shares,Finance,Major Banks
MNST,Monster Beverage Corporation,Consumer Staples,Beverages (Production/Distribution)
MNTK,Montauk Renewables Inc. Common Stock,Utilities,Natural Gas Distribution
MNTN,MNTN Inc. Class A Common Stock,Consumer Discretionary,Advertising
MNTS,Momentus Inc. Class A Common Stock,Industrials,Military/Government/Technical
MNTSW,Momentus Inc. Warrant,Industrials,Military/Government/Technical
MO,Altria Group Inc.,Health Care, Medicinal Chemicals and Botanical Products 
MOBI,Mobia Medical Inc. Common Stock,Health Care,Medical/Dental Instruments
MOBX,Mobix Labs Inc. Class A Common Stock,Technology,Semiconductors
MOBXW,Mobix Labs Inc Warrants,Technology,Semiconductors
MOD,Modine Manufacturing Company Common Stock,Consumer Discretionary,Auto Parts:O.E.M.
MODD,Modular Medical Inc. Common Stock,Health Care,Medical/Dental Instruments
MOH,Molina Healthcare Inc Common Stock,Health Care,Medical Specialities
MORN,Morningstar Inc. Common Stock,Finance,Investment Managers
MOS,Mosaic Company (The) Common Stock,Industrials,Agricultural Chemicals
MOV,Movado Group Inc. Common Stock,Consumer Discretionary,Consumer Specialties
MOVE,Corvex Inc. Common Stock,Health Care,Biotechnology: Electromedical & Electrotherapeutic Apparatus
MP,MP Materials Corp. Common Stock,Basic Materials,Metal Mining
MPA,Blackrock MuniYield Pennsylvania Quality Fund Common Stock,Finance,Finance Companies
MPAA,Motorcar Parts  of America Inc. Common Stock,Consumer Discretionary,Auto Parts:O.E.M.
MPB,Mid Penn Bancorp Common Stock,Finance,Major Banks
MPC,Marathon Petroleum Corporation Common Stock,Energy,Integrated oil Companies
MPLT,MapLight Therapeutics Inc. Common Stock,Health Care,Biotechnology: Pharmaceutical Preparations
MPLX,MPLX LP Common Units Representing Limited Partner Interests,Energy,Natural Gas Distribution
MPT,Medical Properties Trust Inc. common stock,Real Estate,Real Estate Investment Trusts
MPTI,M-tron Industries Inc. Common Stock,Technology,Industrial Machinery/Components
MPU,Mega Matrix Inc. Class A Ordinary Shares,Consumer Discretionary,Diversified Commercial Services
MPV,Barings Participation Investors Common Stock,Finance,Finance Companies
MPWR,Monolithic Power Systems Inc. Common Stock,Technology,Semiconductors
MPX,Marine Products Corporation Common Stock,Industrials,Marine Transportation
MQ,Marqeta Inc. Class A Common Stock,Technology,Computer Software: Prepackaged Software
MQY,Blackrock MuniYield Quality Fund Inc. Common Stock,Finance,Investment Bankers/Brokers/Service
MRAM,Everspin Technologies Inc. Common Stock,Technology,Semiconductors
MRBK,Meridian Corporation Common Stock,Finance,Major Banks
MRCY,Mercury Systems Inc Common Stock,Technology,Electrical Products
MRDN,Meridian Holdings Inc. Common Stock,Technology,Computer Software: Prepackaged Software
MRK,Merck & Company Inc. Common Stock (new),Health Care,Biotechnology: Pharmaceutical Preparations
MRKR,Marker Therapeutics Inc. Common Stock,Health Care,Biotechnology: Pharmaceutical Preparations
MRLN,Merlin Inc. Common Stock,Technology,EDP Services
MRNA,Moderna Inc. Common Stock,Health Care,Biotechnology: Biological Products (No Diagnostic Substances)
MRP,Millrose Properties Inc. Class A Common Stock,Finance,Real Estate
MRSH,Marsh Common Stock,Finance,Specialty Insurers
MRTN,Marten Transport Ltd. Common Stock,Industrials,Trucking Freight/Courier Services
MRVI,Maravai LifeSciences Holdings Inc. Class A Common Stock,Health Care,Biotechnology: Pharmaceutical Preparations
MRVL,Marvell Technology Inc. Common Stock,Technology,Semiconductors
MS,Morgan Stanley Common Stock,Finance,Investment Bankers/Brokers/Service
MS^A,Morgan Stanley Dep Shs repstg 1/1000 Pfd Ser A,,
MS^E,Morgan Stanley DEPOSITARY SHARES REP 1/1000TH SHARES FIXED/FLTG PREFERRED STOCK SERIES E,,
MS^F,Morgan Stanley Dep Shs Rpstg 1/1000th Int Prd Ser F Fxd to Flag,,
MS^I,Morgan Stanley Depository Shares Representing 1/1000th Preferred Series 1 Fixed to Floating Non (Cum),,
MS^K,Morgan Stanley Depositary Shares each representing 1/1000th of a share of Fixed-to-Floating Rate Non-Cumulative Preferred Stock  Series K,,
MS^L,Morgan Stanley Depositary Shares each representing 1/1000th of a share of 4.875% Non-Cumulative Preferred Stock Series L,,
MS^O,Morgan Stanley Depositary Shares each representing 1/1000th of a share of 4.250% Non-Cumulative Preferred Stock Series O,,
MS^P,Morgan Stanley Depositary Shares each representing 1/1000th of a share of 6.500% Non-Cumulative Preferred Stock Series P,,
MS^Q,Morgan Stanley Depositary Shares each representing 1/1000th of a share of 6.625% Non-Cumulative Preferred Stock Series Q,,
MSA,MSA Safety Incorporated Common Stock,Health Care,Industrial Specialties
MSAI,MultiSensor AI Holdings Inc. Common Stock,Technology,Electronic Components
MSAIW,MultiSensor AI Holdings Inc. Warrant,Technology,Electronic Components
MSB,Mesabi Trust Common Stock,Industrials,Precious Metals
MSBI,Midland States Bancorp Inc. Common Stock,Finance,Major Banks
MSBIP,Midland States Bancorp Inc. Depositary Shares Each Representing a 1/40th Interest in a Share of 7.750% Fixed-Rate Reset Non-Cumulative Perpetual Preferred Stock Series A,Finance,Major Banks
MSCI,MSCI Inc. Common Stock,Real Estate,Real Estate
MSD,Morgan Stanley Emerging Markets Debt Fund Inc. Common Stock,Finance,Trusts Except Educational Religious and Charitable
MSDL,Morgan Stanley Direct Lending Fund Common Stock,,
MSEX,Middlesex Water Company Common Stock,Utilities,Water Supply
MSFT,Microsoft Corporation Common Stock,Technology,Computer Software: Prepackaged Software
MSGE,Madison Square Garden Entertainment Corp. Class A Common Stock,Consumer Discretionary,Services-Misc. Amusement & Recreation
MSGM,Motorsport Games Inc. Class A Common Stock,Technology,Computer Software: Prepackaged Software
MSGS,Madison Square Garden Sports Corp. Class A Common Stock (New),Consumer Discretionary,Services-Misc. Amusement & Recreation
MSI,Motorola Solutions Inc. Common Stock,Technology,Radio And Television Broadcasting And Communications Equipment
MSM,MSC Industrial Direct Company Inc. Common Stock,Industrials,Industrial Machinery/Components
MSN,Emerson Radio Corporation Common Stock,Consumer Staples,Consumer Electronics/Appliances
MSS,Maison Solutions Inc. Class A Common Stock,Consumer Staples,Food Chains
MSTR,Strategy Inc Common Stock Class A,Technology,Computer Software: Prepackaged Software
MTB,M&T Bank Corporation Common Stock,Finance,Major Banks
MTB^H,M&T Bank Corporation Perpetual Fixed-to-Floating Rate Non-Cumulative Preferred Stock Series H,,
MTB^J,M&T Bank Corporation Depositary Shares each representing a 1/400th ownership interest in a share of Perpetual 7.500% Non-Cumulative Preferred Stock Series J,,
MTB^K,M&T Bank Corporation Depositary Shares each representing a 1/400th interest in a share of Perpetual 6.350% Non-Cumulative Preferred Stock Series K,,
MTCH,Match Group Inc. Common Stock,Technology,Computer Software: Programming Data Processing
MTDR,Matador Resources Company Common Stock,Energy,Oil & Gas Production
MTEX,Mannatech Incorporated Common Stock,Health Care, Medicinal Chemicals and Botanical Products 
MTG,MGIC Investment Corporation Common Stock,Finance,Property-Casualty Insurers
MTH,Meritage Homes Corporation Common Stock,Consumer Discretionary,Homebuilding
MTN,Vail Resorts Inc. Common Stock,Consumer Discretionary,Services-Misc. Amusement & Recreation
MTNB,Matinas Biopharma Holdings Inc. Common Stock,Health Care,Biotechnology: Pharmaceutical Preparations
MTR,Mesa Royalty Trust Common Stock,Energy,Oil & Gas Production
MTRN,Materion Corporation,Industrials,Industrial Specialties
MTRX,Matrix Service Company Common Stock,Consumer Discretionary,Engineering & Construction
MTSI,MACOM Technology Solutions Holdings Inc. Common Stock,Technology,Semiconductors
MTUS,Metallus Inc. Common Shares,Industrials,Steel/Iron Ore
MTVA,MetaVia Inc. Common Stock,Health Care,Biotechnology: Pharmaceutical Preparations
MTW,Manitowoc Company Inc. (The) Common Stock,Industrials,Construction/Ag Equipment/Trucks
MTX,Minerals Technologies Inc. Common Stock,Basic Materials,Major Chemicals
MTZ,MasTec Inc. Common Stock,Industrials,Water Sewer Pipeline Comm & Power Line Construction
MU,Micron Technology Inc. Common Stock,Technology,Semiconductors
MUA,Blackrock MuniAssets Fund Inc Common Stock,Finance,Investment Bankers/Brokers/Service
MUC,Blackrock MuniHoldings California Quality Fund Inc.  Common Stock,Finance,Investment Bankers/Brokers/Service
MUJ,Blackrock MuniHoldings New Jersey Quality Fund Inc. Common Stock,Finance,Investment Bankers/Brokers/Service
MUR,Murphy Oil Corporation Common Stock,Energy,Oil & Gas Production
MUSA,Murphy USA Inc. Common Stock,Consumer Discretionary,Retail-Auto Dealers and Gas Stations
MUZE,Muzero Acquisition Corp Class A Ordinary Shares,Finance,Blank Checks
MUZEU,Muzero Acquisition Corp Unit,Finance,Blank Checks
MVBF,MVB Financial Corp. Common Stock,Finance,Major Banks
MVIS,MicroVision Inc. Common Stock,Technology,Industrial Machinery/Components
MVO,MV Oil Trust Units of Beneficial Interests,Energy,Oil & Gas Production
MVST,Microvast Holdings Inc. Common Stock,Miscellaneous,Industrial Machinery/Components
MVSTW,Microvast Holdings Inc. Warrants,Miscellaneous,Industrial Machinery/Components
MWA,MUELLER WATER PRODUCTS Common Stock,Industrials,Metal Fabrications
MWH,SOLV Energy Inc. Class A Common Stock,Industrials,Military/Government/Technical
MWYN,Marwynn Holdings Inc. Common stock,Consumer Discretionary,Food Distributors
MXC,Mexco Energy Corporation Common Stock,Energy,Oil & Gas Production
MXCT,MaxCyte Inc. Common Stock,Health Care,Biotechnology: Commercial Physical & Biological Resarch
MXE,Mexico Equity and Income Fund Inc. (The) Common Stock,Finance,Finance Companies
MXF,Mexico Fund Inc. (The) Common Stock,Finance,Trusts Except Educational Religious and Charitable
MXL,MaxLinear Inc. Common Stock,Technology,Semiconductors
MYE,Myers Industries Inc. Common Stock,Industrials,Plastic Products
MYFW,First Western Financial Inc. Common Stock,Finance,Major Banks
MYGN,Myriad Genetics Inc. Common Stock,Health Care,Biotechnology: In Vitro & In Vivo Diagnostic Substances
MYI,Blackrock MuniYield Quality Fund III Inc Common Stock,Finance,Investment Bankers/Brokers/Service
MYN,Blackrock MuniYield New York Quality Fund Inc.Common Stock,Finance,Finance Companies
MYO,Myomo Inc. Common Stock,Health Care,Industrial Specialties
MYPS,PLAYSTUDIOS Inc.  Class A Common Stock,Technology,Computer Software: Prepackaged Software
MYPSW,PLAYSTUDIOS Inc. Warrant,Technology,Computer Software: Prepackaged Software
MYRG,MYR Group Inc. Common Stock,Industrials,Water Sewer Pipeline Comm & Power Line Construction
MYSE,Myseum.AI Inc. Common Stock,Telecommunications,Telecommunications Equipment
MYSEW,Myseum.AI Inc. Series A Warrant,Telecommunications,Telecommunications Equipment
MYXXU,Maywood Acquisition Corp. 2 Units,Finance,Blank Checks
MZTI,The Marzetti Company Common Stock,Consumer Staples,Packaged Foods
NABL,N-able Inc. Common Stock,Technology,Computer Software: Prepackaged Software
NAC,Nuveen California Quality Municipal Income Fund,Finance,Investment Managers
NAD,Nuveen Quality Municipal Income Fund Common Stock,Finance,Investment Managers
NAGE,Niagen Bioscience Inc. Common Stock,Health Care, Medicinal Chemicals and Botanical Products 
NAII,Natural Alternatives International Inc. Common Stock,Health Care, Medicinal Chemicals and Botanical Products 
NAKA,Nakamoto Inc. Common Stock,Health Care,Medical/Nursing Services
NAN,Nuveen New York Quality Municipal Income Fund Common Stock,Finance,Investment Managers
NATH,Nathan's Famous Inc. Common Stock,Consumer Discretionary,Restaurants
NATL,NCR Atleos Corporation Common Stock,Miscellaneous,Office Equipment/Supplies/Services
NATR,Nature's Sunshine Products Inc. Common Stock,Health Care,Biotechnology: Pharmaceutical Preparations
NAUT,Nautilus Biotechnology Inc. Common Stock,Industrials,Biotechnology: Laboratory Analytical Instruments
NAVI,Navient Corporation Common Stock,Finance,Investment Bankers/Brokers/Service
NAVN,Navan Inc. Class A Common Stock,Technology,Computer Software: Prepackaged Software
NAZ,Nuveen Arizona Quality Municipal Income Fund Common Stock,Finance,Finance/Investors Services
NB,NioCorp Developments Ltd. Common Stock,Basic Materials,Metal Mining
NBB,Nuveen Taxable Municipal Income Fund Common Shares of Beneficial Interest,Finance,Finance Companies
NBBK,NB Bancorp Inc. Common Stock,Finance,Banks
NBH,Neuberger Municipal Fund Inc. Common Stock,Finance,Finance/Investors Services
NBHC,National Bank Holdings Corporation Common Stock,Finance,Major Banks
NBIX,Neurocrine Biosciences Inc. Common Stock,Health Care,Biotechnology: Biological Products (No Diagnostic Substances)
NBN,Northeast Bank Common Stock,Finance,Major Banks
NBTB,NBT Bancorp Inc. Common Stock,Finance,Major Banks
NBXG,Neuberger Next Generation Connectivity Fund Inc. Common Stock,Finance,Trusts Except Educational Religious and Charitable
NC,NACCO Industries Inc. Common Stock,Energy,Coal Mining
NCA,Nuveen California Municipal Value Fund,Finance,Investment Managers
NCDL,Nuveen Churchill Direct Lending Corp. Common Stock,,
NCLH,Norwegian Cruise Line Holdings Ltd. Ordinary Shares,Consumer Discretionary,Marine Transportation
NCMI,National CineMedia Inc. Common Stock,Consumer Discretionary,Advertising
NCNO,nCino Inc. Common Stock,Technology,Computer Software: Prepackaged Software
NCPL,Netcapital Inc. Common Stock,Finance,Finance: Consumer Services
NCPLW,Netcapital Inc. Warrants,Finance,Finance: Consumer Services
NCSM,NCS Multistage Holdings Inc. Common Stock,Energy,Oilfield Services/Equipment
NCV,Virtus Convertible & Income Fund Common Shares of Beneficial Interest,Finance,Finance Companies
NCV^A,Virtus Convertible & Income Fund 5.625% Series A Cumulative Preferred Shares,,
NCZ,Virtus Convertible & Income Fund II Common Shares of Beneficial Interest,Finance,Finance Companies
NCZ^A,Virtus Convertible & Income Fund II 5.50% Series A Cumulative Preferred Shares,,
NDAQ,Nasdaq Inc. Common Stock,Finance,Investment Bankers/Brokers/Service
NDLS,Noodles & Company Class A Common Stock,Consumer Discretionary,Restaurants
NDRA,ENDRA Life Sciences Inc. Common Stock,Health Care,Biotechnology: Electromedical & Electrotherapeutic Apparatus
NDSN,Nordson Corporation Common Stock,Industrials,Industrial Machinery/Components
NE,Noble Corporation plc A Ordinary Shares,Energy,Oil & Gas Production
NEA,Nuveen AMT-Free Quality Municipal Income Fund Common Shares of Beneficial Interest Par Value $.01,Finance,Finance/Investors Services
NECB,NorthEast Community Bancorp Inc. Common Stock,Finance,Banks
NEE,NextEra Energy Inc. Common Stock,Technology,EDP Services
NEE^N,NextEra Energy Capital Holdings Inc. Series N Junior Subordinated Debentures due March 1 2079,,
NEE^S,NextEra Energy Inc. 7.299% Corporate Units,,
NEE^T,NextEra Energy Inc. 7.234% Corporate Units,,
NEE^U,NextEra Energy Inc. Series U Junior Subordinated Debentures due June 1 2085,,
NEE^V,NextEra Energy Inc. 7.375% Corporate Units,,
NEE^W,NextEra Energy Capital Holdings Inc. Series Z Junior Subordinated Debentures due April 15 2086,,
NEM,Newmont Corporation,Basic Materials,Precious Metals
NEN,New England Realty Associates Limited Partnership Class A Depositary Receipts Evidencing Units of Limited Partnership,Real Estate,Building operators
NEO,NeoGenomics Inc. Common Stock,Health Care,Precision Instruments
NEOG,Neogen Corporation Common Stock,Health Care,Biotechnology: In Vitro & In Vivo Diagnostic Substances
NEOV,NeoVolta Inc. Common Stock,Miscellaneous,Industrial Machinery/Components
NEOVW,NeoVolta Inc. Warrant,Miscellaneous,Industrial Machinery/Components
NEPH,Nephros Inc. Common Stock,Health Care,Medical/Dental Instruments
NERV,Minerva Neurosciences Inc Common Stock,Health Care,Biotechnology: Pharmaceutical Preparations
NESR,National Energy Services Reunited Corp Ordinary Shares,Energy,Oilfield Services/Equipment
NET,Cloudflare Inc. Class A Common Stock,Technology,Computer Software: Prepackaged Software
NEU,NewMarket Corp Common Stock,Industrials,Major Chemicals
NEUP,Neuphoria Therapeutics Inc. Common Stock,Health Care,Biotechnology: Pharmaceutical Preparations
NEWT,NewtekOne Inc. Common Stock,Finance,Major Banks
NEWTG,NewtekOne Inc. 8.50% Fixed Rate Senior Notes due 2029,Finance,Major Banks
NEWTH,NewtekOne Inc. 8.625% Fixed Rate Senior Notes due 2029,Finance,Major Banks
NEWTI,NewtekOne Inc. 8.00% Fixed Rate Senior Notes due 2028,Finance,Major Banks
NEWTP,NewtekOne Inc. Depositary Shares Non-Cumulative Perpetual Preferred Stock Series B,Finance,Major Banks
NEXT,NextDecade Corporation Common Stock,Utilities,Oil & Gas Production
NFBK,Northfield Bancorp Inc. Common Stock (Delaware),Finance,Savings Institutions
NFE,New Fortress Energy Inc. Class A Common Stock,Utilities,Oil/Gas Transmission
NFG,National Fuel Gas Company Common Stock,Utilities,Oil/Gas Transmission
NFJ,Virtus Dividend Interest & Premium Strategy Fund Common Shares of Beneficial Interest,Finance,Finance: Consumer Services
NFLX,Netflix Inc. Common Stock,Consumer Discretionary,Consumer Electronics/Video Chains
NGL,NGL ENERGY PARTNERS LP Common Units representing Limited Partner Interests,Utilities,Natural Gas Distribution
NGL^B,NGL ENERGY PARTNERS LP 9.00% Class B Fixed-to-Floating Rate Cumulative Redeemable Perpetual Preferred Units representing limited partnership interests,,
NGL^C,NGL ENERGY PARTNERS LP 9.625% Class C Fixed-to-Floating Rate Cumulative  Redeemable Perpetual Preferred Units representing  limited partner interests,,
NGS,Natural Gas Services Group Inc. Common Stock,Energy,Oilfield Services/Equipment
NGVC,Natural Grocers by Vitamin Cottage Inc. Common Stock,Consumer Staples,Food Chains
NGVT,Ingevity Corporation Common Stock ,Industrials,Major Chemicals
NHC,National HealthCare Corporation Common Stock,Health Care,Hospital/Nursing Management
NHI,National Health Investors Inc. Common Stock,Real Estate,Real Estate Investment Trusts
NHIC,NewHold Investment Corp III Class A Ordinary Shares,,
NHICW,NewHold Investment Corp III Warrants,,
NHIVU,NewHold Investment Corp IV Units,Finance,Blank Checks
NHP,National Healthcare Properties Inc. Class A Common Stock,,
NHPAP,National Healthcare Properties Inc. 7.375% Series A Cumulative Redeemable Perpetual Preferred Stock,Real Estate,Real Estate Investment Trusts
NHPBP,National Healthcare Properties Inc. 7.125% Series B Cumulative Redeemable Perpetual Preferred Stock,Real Estate,Real Estate Investment Trusts
NHS,Neuberger High Yield Strategies Fund Inc. Common Stock,Finance,Trusts Except Educational Religious and Charitable
NHTC,Natural Health Trends Corp. Common Stock,Consumer Discretionary,Consumer Specialties
NI,NiSource Inc Common Stock,Utilities,Power Generation
NIC,Nicolet Bankshares Inc. Common Stock,Finance,Major Banks
NIE,Virtus Equity & Convertible Income Fund Common Shares of Beneficial Interest,Finance,Investment Managers
NIM,Nuveen Select Maturities Municipal Fund Common Stock,Finance,Trusts Except Educational Religious and Charitable
NIO,NIO Inc. American depositary shares each  representing one Class A ordinary share,Industrials,Auto Manufacturing
NIOBW,NioCorp Developments Ltd. Warrant,Basic Materials,Metal Mining
NIQ,NIQ Global Intelligence plc Ordinary Shares,Technology,Computer Software: Programming Data Processing
NIXX,Nixxy Inc. Common Stock,Technology,EDP Services
NIXXW,Nixxy Inc. Warrant,Technology,EDP Services
NJR,NewJersey Resources Corporation Common Stock,Utilities,Oil/Gas Transmission
NKE,Nike Inc. Common Stock,Consumer Discretionary,Shoe Manufacturing
NKSH,National Bankshares Inc. Common Stock,Finance,Major Banks
NKTR,Nektar Therapeutics  Common Stock,Health Care,Biotechnology: Pharmaceutical Preparations
NKTX,Nkarta Inc. Common Stock,Health Care,Biotechnology: Pharmaceutical Preparations
NKX,Nuveen California AMT-Free Quality Municipal Income Fund,Finance,Finance/Investors Services
NL,NL Industries Inc. Common Stock,Basic Materials,Major Chemicals
NLOP,Net Lease Office Properties Common Shares of Beneficial Interest,Real Estate,Real Estate Investment Trusts
NLY,Annaly Capital Management Inc. Common Stock,Real Estate,Real Estate Investment Trusts
NLY^F,Annaly Capital Management Inc 6.95% Series F,,
NLY^G,Annaly Capital Management Inc 6.50% Series G Fixed-to-Floating Rate Cumulative Redeemable Preferred Stock,,
NLY^I,Annaly Capital Management Inc 6.750% Series I Fixed-to-Floating Rate Cumulative Redeemable Preferred Stock,,
NLY^J,Annaly Capital Management Inc. 8.875% Series J Fixed-Rate Cumulative Redeemable Preferred Stock,,
NMAI,Nuveen Multi-Asset Income Fund Common Shares of Beneficial Interest,Finance,Investment Managers
NMAX,Newsmax Inc. Class B Common Stock,Industrials,Broadcasting
NMFC,New Mountain Finance Corporation Common Stock,Finance,Finance/Investors Services
NMFCZ,New Mountain Finance Corporation 8.250% Notes due 2028,,
NMI,Nuveen Municipal Income Fund Inc. Common Stock,Finance,Trusts Except Educational Religious and Charitable
NMIH,NMI Holdings Inc. Common Stock,Finance,Property-Casualty Insurers
NML,Neuberger Energy Infrastructure and Income Fund Inc. Common Stock,Finance,Finance/Investors Services
NMP,NMP Acquisition Corp. Class A Ordinary Shares,Finance,Blank Checks
NMPAR,NMP Acquisition Corp. Right,Finance,Blank Checks
NMRA,Neumora Therapeutics Inc. Common Stock,Health Care,Biotechnology: Biological Products (No Diagnostic Substances)
NMRK,Newmark Group Inc. Class A Common Stock,Finance,Real Estate
NMS,Nuveen Minnesota Quality Municipal Income Fund ,Finance,Finance Companies
NMT,Nuveen Massachusetts Quality Municipal Income Fund Common Stock,Finance,Finance/Investors Services
NMTC,NeuroOne Medical Technologies Corporation Common Stock,Health Care,Medical/Dental Instruments
NMZ,Nuveen Municipal High Income Opportunity Fund Common Stock $0.01 par value per share,Finance,Finance/Investors Services
NN,NextNav Inc. Common Stock,Industrials,Industrial Machinery/Components
NNAVW,NextNav Inc. Warrant,Industrials,Industrial Machinery/Components
NNBR,NN Inc. Common Stock,Industrials,Industrial Machinery/Components
NNE,Nano Nuclear Energy Inc. Common Stock,Utilities,Electric Utilities: Central
NNI,Nelnet Inc. Common Stock,Finance,Finance: Consumer Services
NNN,NNN REIT Inc. Common Stock,Real Estate,Real Estate Investment Trusts
NNVC,NanoViricides Inc. Common Stock,Health Care,Biotechnology: Pharmaceutical Preparations
NNY,Nuveen New York Municipal Value Fund Common Stock,Finance,Investment Managers
NOC,Northrop Grumman Corporation Common Stock,Industrials,Industrial Machinery/Components
NODK,NI Holdings Inc. Common Stock,Finance,Property-Casualty Insurers
NOEM,CO2 Energy Transition Corp. Common Stock,,
NOEMR,CO2 Energy Transition Corp. Right,,
NOEMU,CO2 Energy Transition Corp. Unit,,
NOEMW,CO2 Energy Transition Corp. Warrant,,
NOG,Northern Oil and Gas Inc. Common Stock,Energy,Oil & Gas Production
NOMA,NOMADAR Corp. Class A Common Stock,Consumer Discretionary,Services-Misc. Amusement & Recreation
NOTV,Inotiv Inc. Common Stock,Health Care,Biotechnology: Commercial Physical & Biological Resarch
NOV,NOV Inc. Common Stock,Consumer Discretionary,Oil and Gas Field Machinery
NOVT,Novanta Inc. Common Stock,Miscellaneous,Industrial Machinery/Components
NOVTU,Novanta Inc. Tangible Equity Units,Miscellaneous,Industrial Machinery/Components
NOW,ServiceNow Inc. Common Stock,Technology,Computer Software: Prepackaged Software
NPAC,New Providence Acquisition Corp. III Class A Ordinary Shares,Finance,Blank Checks
NPACU,New Providence Acquisition Corp. III Units,Finance,Blank Checks
NPACW,New Providence Acquisition Corp. III Warrants,Finance,Blank Checks
NPB,Northpointe Bancshares Inc. Common Stock,Finance,Major Banks
NPCE,Neuropace Inc. Common Stock,Health Care,Medical/Dental Instruments
NPCT,Nuveen Core Plus Impact Fund Common Shares of Beneficial Interest,Finance,Investment Managers
NPFD,Nuveen Variable Rate Preferred & Income Fund Common Shares,Finance,Trusts Except Educational Religious and Charitable
NPK,National Presto Industries Inc. Common Stock,Industrials,Ordnance And Accessories
NPKI,NPK International Inc. Common Stock,Consumer Discretionary,Oil and Gas Field Machinery
NPO,Enpro Inc. Common Stock,Industrials,Metal Fabrications
NPV,Nuveen Virginia Quality Municipal Income Fund Common Stock,Finance,Investment Managers
NPWR,NET Power Inc. Class A Common Stock,Energy,Industrial Machinery/Components
NRC,NRC Health Common Stock,Health Care,Biotechnology: Commercial Physical & Biological Resarch
NRDS,NerdWallet Inc. Class A Common Stock,Technology,EDP Services
NRDY,Nerdy Inc. Class A Common Stock,Real Estate,Other Consumer Services
NREF,NexPoint Real Estate Finance Inc. Common Stock,Real Estate,Real Estate Investment Trusts
NREF^A,NexPoint Real Estate Finance Inc. 8.50% Series A Cumulative Redeemable Preferred Stock,,
NRG,NRG Energy Inc. Common Stock,Utilities,Electric Utilities: Central
NRGV,Energy Vault Holdings Inc. Common Stock,Miscellaneous,Industrial Machinery/Components
NRIM,Northrim BanCorp Inc Common Stock,Finance,Savings Institutions
NRIX,Nurix Therapeutics Inc. Common stock,Health Care,Biotechnology: Pharmaceutical Preparations
NRK,Nuveen New York AMT-Free Quality Municipal Income Fund ,Finance,Trusts Except Educational Religious and Charitable
NRO,Neuberger Real Estate Securities Income Fund Inc. Common Stock,Finance,Finance/Investors Services
NRP,Natural Resource Partners LP Limited Partnership,Energy,Coal Mining
NRT,North European Oil Royality Trust Common Stock,Energy,Oil & Gas Production
NRUC,National Rural Utilities Cooperative Finance Corporation 5.500% Subordinated Notes due 2064 (Subordinated Deferrable Interest Notes),Finance,Diversified Financial Services
NRXP,NRX Pharmaceuticals Inc. Common Stock,Health Care,Biotechnology: Pharmaceutical Preparations
NRXPW,NRX Pharmaceuticals Inc. Warrant,Health Care,Biotechnology: Pharmaceutical Preparations
NSA,National Storage Affiliates Trust Common Shares of Beneficial Interest,Real Estate,Real Estate Investment Trusts
NSA^A,National Storage Affiliates Trust 6.000% Series A Cumulative Redeemable Preferred Shares of Beneficial Interest (Liquidation Preference $25.00 per share),,
NSA^B,National Storage Affiliates Trust 6.000% Series B Cumulative Redeemable Preferred Shares of Beneficial Interest,,
NSC,Norfolk Southern Corporation Common Stock,Industrials,Railroads
NSIT,Insight Enterprises Inc. Common Stock,Consumer Discretionary,Catalog/Specialty Distribution
NSP,Insperity Inc. Common Stock,Consumer Discretionary,Professional Services
NSSC,NAPCO Security Technologies Inc. Common Stock,Telecommunications,Telecommunications Equipment
NSTS,NSTS Bancorp Inc. Common Stock,Finance,Savings Institutions
NSYS,Nortech Systems Incorporated Common Stock,Technology,Industrial Machinery/Components
NTAP,NetApp Inc. Common Stock,Technology,Electronic Components
NTCT,NetScout Systems Inc. Common Stock,Technology,EDP Services
NTGR,NETGEAR Inc. Common Stock,Utilities,Telecommunications Equipment
NTHI,NeOnc Technologies Holdings Inc. Common Stock,Health Care,Biotechnology: Pharmaceutical Preparations
NTIC,Northern Technologies International Corporation Common Stock,Industrials,Industrial Specialties
NTIP,Network-1 Technologies Inc. Common Stock,Miscellaneous,Multi-Sector Companies
NTLA,Intellia Therapeutics Inc. Common Stock,Health Care,Biotechnology: In Vitro & In Vivo Diagnostic Substances
NTNX,Nutanix Inc. Class A Common Stock,Technology,Computer Software: Prepackaged Software
NTRA,Natera Inc. Common Stock,Health Care,Medical Specialities
NTRB,Nutriband Inc. Common Stock,Health Care,Industrial Specialties
NTRBW,Nutriband Inc. Warrant,Health Care,Industrial Specialties
NTRP,NextTrip Inc. Common Stock,Consumer Discretionary,Miscellaneous manufacturing industries
NTRS,Northern Trust Corporation Common Stock,Finance,Major Banks
NTRSO,Northern Trust Corporation Depositary Shares Each Representing a 1/1000th Interest in a Share of Series E Non-Cumulative Perpetual Preferred Stock,Finance,Major Banks
NTSK,Netskope Inc. Class A Common Stock,Technology,Computer Software: Prepackaged Software
NTST,NetSTREIT Corp. Common Stock,Real Estate,Real Estate Investment Trusts
NTWK,NetSol Technologies Inc. Common  Stock,Technology,Computer Software: Prepackaged Software
NTWO,Newbury Street II Acquisition Corp Class A Ordinary Shares,,
NTWOW,Newbury Street II Acquisition Corp Warrant,,
NUAI,New Era Energy & Digital Inc. Common Stock,Energy,Oil & Gas Production
NUAIW,New Era Energy & Digital Inc. Warrants,Energy,Oil & Gas Production
NUCL,Eagle Nuclear Energy Corp. Common stock,Basic Materials,Other Metals and Minerals
NUCLW,Eagle Nuclear Energy Corp. Warrants,Basic Materials,Other Metals and Minerals
NUE,Nucor Corporation Common Stock,Industrials,Steel/Iron Ore
NUS,Nu Skin Enterprises Inc. Common Stock,Health Care,Other Pharmaceuticals
NUTX,Nutex Health Inc. Common Stock,Real Estate,Real Estate
NUV,Nuveen Municipal Value Fund Inc. Common Stock,Finance,Trusts Except Educational Religious and Charitable
NUVB,Nuvation Bio Inc. Class A Common Stock,Health Care,Biotechnology: Pharmaceutical Preparations
NUVL,Nuvalent Inc. Class A Common Stock,Health Care,Biotechnology: Pharmaceutical Preparations
NUW,Nuveen AMT-Free Municipal Value Fund,Finance,Investment Managers
NUWE,Nuwellis Inc. Common Stock,Health Care,Biotechnology: Electromedical & Electrotherapeutic Apparatus
NVAX,Novavax Inc. Common Stock,Health Care,Biotechnology: Biological Products (No Diagnostic Substances)
NVCT,Nuvectis Pharma Inc. Common Stock,Health Care,Biotechnology: Pharmaceutical Preparations
NVDA,NVIDIA Corporation Common Stock,Technology,Semiconductors
NVEC,NVE Corporation Common Stock,Technology,Semiconductors
NVG,Nuveen AMT-Free Municipal Credit Income Fund ,Finance,Investment Managers
NVNO,enVVeno Medical Corporation Common Stock,Health Care,Medical/Dental Instruments
NVR,NVR Inc. Common Stock,Consumer Discretionary,Homebuilding
NVRI,Enviri Corporation Common Stock,Miscellaneous,Diversified Commercial Services
NVST,Envista Holdings Corporation Common Stock,Health Care,Medical/Dental Instruments
NVTS,Navitas Semiconductor Corporation Common Stock,Technology,Semiconductors
NVVE,Nuvve Holding Corp. Common Stock,Industrials,Electrical Products
NWBI,Northwest Bancshares Inc. Common Stock,Finance,Major Banks
NWE,NorthWestern Energy Group Inc. Common Stock,Utilities,Power Generation
NWFL,Norwood Financial Corp. Common Stock,Finance,Major Banks
NWL,Newell Brands Inc. Common Stock,Industrials,Plastic Products
NWN,Northwest Natural Holding Company Common Stock,Utilities,Oil/Gas Transmission
NWPX,NWPX Infrastructure Inc. Common Stock,Industrials,Steel/Iron Ore
NWS,News Corporation Class B Common Stock,Consumer Discretionary,Newspapers/Magazines
NWSA,News Corporation Class A Common Stock,Consumer Discretionary,Newspapers/Magazines
NWTG,Newton Golf Company Inc. Common Stock,Consumer Discretionary,Recreational Games/Products/Toys
NX,Quanex Building Products Corporation Common Stock,Industrials,Metal Fabrications
NXDR,Nextdoor Holdings Inc. Class A Common Stock,Technology,Computer Software: Programming Data Processing
NXDT,NexPoint Diversified Real Estate Trust Common Stock,Real Estate,Real Estate Investment Trusts
NXDT^A,NexPoint Diversified Real Estate Trust 5.50% Series A Cumulative Preferred Shares ($25.00 liquidation preference per share),,
NXGL,NexGel Inc Common Stock,Health Care,Medical/Dental Instruments
NXGLW,NexGel Inc Warrant,Health Care,Medical/Dental Instruments
NXL,Nexalin Technology Inc. Common Stock,Health Care,Biotechnology: Electromedical & Electrotherapeutic Apparatus
NXP,Nuveen Select Tax Free Income Portfolio Common Stock,Finance,Trusts Except Educational Religious and Charitable
NXPL,NextPlat Corp Common Stock,Telecommunications,Telecommunications Equipment
NXRT,NexPoint Residential Trust Inc. Common Stock,Real Estate,Real Estate Investment Trusts
NXST,Nexstar Media Group Inc. Common Stock,Industrials,Broadcasting
NXT,Nextpower Inc. Class A Common Stock,Industrials,Industrial Machinery/Components
NXTC,NextCure Inc. Common Stock,Health Care,Biotechnology: Pharmaceutical Preparations
NXXT,NextNRG Inc. Common Stock,Consumer Discretionary,Retail-Auto Dealers and Gas Stations
NYT,New York Times Company (The) Common Stock,Consumer Discretionary,Newspapers/Magazines
NZF,Nuveen Municipal Credit Income Fund ,Finance,Finance Companies
O,Realty Income Corporation Common Stock,Real Estate,Real Estate Investment Trusts
OABI,OmniAb Inc. Common Stock,Health Care,Biotechnology: Commercial Physical & Biological Resarch
OABIW,OmniAb Inc. Warrant,Health Care,Biotechnology: Commercial Physical & Biological Resarch
OACC,Oaktree Acquisition Corp. III Life Sciences Class A Ordinary Share,Finance,Blank Checks
OACCU,Oaktree Acquisition Corp. III Life Sciences Unit,Finance,Blank Checks
OACCW,Oaktree Acquisition Corp. III Life Sciences Warrant,Finance,Blank Checks
OAK^A,Brookfield Oaktree Holdings LLC 6.625% Series A Preferred Units,,
OAK^B,Brookfield Oaktree Holdings LLC 6.550% Series B Preferred Units,,
OBAI,Our Bond Inc. Common Stock,Consumer Discretionary,Telecommunications Equipment
OBDC,Blue Owl Capital Corporation Common Stock,Finance,Diversified Financial Services
OBIO,Orchestra BioMed Holdings Inc. Ordinary Shares,Health Care, Medicinal Chemicals and Botanical Products 
OBK,Origin Bancorp Inc. Common Stock,Finance,Major Banks
OBT,Orange County Bancorp Inc. Common Stock,Finance,Major Banks
OC,Owens Corning Inc Common Stock New,Industrials,Industrial Machinery/Components
OCC,Optical Cable Corporation Common Stock,Industrials,Telecommunications Equipment
OCCI,OFS Credit Company Inc. Common Stock,Finance,Trusts Except Educational Religious and Charitable
OCCIM,OFS Credit Company Inc. 7.875% Series F Term Preferred Stock,,
OCCIN,OFS Credit Company Inc. 5.25% Series E Term Preferred Stock Due 2026,Finance,Trusts Except Educational Religious and Charitable
OCFC,OceanFirst Financial Corp. Common Stock,Finance,Major Banks
OCGN,Ocugen Inc. Common Stock,Health Care,Biotechnology: Biological Products (No Diagnostic Substances)
OCSL,Oaktree Specialty Lending Corporation Common Stock,Finance,Finance: Consumer Services
OCUL,Ocular Therapeutix Inc. Common Stock,Health Care,Biotechnology: Pharmaceutical Preparations
ODC,Oil-Dri Corporation Of America Common Stock,Consumer Discretionary,Miscellaneous manufacturing industries
ODFL,Old Dominion Freight Line Inc. Common Stock,Industrials,Trucking Freight/Courier Services
ODTX,Odyssey Therapeutics Inc. Common Stock,Health Care,Biotechnology: Biological Products (No Diagnostic Substances)
OESX,Orion Energy Systems Inc. Common Stock,Consumer Discretionary,Building Products
OFLX,Omega Flex Inc. Common Stock,Industrials,Industrial Specialties
OFS,OFS Capital Corporation Common Stock,Finance,Finance/Investors Services
OFSSH,OFS Capital Corporation 4.95% Notes due 2028,Finance,Finance Companies
OFSSO,OFS Capital Corporation 7.50% Notes due 2028,,
OGE,OGE Energy Corp Common Stock,Utilities,Electric Utilities: Central
OGEN,Oragenics Inc. Common Stock,Health Care,Biotechnology: Pharmaceutical Preparations
OGN,Organon & Co. Common Stock ,Health Care,Biotechnology: Pharmaceutical Preparations
OGS,ONE Gas Inc. Common Stock,Utilities,Oil/Gas Transmission
OHI,Omega Healthcare Investors Inc. Common Stock,Real Estate,Real Estate Investment Trusts
OI,O-I Glass Inc. Common Stock,Consumer Discretionary,Containers/Packaging
OIA,Invesco Municipal Income Opportunities Trust Common Stock,Finance,Finance Companies
OII,Oceaneering International Inc. Common Stock,Energy,Oilfield Services/Equipment
OIM,OneIM Acquisition Corp. Class A Ordinary Shares,,
OIMAU,OneIM Acquisition Corp. Units,Finance,Blank Checks
OIMAW,OneIM Acquisition Corp. Warrant,,
OIS,Oil States International Inc. Common Stock,Consumer Discretionary,Oil and Gas Field Machinery
OKE,ONEOK Inc. Common Stock,Utilities,Oil & Gas Production
OKLO,Oklo Inc. Class A common stock,Utilities,Electric Utilities: Central
OKTA,Okta Inc. Class A Common Stock,Technology,Computer Software: Prepackaged Software
OKUR,OnKure Therapeutics Inc. Class A Common Stock,Health Care,Biotechnology: Pharmaceutical Preparations
OLB,The OLB Group Inc. Common Stock,Real Estate,Real Estate
OLED,Universal Display Corporation Common Stock,Technology,Electrical Products
OLLI,Ollie's Bargain Outlet Holdings Inc. Common Stock,Consumer Discretionary,Department/Specialty Retail Stores
OLMA,Olema Pharmaceuticals Inc. Common Stock,Health Care,Biotechnology: Pharmaceutical Preparations
OLN,Olin Corporation Common Stock,Industrials,Major Chemicals
OLOX,Olenox Industries Inc. Common Stock,Consumer Discretionary,RETAIL: Building Materials
OLP,One Liberty Properties Inc. Common Stock,Real Estate,Real Estate Investment Trusts
OLPX,Olaplex Holdings Inc. Common Stock,Consumer Discretionary,Package Goods/Cosmetics
OM,Outset Medical Inc. Common Stock,Health Care,Biotechnology: Electromedical & Electrotherapeutic Apparatus
OMC,Omnicom Group Inc. Common Stock,Consumer Discretionary,Advertising
OMCL,Omnicell Inc. Common Stock ($0.001 par value),Technology,Computer Manufacturing
OMDA,Omada Health Inc. Common Stock,Health Care,Medical/Nursing Services
OMER,Omeros Corporation Common Stock,Health Care,Biotechnology: Pharmaceutical Preparations
OMEX,Odyssey Marine Exploration Inc. Common Stock,Consumer Discretionary,Marine Transportation
OMF,OneMain Holdings Inc. Common Stock,Finance,Finance: Consumer Services
ON,ON Semiconductor Corporation Common Stock,Technology,Semiconductors
ONB,Old National Bancorp Common Stock,Finance,Major Banks
ONBPO,Old National Bancorp Depositary Shares Each Representing a 1/40th Interest in a Share of Series C Preferred Stock,Finance,Major Banks
ONBPP,Old National Bancorp Depositary Shares Each Representing a 1/40th Interest in a Share of Series A Preferred Stock,Finance,Major Banks
ONCH,1RT Acquisition Corp. Class A Ordinary Share,,
ONCHU,1RT Acquisition Corp. Units,,
ONCHW,1RT Acquisition Corp. Warrant,Finance,Blank Checks
ONCO,Onconetix Inc. Common Stock,Health Care,Biotechnology: Pharmaceutical Preparations
ONDS,Ondas Inc. Common Stock,Technology,Radio And Television Broadcasting And Communications Equipment
ONEW,OneWater Marine Inc. Class A Common Stock,Consumer Discretionary,Auto & Home Supply Stores
ONFO,Onfolio Holdings Inc. Common Stock,Technology,EDP Services
ONFOW,Onfolio Holdings Inc. Warrant,Technology,EDP Services
ONIT,Onity Group Inc. Common Stock,Finance,Finance: Consumer Services
ONL,Orion Properties Inc. Common Stock,Real Estate,Real Estate Investment Trusts
ONT,Onterris Inc. Common Stock,Consumer Discretionary,Professional Services
ONTO,Onto Innovation Inc. Common Stock,Industrials,Industrial Machinery/Components
OOMA,Ooma Inc. Common Stock,Technology,EDP Services
OPAD,Offerpad Solutions Inc. Class A Common Stock,Finance,Real Estate
OPAL,OPAL Fuels Inc. Class A Common Stock,Utilities,Natural Gas Distribution
OPBK,OP Bancorp Common Stock,Finance,Major Banks
OPCH,Option Care Health Inc. Common Stock,Health Care,Medical/Nursing Services
OPEN,Opendoor Technologies Inc Common Stock,Finance,Real Estate
OPENL,Opendoor Technologies Inc  Series A Warrants each whole warrant exercisable to purchase one share of Common Stock at an exercise price of $13.00 per warrant,Finance,Real Estate
OPENW,Opendoor Technologies Inc  Series K Warrants each whole warrant exercisable to purchase one share of Common Stock at an exercise price of $9.00 per warrant,Finance,Real Estate
OPENZ,Opendoor Technologies Inc  Series Z Warrants each whole warrant exercisable to purchase one share of Common Stock at an exercise price of $17.00 per warrant,Finance,Real Estate
OPFI,OppFi Inc. Class A Common Stock,Finance,Finance: Consumer Services
OPHC,OptimumBank Holdings Inc. Common Stock,Finance,Major Banks
OPK,OPKO Health Inc. Common Stock,Health Care,Biotechnology: Pharmaceutical Preparations
OPLN,OPENLANE Inc. Common Stock,Consumer Discretionary,Retail-Auto Dealers and Gas Stations
OPP,RiverNorth/DoubleLine Strategic Opportunity Fund Inc. Common Stock,Finance,Finance/Investors Services
OPP^A,RiverNorth/DoubleLine Strategic Opportunity Fund Inc. 4.375% Series A Cumulative Preferred Stock,,
OPP^B,RiverNorth/DoubleLine Strategic Opportunity Fund Inc. 4.75% Series B Cumulative Preferred Stock,,
OPRT,Oportun Financial Corporation Common Stock,Finance,Finance: Consumer Services
OPRX,OptimizeRx Corporation Common Stock,Real Estate,Real Estate
OPTT,Ocean Power Technologies Inc. Common Stock,Utilities,Electric Utilities: Central
OPTU,Optimum Communications Inc. Class A common stock,Telecommunications,Cable & Other Pay Television Services
OPTX,Syntec Optics Holdings Inc. Class A Common Stock,Technology,Electronic Components
OPTXW,Syntec Optics Holdings Inc. Warrant,Technology,Electronic Components
OPXS,Optex Systems Holdings Inc. Common Stock,Technology,Electronic Components
OPY,Oppenheimer Holdings Inc. Class A Common Stock (DE),Finance,Investment Bankers/Brokers/Service
ORA,Ormat Technologies Inc. Common Stock,Utilities,Electric Utilities: Central
ORBS,Eightco Holdings Inc. Common Stock,,
ORC,Orchid Island Capital Inc. Common Stock,Real Estate,Real Estate Investment Trusts
ORCL,Oracle Corporation Common Stock,Technology,Computer Software: Prepackaged Software
ORCL^D,Oracle Corporation Depositary Shares each representing a 1/2000th interest in a sh of 6.50% Series D Mandatory Convertible Preferred Stock,,
ORGN,Origin Materials Inc. Common Stock,Industrials,Major Chemicals
ORGNW,Origin Materials Inc. Warrants,Industrials,Major Chemicals
ORGO,Organogenesis Holdings Inc. Class A Common Stock,Health Care,Biotechnology: Pharmaceutical Preparations
ORI,Old Republic International Corporation Common Stock,Finance,Property-Casualty Insurers
ORIC,Oric Pharmaceuticals Inc. Common Stock,Health Care,Biotechnology: Pharmaceutical Preparations
ORKA,Oruka Therapeutics Inc. Common Stock,Health Care,Biotechnology: In Vitro & In Vivo Diagnostic Substances
ORLY,O'Reilly Automotive Inc. Common Stock,Consumer Discretionary,Auto & Home Supply Stores
ORN,Orion Group Holdings Inc. Common,Industrials,Military/Government/Technical
ORRF,Orrstown Financial Services Inc. Common Stock,Finance,Major Banks
OSBC,Old Second Bancorp Inc. Common Stock,Finance,Major Banks
OSCR,Oscar Health Inc. Class A Common Stock,Health Care,Medical Specialities
OSG,Octave Specialty Group Inc. Common Stock,Finance,Property-Casualty Insurers
OSIS,OSI Systems Inc. Common Stock (DE),Technology,Semiconductors
OSK,Oshkosh Corporation (Holding Company)Common Stock,Industrials,Auto Manufacturing
OSPN,OneSpan Inc. Common Stock,Technology,EDP Services
OSRH,OSR Holdings Inc. Common Stock,Health Care,Medical/Dental Instruments
OSRHW,OSR Holdings Inc. Warrant,Health Care,Medical/Dental Instruments
OSS,One Stop Systems Inc. Common Stock,Technology,Computer Manufacturing
OSUR,OraSure Technologies Inc. Common Stock,Health Care,Medical/Dental Instruments
OTF,Blue Owl Technology Finance Corp. Common Stock,,
OTGA,OTG Acquisition Corp. I Class A Ordinary Share ,Finance,Blank Checks
OTGAU,OTG Acquisition Corp. I Unit,Finance,Blank Checks
OTGAW,OTG Acquisition Corp. I Warrants,Finance,Blank Checks
OTIS,Otis Worldwide Corporation Common Stock ,Technology,Consumer Electronics/Appliances
OTLK,Outlook Therapeutics Inc. Common Stock,Health Care,Biotechnology: Biological Products (No Diagnostic Substances)
OTTR,Otter Tail Corporation Common Stock,Utilities,Electric Utilities: Central
OUST,Ouster Inc. Common Stock,Industrials,Industrial Machinery/Components
OUT,OUTFRONT Media Inc. Common Stock,Real Estate,Real Estate Investment Trusts
OVBC,Ohio Valley Banc Corp. Common Stock,Finance,Major Banks
OVID,Ovid Therapeutics Inc. Common Stock,Health Care,Biotechnology: Pharmaceutical Preparations
OVLY,Oak Valley Bancorp (CA) Common Stock,Finance,Major Banks
OWL,Blue Owl Capital Inc. Class A Common Stock,Finance,Investment Managers
OWLT,Owlet Inc. Class A Common Stock,Industrials,Industrial Machinery/Components
OXLC,Oxford Lane Capital Corp. Common Stock,Finance,Investment Managers
OXLCG,Oxford Lane Capital Corp. 7.95% Notes due 2032,Finance,Investment Managers
OXLCI,Oxford Lane Capital Corp. 8.75% Notes due 2030,,
OXLCL,Oxford Lane Capital Corp. 6.75% Notes due 2031,Finance,Finance Companies
OXLCM,Oxford Lane Capital Corp. Preferred Stock Shares 8.25% Series 2031,Finance,Investment Managers
OXLCN,Oxford Lane Capital Corp. 7.125% Series 2029 Term Preferred Stock,Finance,Investment Managers
OXLCO,Oxford Lane Capital Corp. Preferred Stock Shares 6.00% Series 2029,Finance,Investment Managers
OXLCP,Oxford Lane Capital Corp. 6.25% Series 2027 Term Preferred Shares,Finance,Investment Managers
OXLCZ,Oxford Lane Capital Corp. 5.00% Notes due 2027,Finance,Finance Companies
OXM,Oxford Industries Inc. Common Stock,Industrials,Garments and Clothing
OXSQ,Oxford Square Capital Corp. Common Stock,Finance,Blank Checks
OXSQG,Oxford Square Capital Corp. 5.50% Notes due 2028,Consumer Discretionary,Other Consumer Services
OXSQH,Oxford Square Capital Corp. 7.75% Notes due 2030,Finance,Blank Checks
OXY,Occidental Petroleum Corporation Common Stock,Energy,Oil & Gas Production
OYSE,Oyster Enterprises II Acquisition Corp Class A Ordinary Shares,Finance,Blank Checks
OZK,Bank OZK Common Stock,Finance,Major Banks
OZKAP,Bank OZK 4.625% Series A Non-Cumulative Perpetual Preferred Stock,Finance,Major Banks
P,Everpure Inc. Class A common stock,Technology,Electronic Components
PAA,Plains All American Pipeline L.P. Common Units representing Limited Partner Interests,Energy,Natural Gas Distribution
PAAC,Proem Acquisition Corp I Ordinary Shares,,
PAACW,Proem Acquisition Corp I Warrants,Finance,Blank Checks
PACB,Pacific Biosciences of California Inc. Common Stock,Industrials,Biotechnology: Laboratory Analytical Instruments
PACH,Pioneer Acquisition I Corp Class A Ordinary Shares,,
PACHU,Pioneer Acquisition I Corp Units,,
PACHW,Pioneer Acquisition I Corp Warrants,,
PACK,Ranpak Holdings Corp Class A Common Stock,Consumer Discretionary,Containers/Packaging
PACS,PACS Group Inc. Common Stock,Health Care,Hospital/Nursing Management
PAG,Penske Automotive Group Inc. Common Stock,Consumer Discretionary,Retail-Auto Dealers and Gas Stations
PAGP,Plains GP Holdings L.P. Class A Units representing Limited Partner Interests,Energy,Natural Gas Distribution
PAHC,Phibro Animal Health Corporation Class A Common Stock,Health Care,Biotechnology: Pharmaceutical Preparations
PAI,Western Asset Investment Grade Income Fund Inc.,Finance,Trusts Except Educational Religious and Charitable
PAL,Proficient Auto Logistics Inc. Common Stock,Consumer Discretionary,Transportation Services
PALI,Palisade Bio Inc. Common Stock,Health Care,Biotechnology: Biological Products (No Diagnostic Substances)
PALO,Paloma Acquisition Corp I Class A Ordinary Shares,Finance,Blank Checks
PAMT,PAMT CORP Common Stock,Industrials,Trucking Freight/Courier Services
PANL,Pangaea Logistics Solutions Ltd. Common Shares,Consumer Discretionary,Marine Transportation
PANW,Palo Alto Networks Inc. Common Stock,Technology,Computer peripheral equipment
PAR,PAR Technology Corporation Common Stock,Miscellaneous,Office Equipment/Supplies/Services
PARK,Park Dental Partners Inc. Common Stock,Health Care,Misc Health and Biotechnology Services
PARR,Par Pacific Holdings Inc.  Common Stock,Energy,Oil & Gas Production
PASG,Passage Bio Inc. Common Stock,Health Care,Biotechnology: Biological Products (No Diagnostic Substances)
PATH,UiPath Inc. Class A Common Stock,Technology,Computer Software: Prepackaged Software
PATK,Patrick Industries Inc. Common Stock,Consumer Discretionary,Auto Parts:O.E.M.
PAVM,PAVmed Inc. Common Stock,Health Care,Medical/Dental Instruments
PAXS,PIMCO Access Income Fund Common Shares of Beneficial Interest,Finance,Investment Managers
PAY,Paymentus Holdings Inc. Class A Common Stock,Real Estate,Real Estate
PAYC,Paycom Software Inc. Common Stock,Technology,Computer Software: Prepackaged Software
PAYO,Payoneer Global Inc. Common Stock,Real Estate,Real Estate
PAYS,Paysign Inc. Common Stock,Technology,EDP Services
PAYX,Paychex Inc. Common Stock,Industrials,Diversified Commercial Services
PB,Prosperity Bancshares Inc. Common Stock,Finance,Major Banks
PBF,PBF Energy Inc. Class A Common Stock,Energy,Integrated oil Companies
PBFS,Pioneer Bancorp Inc. Common Stock,Finance,Banks
PBH,Prestige Consumer Healthcare Inc. Common Stock,Health Care,Biotechnology: Pharmaceutical Preparations
PBHC,Pathfinder Bancorp Inc. Common Stock (MD),Finance,Major Banks
PBI,Pitney Bowes Inc. Common Stock,Miscellaneous,Office Equipment/Supplies/Services
PBI^B,Pitney Bowes Inc 6.70% Notes Due 2043,,
PBT,Permian Basin Royalty Trust Common Stock,Energy,Oil & Gas Production
PBYI,Puma Biotechnology Inc Common Stock,Health Care,Biotechnology: Pharmaceutical Preparations
PCAP,ProCap Acquisition Corp Class A Ordinary Shares,Finance,Blank Checks
PCAPU,ProCap Acquisition Corp Unit,,
PCAPW,ProCap Acquisition Corp Warrant,Finance,Blank Checks
PCAR,PACCAR Inc. Common Stock,Consumer Discretionary,Motor Vehicles
PCB,PCB Bancorp Common Stock,Finance,Major Banks
PCF,High Income Securities Fund Common Stock,Finance,Trusts Except Educational Religious and Charitable
PCG,Pacific Gas & Electric Co. Common Stock,Utilities,Power Generation
PCG^A,Pacific Gas & Electric Co. 6% Preferred Stock,,
PCG^B,Pacific Gas & Electric Co. 5 1/2% Preferred Stock,,
PCG^C,Pacific Gas & Electric Co. 5% 1st Preferred Stock,,
PCG^D,Pacific Gas & Electric Co. 5% 1st  Red. Preferred Stock,,
PCG^E,Pacific Gas & Electric Co. 5% 1st A Preferred Stock,,
PCG^G,Pacific Gas & Electric Co. 4.80% 1st Preferred Stock,,
PCG^H,Pacific Gas & Electric Co. 4.50% 1st Preferred Stock,,
PCG^I,Pacific Gas & Electric Co. 4.36% 1st Preferred Stock,,
PCG^X,PG&E Corp 6.000% Series A Mandatory Convertible Preferred Stock,,
PCM,PCM Fund Inc. Common Stock,Finance,Trusts Except Educational Religious and Charitable
PCN,Pimco Corporate & Income Strategy Fund Common Stock,Finance,Investment Managers
PCOR,Procore Technologies Inc. Common Stock,Technology,Computer Software: Prepackaged Software
PCQ,PIMCO California Municipal Income Fund Common Stock,Finance,Investment Managers
PCRX,Pacira BioSciences Inc. Common Stock,Health Care,Biotechnology: Pharmaceutical Preparations
PCSA,Processa Pharmaceuticals Inc. Common Stock,Health Care,Biotechnology: Pharmaceutical Preparations
PCSC,Perceptive Capital Solutions Corp Class A Ordinary Shares,,
PCT,PureCycle Technologies Inc. Common stock,Industrials,Major Chemicals
PCTTW,PureCycle Technologies Inc. Warrant,Industrials,Major Chemicals
PCTY,Paylocity Holding Corporation Common Stock,Technology,Computer Software: Prepackaged Software
PCVX,Vaxcyte Inc. Common Stock,Health Care,Biotechnology: Pharmaceutical Preparations
PCYO,Pure Cycle Corporation Common Stock,Utilities,Water Supply
PD,PagerDuty Inc. Common Stock,Technology,Computer Software: Prepackaged Software
PDEX,Pro-Dex Inc. Common Stock,Health Care,Medical/Dental Instruments
PDFS,PDF Solutions Inc. Common Stock,Technology,Computer Software: Prepackaged Software
PDI,PIMCO Dynamic Income Fund Common Stock,Finance,Trusts Except Educational Religious and Charitable
PDLB,Ponce Financial Group Inc. Common Stock,Finance,Savings Institutions
PDM,Piedmont Realty Trust Inc. Class A Common Stock,Real Estate,Building operators
PDO,PIMCO Dynamic Income Opportunities Fund Common Shares of Beneficial Interest,Finance,Trusts Except Educational Religious and Charitable
PDSB,PDS Biotechnology Corporation Common Stock,Health Care,Biotechnology: Pharmaceutical Preparations
PDT,John Hancock Premium Dividend Fund,Finance,Finance Companies
PDYN,Palladyne AI Corp. Common Stock,Technology,Computer Software: Prepackaged Software
PDYNW,Palladyne AI Corp Warrants,Technology,Computer Software: Prepackaged Software
PEB,Pebblebrook Hotel Trust Common Shares of Beneficial Interest,Real Estate,Real Estate Investment Trusts
PEB^E,Pebblebrook Hotel Trust 6.375% Series E Cumulative Redeemable Preferred Shares of Beneficial Interest,,
PEB^F,Pebblebrook Hotel Trust 6.3% Series F Cumulative Redeemable Preferred Shares of Beneficial Interest,,
PEB^G,Pebblebrook Hotel Trust 6.375% Series G Cumulative Redeemable Preferred Shares of Beneficial Interest,,
PEB^H,Pebblebrook Hotel Trust 5.700% Series H Cumulative Redeemable Preferred Shares of Beneficial Interest,,
PEBK,Peoples Bancorp of North Carolina Inc. Common Stock,Finance,Major Banks
PEBO,Peoples Bancorp Inc. Common Stock,Finance,Major Banks
PECO,Phillips Edison & Company Inc. Common Stock,Real Estate,Real Estate Investment Trusts
PED,Pedevco Corp. Common Stock,Energy,Oil & Gas Production
PEG,Public Service Enterprise Group Incorporated Common Stock,Utilities,Power Generation
PEGA,Pegasystems Inc. Common Stock,Technology,EDP Services
PEN,Penumbra Inc. Common Stock,Health Care,Medical/Dental Instruments
PENG,Penguin Solutions Inc. Common Stock,Technology,Semiconductors
PENN,PENN Entertainment Inc. Common Stock,Consumer Discretionary,Hotels/Resorts
PEO,Adams Natural Resources Fund Inc. Common Stock,Finance,Finance/Investors Services
PEP,PepsiCo Inc. Common Stock,Consumer Staples,Beverages (Production/Distribution)
PEPG,PepGen Inc. Common Stock,Health Care,Biotechnology: Pharmaceutical Preparations
PESI,Perma-Fix Environmental Services Inc. Common Stock,Industrials,Environmental Services
PETS,PetMed Express Inc. Common Stock,Consumer Staples,Retail-Drug Stores and Proprietary Stores
PFBC,Preferred Bank Common Stock,Finance,Major Banks
PFD,Flaherty & Crumrine Preferred and Income Fund Incorporated,Finance,Investment Managers
PFE,Pfizer Inc. Common Stock,Health Care,Biotechnology: Pharmaceutical Preparations
PFG,Principal Financial Group Inc Common Stock,Finance,Accident &Health Insurance
PFGC,Performance Food Group Company Common Stock,Consumer Discretionary,Food Distributors
PFH,Prudential Financial Inc. 4.125% Junior Subordinated Notes due 2060,Finance,Life Insurance
PFIS,Peoples Financial Services Corp. Common Stock,Finance,Major Banks
PFL,PIMCO Income Strategy Fund Shares of Beneficial Interest,Finance,Finance Companies
PFLT,PennantPark Floating Rate Capital Ltd. Common Stock,Finance,Finance: Consumer Services
PFN,PIMCO Income Strategy Fund II,Finance,Finance/Investors Services
PFO,Flaherty & Crumrine Preferred and Income Opportunity Fund Incorporated,Finance,Finance Companies
PFS,Provident Financial Services Inc Common Stock,Finance,Savings Institutions
PFSA,Profusa Inc. Common Stock,Health Care,Medical/Dental Instruments
PFSI,PennyMac Financial Services Inc. Common Stock,Finance,Finance: Consumer Services
PFX,PhenixFIN Corporation Common Stock,Finance,Finance: Consumer Services
PFXNZ,PhenixFIN Corporation  5.25% Notes due 2028,Finance,Finance: Consumer Services
PG,Procter & Gamble Company (The) Common Stock,Consumer Discretionary,Package Goods/Cosmetics
PGAC,Pantages Capital Acquisition Corporation Class A Ordinary Shares,,
PGC,Peapack-Gladstone Financial Corporation Common Stock,Finance,Commercial Banks
PGEN,Precigen Inc. Common Stock,Health Care,Biotechnology: Pharmaceutical Preparations
PGNY,Progyny Inc. Common Stock,Health Care,Misc Health and Biotechnology Services
PGP,Pimco Global StocksPlus & Income Fund Common Shares of Beneficial Interest,Finance,Finance Companies
PGR,Progressive Corporation (The) Common Stock,Finance,Property-Casualty Insurers
PGY,Pagaya Technologies Ltd. Class A Ordinary Shares,Finance,Finance: Consumer Services
PGYWW,Pagaya Technologies Ltd. Warrants,Finance,Finance: Consumer Services
PH,Parker-Hannifin Corporation Common Stock,Industrials,Metal Fabrications
PHAT,Phathom Pharmaceuticals Inc. Common Stock,Health Care,Biotechnology: Pharmaceutical Preparations
PHIN,PHINIA Inc. Common Stock,Consumer Discretionary,Auto Parts:O.E.M.
PHIO,Phio Pharmaceuticals Corp. Common Stock,Health Care,Biotechnology: Pharmaceutical Preparations
PHK,Pimco High Income Fund,Finance,Finance/Investors Services
PHM,PulteGroup Inc. Common Stock,Consumer Discretionary,Homebuilding
PHR,Phreesia Inc. Common Stock,Real Estate,Real Estate
PI,Impinj Inc. Common Stock,Technology,Industrial Machinery/Components
PII,Polaris Inc. Common Stock,Consumer Discretionary,Industrial Specialties
PIII,P3 Health Partners Inc. Class A Common Stock,Health Care,Medical/Nursing Services
PIIIW,P3 Health Partners Inc. Warrant,Health Care,Medical/Nursing Services
PIM,Putnam Master Intermediate Income Trust Common Stock,Finance,Finance Companies
PINE,Alpine Income Property Trust Inc. Common Stock,Real Estate,Real Estate Investment Trusts
PINE^A,Alpine Income Property Trust Inc. 8.00% Series A Cumulative Redeemable Preferred Stock,,
PINS,Pinterest Inc. Class A Common Stock,Technology,Computer Software: Programming Data Processing
PIPR,Piper Sandler Companies Common Stock,Finance,Investment Bankers/Brokers/Service
PJT,PJT Partners Inc. Class A Common Stock,Finance,Investment Managers
PK,Park Hotels & Resorts Inc. Common Stock ,Consumer Discretionary,Hotels/Resorts
PKBK,Parke Bancorp Inc. Common Stock,Finance,Major Banks
PKE,Park Aerospace Corp. Common Stock,Industrials,Military/Government/Technical
PKG,Packaging Corporation of America Common Stock,Consumer Discretionary,Containers/Packaging
PKOH,Park-Ohio Holdings Corp. Common Stock,Industrials,Industrial Specialties
PL,Planet Labs PBC Class A Common Stock,Technology,Radio And Television Broadcasting And Communications Equipment
PLAB,Photronics Inc. Common Stock,Technology,Semiconductors
PLAY,Dave & Buster's Entertainment Inc. Common Stock,Consumer Discretionary,Restaurants
PLBC,Plumas Bancorp,Finance,Finance Companies
PLBY,Playboy Inc. Common Stock,Consumer Discretionary,Other Specialty Stores
PLCE,Children's Place Inc. (The) Common Stock,Consumer Discretionary,Clothing/Shoe/Accessory Stores
PLD,Prologis Inc. Common Stock,Real Estate,Real Estate Investment Trusts
PLMK,Plum Acquisition Corp. IV Class A Ordinary Shares,,
PLMKU,Plum Acquisition Corp. IV Unit,,
PLMKW,Plum Acquisition Corp. IV Warrants,,
PLMR,Palomar Holdings Inc. Common stock,Finance,Property-Casualty Insurers
PLNT,Planet Fitness Inc. Common Stock,Consumer Discretionary,Hotels/Resorts
PLOW,Douglas Dynamics Inc. Common Stock,Industrials,Construction/Ag Equipment/Trucks
PLPC,Preformed Line Products Company Common Stock,Industrials,Water Sewer Pipeline Comm & Power Line Construction
PLRX,Pliant Therapeutics Inc. Common Stock,Health Care,Biotechnology: Pharmaceutical Preparations
PLSE,Pulse Biosciences Inc Common Stock (DE),Health Care,Medical/Dental Instruments
PLTR,Palantir Technologies Inc. Class A Common Stock,Technology,Computer Software: Prepackaged Software
PLUG,Plug Power Inc. Common Stock,Energy,Industrial Machinery/Components
PLUS,ePlus inc. Common Stock,Technology,Retail: Computer Software & Peripheral Equipment
PLXS,Plexus Corp. Common Stock,Technology,Electrical Products
PLYX,Polaryx Therapeutics Inc. Common Stock,Health Care,Biotechnology: Pharmaceutical Preparations
PM,Philip Morris International Inc Common Stock,Health Care, Medicinal Chemicals and Botanical Products 
PMCB,PharmaCyte  Biotech Inc. Common Stock,Health Care,Biotechnology: Biological Products (No Diagnostic Substances)
PML,Pimco Municipal Income Fund II Common Shares of Beneficial Interest,Finance,Investment Managers
PMM,Putnam Managed Municipal Income Trust Common Stock,Finance,Investment Managers
PMO,Putnam Municipal Opportunities Trust Common Stock,Finance,Finance Companies
PMT,PennyMac Mortgage Investment Trust Common Shares of Beneficial Interest,Real Estate,Real Estate Investment Trusts
PMT^A,PennyMac Mortgage Investment Trust 8.125% Series A Fixed-to-Floating Rate Cumulative Redeemable Preferred Shares of Beneficial Interest,,
PMT^B,PennyMac Mortgage Investment Trust 8.00% Series B Fixed-to-Floating Rate Cumulative Redeemable Preferred Shares of Beneficial Interest,,
PMT^C,PennyMac Mortgage Investment Trust 6.75% Series C Cumulative Redeemable Preferred Shares of Beneficial Interest,,
PMTR,Perimeter Acquisition Corp. I Class A Ordinary Shares,Finance,Blank Checks
PMTRU,Perimeter Acquisition Corp. I Unit,Finance,Blank Checks
PMTRW,Perimeter Acquisition Corp. I Warrant,Finance,Blank Checks
PMTS,CPI Card Group Inc. Common Stock,Consumer Discretionary,Publishing
PMTU,PennyMac Mortgage Investment Trust 8.50% Senior Notes due 2028,Real Estate,Real Estate Investment Trusts
PMTV,PennyMac Mortgage Investment Trust 9.00% Senior Notes due 2030,Real Estate,Real Estate Investment Trusts
PMTW,PennyMac Mortgage Investment Trust 9.00% Senior Notes due 2030,Real Estate,Real Estate Investment Trusts
PMVP,PMV Pharmaceuticals Inc. Common Stock,Health Care,Biotechnology: Pharmaceutical Preparations
PNBK,Patriot National Bancorp Inc. Common Stock,Finance,Major Banks
PNC,PNC Financial Services Group Inc. (The) Common Stock,Finance,Major Banks
PNFP,Pinnacle Financial Partners Inc. Common stock,Finance,Major Banks
PNFP^A,Pinnacle Financial Partners Inc. Fixed-to-Floating Rate Non-Cumulative Perpetual Preferred Stock Series A,,
PNFP^B,Pinnacle Financial Partners Inc. Fixed-to-Floating Rate Non-Cumulative Perpetual Preferred Stock Series B,,
PNFP^C,Pinnacle Financial Partners Inc. Fixed-to-Floating Rate Non-Cumulative Perpetual Preferred Stock Series C,,
PNI,Pimco New York Municipal Income Fund II Common Shares of Beneficial Interest,Finance,Trusts Except Educational Religious and Charitable
PNNT,PennantPark Investment Corporation Common Stock,Finance,Finance: Consumer Services
PNRG,PrimeEnergy Resources Corporation Common Stock,Energy,Oil & Gas Production
PNTG,The Pennant Group Inc. Common Stock ,Health Care,Medical/Nursing Services
PNW,Pinnacle West Capital Corporation Common Stock,Utilities,Electric Utilities: Central
POCI,Precision Optics Corporation Inc. Common stock,Health Care,Biotechnology: Electromedical & Electrotherapeutic Apparatus
PODC,PodcastOne Inc. Common Stock,Technology,Computer Software: Programming Data Processing
PODD,Insulet Corporation Common Stock,Health Care,Medical/Dental Instruments
POLA,Polar Power Inc. Common Stock,Miscellaneous,Industrial Machinery/Components
POLE,Andretti Acquisition Corp. II Class A Ordinary Shares,,
POLEU,Andretti Acquisition Corp. II Unit,,
POLEW,Andretti Acquisition Corp. II Warrant,,
POOL,Pool Corporation Common Stock,Consumer Discretionary,Industrial Specialties
POR,Portland General Electric Co Common Stock,Utilities,Electric Utilities: Central
POST,Post Holdings Inc. Common Stock,Consumer Staples,Packaged Foods
POWI,Power Integrations Inc. Common Stock,Technology,Semiconductors
POWL,Powell Industries Inc. Common Stock,Energy,Electrical Products
POWW,Outdoor Holding Company Common Stock,Industrials,Ordnance And Accessories
POWWP,Outdoor Holding Company 8.75% Series A Cumulative Redeemable Perpetual Preferred Stock,Industrials,Ordnance And Accessories
PPC,Pilgrim's Pride Corporation Common Stock,Consumer Staples,Meat/Poultry/Fish
PPG,PPG Industries Inc. Common Stock,Consumer Discretionary,Paints/Coatings
PPHC,Public Policy Holding Company Inc. Common Stock,,
PPIH,Perma-Pipe International Holdings Inc. Common Stock,Industrials,Pollution Control Equipment
PPL,PPL Corporation Common Stock,Utilities,Electric Utilities: Central
PPLC,PPL Corporation Corporate Units,Utilities,Electric Utilities: Central
PPSI,Pioneer Power Solutions Inc. Common Stock,Industrials,Electrical Products
PPT,Putnam Premier Income Trust Common Stock,Finance,Finance Companies
PR,Permian Resources Corporation Class A Common Stock,Energy,Oil & Gas Production
PRA,ProAssurance Corporation Common Stock,Finance,Property-Casualty Insurers
PRAA,PRA Group Inc. Common Stock,Finance,Finance: Consumer Services
PRAX,Praxis Precision Medicines Inc. Common Stock,Health Care,Biotechnology: Pharmaceutical Preparations
PRCH,Porch Group Inc. Common Stock,Technology,Computer Software: Prepackaged Software
PRCT,PROCEPT BioRobotics Corporation Common Stock,Health Care,Medical/Dental Instruments
PRDO,Perdoceo Education Corporation Common Stock,Real Estate,Other Consumer Services
PRG,PROG Holdings Inc. Common Stock,Consumer Discretionary,Diversified Commercial Services
PRGO,Perrigo Company plc Ordinary Shares,Health Care,Biotechnology: Pharmaceutical Preparations
PRGS,Progress Software Corporation Common Stock (DE),Technology,Computer Software: Prepackaged Software
PRH,Prudential Financial Inc. 5.950% Junior Subordinated Notes due 2062,Finance,Life Insurance
PRHI,Presurance Holdings Inc. Common Stock,Finance,Property-Casualty Insurers
PRHIZ,Presurance Holdings Inc. 9.75% Senior Unsecured Notes due 2028,Finance,Property-Casualty Insurers
PRI,Primerica Inc. Common Stock,Finance,Life Insurance
PRIM,Primoris Services Corporation Common Stock,Industrials,Water Sewer Pipeline Comm & Power Line Construction
PRK,Park National Corporation Common Stock,Finance,Major Banks
PRKS,United Parks & Resorts Inc. Common Stock,Health Care,Biotechnology: Electromedical & Electrotherapeutic Apparatus
PRLB,Proto Labs Inc. Common stock,Industrials,Metal Fabrications
PRLD,Prelude Therapeutics Incorporated Common Stock,Health Care,Biotechnology: Pharmaceutical Preparations
PRMB,Primo Brands Corporation Class A Common Stock,Consumer Staples,Beverages (Production/Distribution)
PRME,Prime Medicine Inc. Common Stock,Health Care,Biotechnology: Biological Products (No Diagnostic Substances)
PROK,ProKidney Corp. Class A Ordinary Shares,Health Care,Biotechnology: Biological Products (No Diagnostic Substances)
PROP,Prairie Operating Co. Common Stock,Finance,Finance: Consumer Services
PROV,Provident Financial Holdings Inc. Common Stock,Finance,Savings Institutions
PRPL,Purple Innovation Inc. Common Stock,Consumer Discretionary,Home Furnishings
PRPO,Precipio Inc.  Common Stock,Industrials,Biotechnology: Laboratory Analytical Instruments
PRS,Prudential Financial Inc. 5.625% Junior Subordinated Notes due 2058,Finance,Life Insurance
PRSO,Peraso Inc. Common Stock,Technology,Semiconductors
PRSU,Pursuit Attractions and Hospitality Inc. Common Stock,Real Estate,Real Estate
PRT,PermRock Royalty Trust Units of Beneficial Interest,Energy,Oil & Gas Production
PRTA,Prothena Corporation plc Ordinary Shares,Health Care,Biotechnology: Pharmaceutical Preparations
PRTC,PureTech Health plc American Depositary Shares,Health Care,Biotechnology: Pharmaceutical Preparations
PRTH,Priority Technology Holdings Inc. Common Stock,Real Estate,Real Estate
PRTS,CarParts.com Inc. Common Stock,Consumer Discretionary,Auto & Home Supply Stores
PRU,Prudential Financial Inc. Common Stock,Finance,Life Insurance
PRVA,Privia Health Group Inc. Common Stock,Health Care,Medical/Nursing Services
PSA,Public Storage Common Stock,Real Estate,Real Estate Investment Trusts
PSA^F,Public Storage Depositary Shares Each Representing 1/1000 of a 5.15% Cumulative Preferred Share of Beneficial Interest Series F par value $0.01 per share,,
PSA^G,Public Storage Depositary Shares Each Representing 1/1000 of a 5.05% Cumulative Preferred Share of Beneficial Interest Series G,,
PSA^H,Public Storage Depositary Shares Each Representing 1/1000 of a  5.60% Cumulative Preferred  Share of Beneficial Interest Series H,,
PSA^I,Public Storage Depositary Shares Each Representing 1/1000 of a 4.875% Cumulative Preferred Share of Beneficial Interest Series I par value $0.01 per share,,
PSA^J,Public Storage Depositary Shares Each Representing 1/1000 of a 4.700% Cumulative Preferred Share of Beneficial Interest Series J par value $0.01 per share,,
PSA^K,Public Storage Depositary Shares Each Representing 1/1000 of a 4.75% Cumulative Preferred Share of Beneficial Interest Series K,,
PSA^L,Public Storage Depositary Shares Each Representing 1/1000 of a 4.625% Cumulative Preferred Share of Beneficial Interest Series L par value $0.01 per share,,
PSA^M,Public Storage Depositary Shares Each Representing 1/1000 of a 4.125% Cumulative Preferred Share of Beneficial Interest Series M,,
PSA^N,Public Storage Depositary Shares Each Representing 1/1000 of a 3.875% Cumulative Preferred Share of Beneficial Interest Series N,,
PSA^O,Public Storage Depositary Shares Each Representing 1/1000 of a 3.900% Cumulative Preferred Share of Beneficial Interest Series O,,
PSA^P,Public Storage Depositary Shares Each Representing 1/1000 of a 4.000% Cumulative Preferred Share of Bene cial Interest Series P,,
PSA^Q,Public Storage Depositary Shares Each Representing 1/1000 of a 3.950% Cumulative Preferred Share of Beneficial Interest Series Q par value $0.01 per share,,
PSA^R,Public Storage Depositary Shares Each Representing 1/1000 of a 4.00% Cumulative Preferred Share of Bene cial Interest Series R,,
PSA^S,Public Storage Depositary Shares Each Representing 1/1000 of a 4.100% Cumulative Preferred Share of Beneficial Interest Series S,,
PSEC,Prospect Capital Corporation Common Stock,Finance,Finance: Consumer Services
PSEC^A,Prospect Capital Corporation 5.35% Series A Fixed Rate Cumulative Perpetual Preferred Stock,,
PSIX,Power Solutions International Inc. Common Stock,Industrials,Industrial Machinery/Components
PSKY,Paramount Skydance Corporation Class B Common Stock,Industrials,Broadcasting
PSMT,PriceSmart Inc. Common Stock,Consumer Discretionary,Department/Specialty Retail Stores
PSN,Parsons Corporation Common Stock,Technology,EDP Services
PSNL,Personalis Inc. Common Stock,Health Care,Medical Specialities
PSTL,Postal Realty Trust Inc. Class A Common Stock,Real Estate,Real Estate Investment Trusts
PSTV,PLUS THERAPEUTICS Inc. Common Stock ,Health Care,Medical/Dental Instruments
PSX,Phillips 66 Common Stock,Energy,Integrated oil Companies
PTA,Cohen & Steers Tax-Advantaged Preferred Securities and Income Fund Common Shares of Beneficial Interest,Finance,Trusts Except Educational Religious and Charitable
PTC,PTC Inc. Common Stock,Technology,Computer Software: Prepackaged Software
PTCT,PTC Therapeutics Inc. Common Stock,Health Care,Biotechnology: Pharmaceutical Preparations
PTEN,Patterson-UTI Energy Inc. Common Stock,Energy,Oil & Gas Production
PTGX,Protagonist Therapeutics Inc. Common Stock,Health Care,Biotechnology: Pharmaceutical Preparations
PTLO,Portillo's Inc. Class A Common Stock,Consumer Discretionary,Restaurants
PTN,Palatin Technologies Inc. Common Stock,Health Care,Biotechnology: Pharmaceutical Preparations
PTON,Peloton Interactive Inc. Class A Common Stock,Consumer Discretionary,Recreational Games/Products/Toys
PTOR,Praetorian Acquisition Corp. Class A Ordinary Shares,Finance,Blank Checks
PTORU,Praetorian Acquisition Corp. Units,,
PTORW,Praetorian Acquisition Corp. Warrant,Finance,Blank Checks
PTRN,Pattern Group Inc. Series A Common Stock,Consumer Discretionary,Catalog/Specialty Distribution
PTY,Pimco Corporate & Income Opportunity Fund,Finance,Investment Managers
PUBM,PubMatic Inc. Class A Common Stock,Technology,Computer Software: Programming Data Processing
PULM,Pulmatrix Inc. Common Stock,Health Care,Biotechnology: Pharmaceutical Preparations
PUMP,ProPetro Holding Corp. Common Stock,Energy,Oilfield Services/Equipment
PURR,Hyperliquid Strategies Inc Common Stock,Finance,Finance: Consumer Services
PVH,PVH Corp. Common Stock,Industrials,Garments and Clothing
PVL,Permianville Royalty Trust Units of Beneficial Interest,Energy,Oil & Gas Production
PVLA,Palvella Therapeutics Inc. Common Stock,Health Care,Biotechnology: Pharmaceutical Preparations
PW,Power REIT (MD) Common Stock,Real Estate,Real Estate Investment Trusts
PW^A,Power REIT 7.75% Series A Cumulative Perpetual Preferred Stock,,
PWP,Perella Weinberg Partners Class A Common Stock,Finance,Finance: Consumer Services
PWR,Quanta Services Inc. Common Stock,Industrials,Engineering & Construction
PXLW,Pixelworks Inc.  Common Stock,Technology,Semiconductors
PYPL,PayPal Holdings Inc. Common Stock,Industrials,Diversified Commercial Services
PYXS,Pyxis Oncology Inc. Common Stock,Health Care,Biotechnology: Pharmaceutical Preparations
PZG,Paramount Gold Nevada Corp. Common Stock,Basic Materials,Metal Mining
PZZA,Papa John's International Inc. Common Stock,Consumer Discretionary,Restaurants
Q,Qnity Electronics Inc. Common Stock,Technology,Semiconductors
QADRU,QDRO Acquisition Corp. Units,Finance,Blank Checks
QBTS,D-Wave Quantum Inc. Common Shares,Technology,EDP Services
QCLS,Q/C Technologies Inc. Common Stock,Health Care,Biotechnology: In Vitro & In Vivo Diagnostic Substances
QCOM,QUALCOMM Incorporated Common Stock,Technology,Radio And Television Broadcasting And Communications Equipment
QCRH,QCR Holdings Inc. Common Stock,Finance,Major Banks
QDEL,QuidelOrtho Corporation Common Stock,Health Care,Biotechnology: In Vitro & In Vivo Diagnostic Substances
QETA,Quetta Acquisition Corporation Common Stock,Finance,Blank Checks
QETAR,Quetta Acquisition Corporation Right,Finance,Blank Checks
QLYS,Qualys Inc. Common Stock,Technology,Computer Software: Prepackaged Software
QMCO,Quantum Corporation Common Stock,Technology,Electronic Components
QNCX,Quince Therapeutics Inc. Common Stock,Health Care,Biotechnology: Biological Products (No Diagnostic Substances)
QNST,QuinStreet Inc. Common Stock,Real Estate,Real Estate
QQQX,Nuveen NASDAQ 100 Dynamic Overwrite Fund Shares of Beneficial Interest,Finance,Finance Companies
QRHC,Quest Resource Holding Corporation Common Stock,Utilities,Environmental Services
QRVO,Qorvo Inc. Common Stock,Technology,Semiconductors
QS,QuantumScape Corporation Class A Common Stock,Miscellaneous,Industrial Machinery/Components
QSEA,Quartzsea Acquisition Corporation Ordinary Shares,Finance,Blank Checks
QSEAU,Quartzsea Acquisition Corporation Units,Finance,Blank Checks
QSI,Quantum-Si Incorporated Class A Common Stock,Industrials,Industrial Machinery/Components
QSIAW,Quantum-Si Incorporated Warrant,Industrials,Industrial Machinery/Components
QTI,QT Imaging Holdings Inc. Common Stock,Health Care,Biotechnology: Electromedical & Electrotherapeutic Apparatus
QTRX,Quanterix Corporation Common Stock,Industrials,Biotechnology: Laboratory Analytical Instruments
QTTB,Q32 Bio Inc. Common Stock,Health Care,Biotechnology: Pharmaceutical Preparations
QTWO,Q2 Holdings Inc. Common Stock,Technology,Computer Software: Prepackaged Software
QUAD,Quad Graphics Inc Class A Common Stock,Consumer Discretionary,Publishing
QUBT,Quantum Computing Inc. Common Stock,Technology,Computer Software: Prepackaged Software
QUIK,QuickLogic Corporation Common Stock,Technology,Semiconductors
QUMS,Quantumsphere Acquisition Corp. Ordinary Shares,,
QUMSU,Quantumsphere Acquisition Corp. Units,,
QXO,QXO Inc. Common Stock,Consumer Discretionary,RETAIL: Building Materials
QXO^B,QXO Inc.  Depositary Shares each representing a 1/20th interest in a share of 5.50% Series B Mandatory Convertible Preferred Stock,,
R,Ryder System Inc. Common Stock,Consumer Discretionary,Rental/Leasing Companies
RA,Brookfield Real Assets Income Fund Inc. Common Stock,Finance,Investment Managers
RAAQ,Real Asset Acquisition Corp. Class A Ordinary Share,Finance,Blank Checks
RAAQU,Real Asset Acquisition Corp. Unit,Finance,Blank Checks
RAAQW,Real Asset Acquisition Corp. Warrants,Finance,Blank Checks
RAIL,FreightCar America Inc. Common Stock,Industrials,Railroads
RAIN,Rain Enhancement Technologies Holdco Inc. Class A Common Stock,Technology,Industrial Machinery/Components
RAINW,Rain Enhancement Technologies Holdco Inc. Warrants,Technology,Industrial Machinery/Components
RAL,Ralliant Corporation Common Stock,Industrials,Industrial Machinery/Components
RAMP,LiveRamp Holdings Inc. Common Stock,Technology,EDP Services
RAND,Rand Capital Corporation Common Stock,Finance,Finance: Consumer Services
RANG,Range Capital Acquisition Corp. Ordinary Shares,Finance,Blank Checks
RANGR,Range Capital Acquisition Corp. Rights,Finance,Blank Checks
RANGU,Range Capital Acquisition Corp. Units,Finance,Blank Checks
RANI,Rani Therapeutics Holdings Inc. Class A Common Stock,Health Care,Biotechnology: Pharmaceutical Preparations
RAPP,Rapport Therapeutics Inc. Common Stock,Health Care,Biotechnology: Pharmaceutical Preparations
RARE,Ultragenyx Pharmaceutical Inc. Common Stock,Health Care,Biotechnology: Pharmaceutical Preparations
RAVE,Rave Restaurant Group Inc. Common Stock,Consumer Discretionary,Food Distributors
RBB,RBB Bancorp Common Stock,Finance,Major Banks
RBBN,Ribbon Communications Inc. Common Stock,Technology,EDP Services
RBC,RBC Bearings Incorporated Common Stock,Industrials,Metal Fabrications
RBCAA,Republic Bancorp Inc. Class A Common Stock,Finance,Major Banks
RBKB,Rhinebeck Bancorp Inc. Common Stock,Finance,Banks
RBLX,Roblox Corporation Class A Common Stock,Technology,Computer Software: Prepackaged Software
RBRK,Rubrik Inc. Class A Common Stock,Technology,Computer Software: Prepackaged Software
RC,Ready Capital Corporation Common Stock,Real Estate,Real Estate Investment Trusts
RC^C,Ready Capital Corporation 6.25% Series C Cumulative Convertible Preferred Stock,,
RC^E,Ready Capital Corporation 6.50% Series E Cumulative Redeemable Preferred Stock,,
RCAT,Red Cat Holdings Inc. Common Stock,Technology,Computer Software: Prepackaged Software
RCD,Ready Capital Corporation 9.00% Senior Notes due 2029,Real Estate,Real Estate Investment Trusts
RCEL,Avita Medical Inc. Common Stock,Health Care,Medical/Dental Instruments
RCG,RENN Fund Inc Common Stock,Finance,Investment Managers
RCKT,Rocket Pharmaceuticals Inc. Common Stock,Health Care,Biotechnology: Pharmaceutical Preparations
RCKTW,Rocket Pharmaceuticals Inc. Warrant,Health Care,Biotechnology: Pharmaceutical Preparations
RCKY,Rocky Brands Inc. Common Stock,Consumer Discretionary,Shoe Manufacturing
RCL,Royal Caribbean Cruises Ltd. Common Stock,Consumer Discretionary,Marine Transportation
RCMT,RCM Technologies Inc. Common Stock,Consumer Discretionary,Professional Services
RCS,PIMCO Strategic Income Fund Inc.,Finance,Investment Managers
RCUS,Arcus Biosciences Inc. Common Stock,Health Care,Biotechnology: Pharmaceutical Preparations
RDAG,Republic Digital Acquisition Company Class A Ordinary Shares,Finance,Blank Checks
RDAGU,Republic Digital Acquisition Company Unit,Finance,Blank Checks
RDAGW,Republic Digital Acquisition Company Warrants,Finance,Blank Checks
RDDT,Reddit Inc. Class A Common Stock,Technology,EDP Services
RDI,Reading International Inc Class A Common Stock,Consumer Discretionary,Movies/Entertainment
RDIB,Reading International Inc Class B Common Stock,Consumer Discretionary,Movies/Entertainment
RDN,Radian Group Inc. Common Stock,Finance,Property-Casualty Insurers
RDNT,RadNet Inc. Common Stock,Health Care,Medical Specialities
RDNW,RideNow Group Inc. Class B Common Stock,Technology,EDP Services
RDVT,Red Violet Inc. Common Stock ,Technology,Computer Software: Prepackaged Software
RDW,Redwire Corporation Common Stock,Industrials,Military/Government/Technical
RDZN,Roadzen Inc. Ordinary Shares,Finance,Specialty Insurers
RDZNW,Roadzen Inc. Warrants,Finance,Specialty Insurers
REAL,The RealReal Inc. Common Stock,Consumer Discretionary,Other Specialty Stores
REBN,Reborn Coffee Inc. Common Stock,Consumer Discretionary,Restaurants
REFI,Chicago Atlantic Real Estate Finance Inc. Common Stock,Real Estate,Real Estate Investment Trusts
REFR,Research Frontiers Incorporated Common Stock,Miscellaneous,Multi-Sector Companies
REG,Regency Centers Corporation Common Stock,Real Estate,Real Estate Investment Trusts
REGCO,Regency Centers Corporation 5.875% Series B Cumulative Redeemable Preferred Stock,Real Estate,Real Estate Investment Trusts
REGCP,Regency Centers Corporation 6.25% Series A Cumulative Redeemable Preferred Stock,Real Estate,Real Estate Investment Trusts
REGN,Regeneron Pharmaceuticals Inc. Common Stock,Health Care,Biotechnology: Pharmaceutical Preparations
REI,Ring Energy Inc. Common Stock,Energy,Oil & Gas Production
REKR,Rekor Systems Inc. Common Stock,Telecommunications,Telecommunications Equipment
RELL,Richardson Electronics Ltd. Common Stock,Technology,Electronic Components
RELY,Remitly Global Inc. Common Stock,Real Estate,Real Estate
RENT,Rent the Runway Inc. Class A Common Stock,Consumer Discretionary,Other Specialty Stores
RENX,RenX Enterprises Corp. Common Stock,Finance,Real Estate
REPL,Replimune Group Inc. Common Stock,Health Care,Biotechnology: Biological Products (No Diagnostic Substances)
REPX,Riley Exploration Permian Inc. Common Stock,Energy,Oil & Gas Production
RES,RPC Inc. Common Stock,Energy,Oilfield Services/Equipment
REVB,Revelation Biosciences Inc. Common Stock,Health Care,Biotechnology: Pharmaceutical Preparations
REVBW,Revelation Biosciences Inc. Warrant,Health Care,Biotechnology: Pharmaceutical Preparations
REX,REX American Resources Corporation,Industrials,Major Chemicals
REXR,Rexford Industrial Realty Inc. Common Stock,Real Estate,Real Estate Investment Trusts
REXR^B,Rexford Industrial Realty Inc. 5.875% Series B Cumulative Redeemable Preferred Stock,,
REXR^C,Rexford Industrial Realty Inc. 5.625% Series C Cumulative Redeemable Preferred Stock par value $0.01 per share,,
REYN,Reynolds Consumer Products Inc. Common Stock,Consumer Discretionary,Containers/Packaging
REZI,Resideo Technologies Inc. Common Stock ,Industrials,Wholesale Distributors
RF,Regions Financial Corporation Common Stock,Finance,Major Banks
RF^C,Regions Financial Corporation Depositary Shares each Representing a 1/40th Interest in a  Share of 5.700% Fixed-to-Floating Rate Non-Cumulative  Perpetual Preferred Stock Series C,,
RF^E,Regions Financial Corporation Depositary Shares Each Representing a 1/40th Interest in a Share of 4.45% Non-Cumulative Perpetual Preferred Stock Series E,,
RF^F,Regions Financial Corporation Depositary Shares Each Representing a 1/40th Interest in a Share of Non-Cumulative Perpetual Preferred Stock Series F,,
RFI,Cohen & Steers Total Return Realty Fund Inc. Common Stock,Finance,Investment Managers
RFIL,RF Industries Ltd. Common Stock,Technology,Electrical Products
RFL,Rafael Holdings Inc. Class B Common Stock,Finance,Real Estate
RGA,Reinsurance Group of America Incorporated Common Stock,Finance,Life Insurance
RGCO,RGC Resources Inc. Common Stock,Utilities,Oil & Gas Production
RGEN,Repligen Corporation Common Stock,Health Care,Biotechnology: Biological Products (No Diagnostic Substances)
RGLD,Royal Gold Inc. Common Stock,Industrials,Precious Metals
RGNX,REGENXBIO Inc. Common Stock,Health Care,Biotechnology: Biological Products (No Diagnostic Substances)
RGP,Resources Connection Inc. Common Stock,Real Estate,Real Estate
RGR,Sturm Ruger & Company Inc. Common Stock,Industrials,Ordnance And Accessories
RGS,Regis Corporation Common Stock,Consumer Discretionary,Other Consumer Services
RGTI,Rigetti Computing Inc. Common Stock,Technology,EDP Services
RGTIW,Rigetti Computing Inc. Warrants,Technology,EDP Services
RH,RH Common Stock,Consumer Discretionary,Other Specialty Stores
RHI,Robert Half Inc. Common Stock,Consumer Discretionary,Professional Services
RHLD,Resolute Holdings Management Common Stock ,Finance,Finance: Consumer Services
RHP,Ryman Hospitality Properties Inc. (REIT),Real Estate,Real Estate Investment Trusts
RICK,RCI Hospitality Holdings Inc. Common Stock,Consumer Discretionary,Restaurants
RIGL,Rigel Pharmaceuticals Inc. Common Stock,Health Care,Biotechnology: Pharmaceutical Preparations
RILY,BRC Group Holdings Inc. Common Stock,Finance,Investment Managers
RILYG,BRC Group Holdings Inc. 5.00% Senior Notes due 2026,Finance,Investment Managers
RILYL,BRC Group Holdings Inc. Depositary Shares each representing 1/1000th in a share of 7.375% Series B Cumulative Perpetual Preferred Stock par value $0.0001,Finance,Investment Managers
RILYN,BRC Group Holdings Inc. 6.50% Senior Notes Due 2026,Finance,Investment Managers
RILYP,BRC Group Holdings Inc. Depositary Shares each representing a 1/1000th fractional interest in a share of Series A Cumulative Perpetual Preferred Stock,Finance,Investment Managers
RILYT,BRC Group Holdings Inc. 6.00% Senior Notes Due 2028,Finance,Investment Managers
RILYZ,BRC Group Holdings Inc. 5.25% Senior Notes due 2028,Finance,Investment Managers
RIME,Algorhythm Holdings Inc. Common Stock,Consumer Staples,Diversified Electronic Products
RIOT,Riot Platforms Inc. Common Stock ,Finance,Finance: Consumer Services
RITM,Rithm Capital Corp. Common Stock,Real Estate,Real Estate Investment Trusts
RITM^A,Rithm Capital Corp. 7.50% Series A Fixed-to-Floating Rate Cumulative Redeemable Preferred Stock,,
RITM^B,Rithm Capital Corp. 7.125% Series B Fixed-to-Floating Rate Cumulative Redeemable Preferred Stock,,
RITM^C,Rithm Capital Corp. 6.375% Series C Fixed-to-Floating Rate Cumulative Redeemable Preferred Stock,,
RITM^D,Rithm Capital Corp. 7.00% Fixed-Rate Reset Series D Cumulative Redeemable Preferred Stock,,
RITM^E,Rithm Capital Corp. 8.75% Series E Fixed-Rate Cumulative Redeemable Preferred Stock,,
RITM^F,Rithm Capital Corp. 8.750% Series F Fixed-Rate Reset Cumulative Redeemable Preferred Stock,,
RIV,RiverNorth Opportunities Fund Inc. Common Stock,Finance,Finance Companies
RIV^A,RiverNorth Opportunities Fund Inc. 6.00% Series A Perpetual Preferred Stock,,
RIVN,Rivian Automotive Inc. Class A Common Stock,Industrials,Auto Manufacturing
RJET,Republic Airways Holdings Inc. Common Stock,Consumer Discretionary,Air Freight/Delivery Services
RJF,Raymond James Financial Inc. Common Stock,Finance,Investment Bankers/Brokers/Service
RKDA,Arcadia Biosciences Inc. Common Stock,Consumer Staples,Farming/Seeds/Milling
RKLB,Rocket Lab Corporation Common Stock,Industrials,Military/Government/Technical
RKT,Rocket Companies Inc. Class A Common Stock,Finance,Finance: Consumer Services
RL,Ralph Lauren Corporation Common Stock,Industrials,Garments and Clothing
RLAY,Relay Therapeutics Inc. Common Stock,Health Care,Biotechnology: Biological Products (No Diagnostic Substances)
RLGT,Radiant Logistics Inc. Common Stock,Industrials,Integrated Freight & Logistics
RLI,RLI Corp. Common Stock (DE),Finance,Property-Casualty Insurers
RLJ,RLJ Lodging Trust Common Shares of Beneficial Interest $0.01 par value,Real Estate,Real Estate Investment Trusts
RLJ^A,RLJ Lodging Trust $1.95 Series A Cumulative Convertible  Preferred Shares,,
RLMD,Relmada Therapeutics Inc. Common Stock,Health Care,Biotechnology: Pharmaceutical Preparations
RLYB,Rallybio Corporation Common Stock,Health Care,Biotechnology: Pharmaceutical Preparations
RM,Regional Management Corp. Common Stock,Finance,Finance: Consumer Services
RMAX,RE/MAX Holdings Inc. Class A Common Stock,Finance,Real Estate
RMBI,Richmond Mutual Bancorporation Inc. Common Stock,Finance,Major Banks
RMBS,Rambus Inc. Common Stock,Technology,Semiconductors
RMCF,Rocky Mountain Chocolate Factory Inc. Common Stock,Consumer Staples,Specialty Foods
RMCO,Royalty Management Holding Corporation Class A Common Stock,Miscellaneous,Multi-Sector Companies
RMCOW,Royalty Management Holding Corporation Warrant,Miscellaneous,Multi-Sector Companies
RMD,ResMed Inc. Common Stock,Health Care,Medical/Dental Instruments
RMIX,Suncrete Inc. Class A Common Stock,Industrials,Building Materials
RMNI,Rimini Street Inc. (DE) Common Stock,Real Estate,Real Estate
RMR,The RMR Group Inc. Class A Common Stock,Consumer Discretionary,Professional Services
RMSG,Real Messenger Corporation Ordinary Shares,Technology,Computer Software: Programming Data Processing
RMSGW,Real Messenger Corporation Warrants,Technology,Computer Software: Programming Data Processing
RMT,Royce Micro-Cap Trust Inc. Common Stock,Finance,Investment Managers
RMTI,Rockwell Medical Inc. Common Stock,Health Care,Biotechnology: Pharmaceutical Preparations
RNA,Atrium Therapeutics Inc. Common Stock,Health Care,Biotechnology: Pharmaceutical Preparations
RNAC,Cartesian Therapeutics Inc. Common Stock,Health Care,Biotechnology: Pharmaceutical Preparations
RNAZ,TransCode Therapeutics Inc. Common Stock,Health Care,Biotechnology: Pharmaceutical Preparations
RNG,RingCentral Inc. Class A Common Stock,Technology,EDP Services
RNGR,Ranger Energy Services Inc. Class A Common Stock,Energy,Oilfield Services/Equipment
RNGT,Range Capital Acquisition Corp II Class A Ordinary Shares,Finance,Blank Checks
RNGTU,Range Capital Acquisition Corp II Units,Finance,Blank Checks
RNGTW,Range Capital Acquisition Corp II Warrants,Finance,Blank Checks
RNP,Cohen & Steers REIT and Preferred and Income Fund Inc. Common Shares,Finance,Investment Managers
RNST,Renasant Corporation Common Stock,Finance,Major Banks
RNTX,Rein Therapeutics Inc. Common Stock,Health Care,Biotechnology: Pharmaceutical Preparations
RNXT,RenovoRx Inc. Common Stock,Health Care,Biotechnology: Pharmaceutical Preparations
ROAD,Construction Partners Inc. Class A Common Stock,Industrials,Military/Government/Technical
ROC,Rank One Computing Corporation Common stock,Technology,Computer Software: Prepackaged Software
ROCK,Gibraltar Industries Inc. Common Stock,Industrials,Steel/Iron Ore
ROG,Rogers Corporation Common Stock,Industrials,Major Chemicals
ROK,Rockwell Automation Inc. Common Stock,Industrials,Industrial Machinery/Components
ROKU,Roku Inc. Class A Common Stock,Telecommunications,Cable & Other Pay Television Services
ROL,Rollins Inc. Common Stock,Consumer Discretionary,Diversified Commercial Services
ROOT,Root Inc. Class A Common Stock,Finance,Property-Casualty Insurers
ROP,Roper Technologies Inc. Common Stock,Technology,Computer Software: Programming Data Processing
ROST,Ross Stores Inc. Common Stock,Consumer Discretionary,Clothing/Shoe/Accessory Stores
RPAY,Repay Holdings Corporation Class A Common Stock,Real Estate,Real Estate
RPC,Ridgepost Capital Inc. Class A Common Stock,Finance,Investment Managers
RPD,Rapid7 Inc. Common Stock,Technology,Computer Software: Prepackaged Software
RPID,Rapid Micro Biosystems Inc. Class A Common Stock,Industrials,Biotechnology: Laboratory Analytical Instruments
RPM,RPM International Inc. Common Stock,Consumer Discretionary,Paints/Coatings
RPRX,Royalty Pharma plc Class A Ordinary Shares ,Health Care,Biotechnology: Pharmaceutical Preparations
RPT,Rithm Property Trust Inc. Common stock,Real Estate,Real Estate Investment Trusts
RPT^C,Rithm Property Trust Inc. 9.875% Series C Fixed-to-Floating Rate Cumulative Redeemable Preferred Stock,,
RQI,Cohen & Steers Quality Income Realty Fund Inc Common Shares,Finance,Trusts Except Educational Religious and Charitable
RR,Richtech Robotics Inc. Class B Common Stock,Industrials,Industrial Machinery/Components
RRBI,Red River Bancshares Inc. Common Stock,Consumer Discretionary,Hotels/Resorts
RRC,Range Resources Corporation Common Stock,Energy,Oil & Gas Production
RREVU,RRE Ventures Acquisition Corp. Units,,
RRGB,Red Robin Gourmet Burgers Inc. Common Stock,Consumer Discretionary,Restaurants
RRR,Red Rock Resorts Inc. Class A Common Stock,Consumer Discretionary,Hotels/Resorts
RRX,Regal Rexnord Corporation Common Stock,Consumer Discretionary,Metal Fabrications
RS,Reliance Inc. Common Stock,Industrials,Metal Fabrications
RSG,Republic Services Inc. Common Stock,Utilities,Environmental Services
RSI,Rush Street Interactive Inc. Class A Common Stock,Consumer Discretionary,Services-Misc. Amusement & Recreation
RSSS,Research Solutions Inc Common Stock,Technology,EDP Services
RSVR,Reservoir Media Inc. Common Stock,Consumer Discretionary,Services-Misc. Amusement & Recreation
RSVRW,Reservoir Media Inc. Warrant,Consumer Discretionary,Services-Misc. Amusement & Recreation
RTAC,Renatus Tactical Acquisition Corp I Class A Ordinary Shares,Finance,Blank Checks
RTACU,Renatus Tactical Acquisition Corp I Unit,Finance,Blank Checks
RTACW,Renatus Tactical Acquisition Corp I Warrant,Finance,Blank Checks
RTO,Rentokil Initial plc American Depositary Shares (each representing five (5) Ordinary Shares),Consumer Discretionary,Other Consumer Services
RTX,RTX Corporation Common Stock,Industrials,Aerospace
RUM,Rumble Inc. Class A Common Stock,Technology,Computer Software: Programming Data Processing
RUMBW,Rumble Inc. Warrant,Technology,Computer Software: Programming Data Processing
RUN,Sunrun Inc. Common Stock,Miscellaneous,Industrial Machinery/Components
RUSHA,Rush Enterprises Inc. Common Stock Cl A,Consumer Discretionary,Retail-Auto Dealers and Gas Stations
RUSHB,Rush Enterprises Inc. Class B,Consumer Discretionary,Retail-Auto Dealers and Gas Stations
RVLV,Revolve Group Inc. Class A Common Stock,Consumer Discretionary,Catalog/Specialty Distribution
RVMD,Revolution Medicines Inc. Common Stock,Health Care,Biotechnology: Biological Products (No Diagnostic Substances)
RVMDW,Revolution Medicines Inc. Warrant,Health Care,Biotechnology: Biological Products (No Diagnostic Substances)
RVP,Retractable Technologies Inc. Common Stock,Health Care,Medical/Dental Instruments
RVPH,Reviva Pharmaceuticals Holdings Inc. Common Stock ,Health Care,Biotechnology: Pharmaceutical Preparations
RVSB,Riverview Bancorp Inc Common Stock,Finance,Savings Institutions
RVT,Royce Small-Cap Trust Inc. Common Stock,Finance,Trusts Except Educational Religious and Charitable
RVTY,Revvity Inc. Common Stock,Industrials,Biotechnology: Laboratory Analytical Instruments
RVYL,Ryvyl Inc. Common Stock,Consumer Discretionary,Professional Services
RWAY,Runway Growth Finance Corp. Common Stock,Finance,Finance: Consumer Services
RWAYI,Runway Growth Finance Corp. 7.25% Notes due 2031,Finance,Finance: Consumer Services
RWAYL,Runway Growth Finance Corp. 7.50% Notes due 2027,Finance,Finance: Consumer Services
RWT,Redwood Trust Inc. Common Stock,Real Estate,Real Estate Investment Trusts
RWT^A,Redwood Trust Inc. 10.00% Series A Fixed-Rate Reset Cumulative Redeemable Preferred Stock,,
RWTN,Redwood Trust Inc. 9.125% Senior Notes Due 2029,Real Estate,Real Estate Investment Trusts
RWTO,Redwood Trust Inc. 9.00% Senior Notes Due 2029,Real Estate,Real Estate Investment Trusts
RWTP,Redwood Trust Inc. 9.125% Senior Notes Due 2030,Real Estate,Real Estate Investment Trusts
RWTQ,Redwood Trust Inc. 9.500% Senior Notes Due 2030,Real Estate,Real Estate Investment Trusts
RXO,RXO Inc. Common Stock,Consumer Discretionary,Transportation Services
RXRX,Recursion Pharmaceuticals Inc. Class A Common Stock,Health Care,Biotechnology: Biological Products (No Diagnostic Substances)
RXST,RxSight Inc. Common Stock,Health Care,Ophthalmic Goods
RXT,Rackspace Technology Inc. Common Stock,Technology,Computer Software: Programming Data Processing
RYAM,Rayonier Advanced Materials Inc. Common Stock,Basic Materials,Paper
RYAN,Ryan Specialty Holdings Inc. Class A Common Stock,Finance,Specialty Insurers
RYM,RYTHM Inc. Common Stock,Consumer Staples,Farming/Seeds/Milling
RYN,Rayonier Inc. REIT Common Stock,Real Estate,Real Estate Investment Trusts
RYTM,Rhythm Pharmaceuticals Inc. Common Stock,Health Care,Biotechnology: Pharmaceutical Preparations
RYZ,Ryerson Holding Corporation Common Stock,Industrials,Metal Fabrications
RZB,Reinsurance Group of America Incorporated 5.75% Fixed-To-Floating Rate Subordinated Debentures due 2056,Finance,Life Insurance
RZC,Reinsurance Group of America Incorporated 7.125% Fixed-Rate Reset Subordinated Debentures due 2052,Finance,Life Insurance
RZLT,Rezolute Inc. Common Stock (NV),Health Care,Biotechnology: Pharmaceutical Preparations
S,SentinelOne Inc. Class A Common Stock,Technology,Computer Software: Prepackaged Software
SAAQ,Space Asset Acquisition Corp. Class A Ordinary Shares,Finance,Blank Checks
SAAQU,Space Asset Acquisition Corp. Units,Finance,Blank Checks
SAAQW,Space Asset Acquisition Corp. Warrants,,
SABA,Saba Capital Income & Opportunities Fund II Shares of Beneficial Interest,,
SABR,Sabre Corporation Common Stock,Technology,Computer Software: Programming Data Processing
SABS,SAB Biotherapeutics Inc. Common Stock,Health Care,Biotechnology: Biological Products (No Diagnostic Substances)
SABSW,SAB Biotherapeutics Inc. Warrant,Health Care,Biotechnology: Biological Products (No Diagnostic Substances)
SACH,Sachem Capital Corp. Common Shares,Real Estate,Real Estate Investment Trusts
SACH^A,Sachem Capital Corp. 7.75% Series A Cumulative Redeemable Preferred Stock,,
SAFE,Safehold Inc. New Common Stock ,Real Estate,Real Estate Investment Trusts
SAFT,Safety Insurance Group Inc. Common Stock,Finance,Property-Casualty Insurers
SAFX,XCF Global Inc. Class A Common Stock,Industrials,Major Chemicals
SAH,Sonic Automotive Inc. Common Stock,Consumer Discretionary,Retail-Auto Dealers and Gas Stations
SAIA,Saia Inc. Common Stock,Industrials,Trucking Freight/Courier Services
SAIC,Science Applications International Corporation Common Stock,Technology,EDP Services
SAIL,SailPoint Inc. Common Stock,Technology,Computer Software: Prepackaged Software
SAJ,Saratoga Investment Corp 8.00% Notes due 2027,Finance,Investment Managers
SAM,Boston Beer Company Inc. (The) Common Stock,Consumer Staples,Beverages (Production/Distribution)
SAMG,Silvercrest Asset Management Group Inc. Class A Common Stock,Finance,Investment Managers
SANA,Sana Biotechnology Inc. Common Stock,Health Care,Biotechnology: Biological Products (No Diagnostic Substances)
SANM,Sanmina Corporation Common Stock,Technology,Electrical Products
SAR,Saratoga Investment Corp New,Finance,Investment Managers
SARO,StandardAero Inc. Common Stock,Industrials,Aerospace
SAT,Saratoga Investment Corp 6.00% Notes due 2027,Finance,Investment Managers
SATA,Strive Inc. Variable Rate Series A Perpetual Preferred Stock,,
SATS,EchoStar  Corporation Common Stock,Consumer Discretionary,Telecommunications Equipment
SAV,Saratoga Investment Corp 7.50% Notes due 2031,Finance,Investment Managers
SAY,Saratoga Investment Corp 8.125% Notes due 2027,Finance,Investment Managers
SAZ,Saratoga Investment Corp 8.50% Notes due 2028,Finance,Investment Managers
SBAC,SBA Communications Corporation Class A Common Stock,Real Estate,Real Estate Investment Trusts
SBC,SBC Medical Group Holdings Incorporated Common Stock,Health Care,Medical/Nursing Services
SBCF,Seacoast Banking Corporation of Florida Common Stock,Finance,Major Banks
SBCWW,SBC Medical Group Holdings Incorporated Warrants,Health Care,Medical/Nursing Services
SBET,Sharplink Inc. Common Stock,Technology,Computer Software: Prepackaged Software
SBFG,SB Financial Group Inc. Common Stock,Finance,Major Banks
SBGI,Sinclair Inc. Class A Common Stock,Industrials,Broadcasting
SBH,Sally Beauty Holdings Inc. (Name to be changed from Sally Holdings Inc.) Common Stock,Consumer Discretionary,Other Specialty Stores
SBI,Western Asset Intermediate Muni Fund Inc Common Stock,Finance,Finance/Investors Services
SBR,Sabine Royalty Trust Common Stock,Energy,Oil & Gas Production
SBRA,Sabra Health Care REIT Inc. Common Stock,Real Estate,Real Estate Investment Trusts
SBSI,Southside Bancshares Inc. Common Stock,Finance,Major Banks
SBUX,Starbucks Corporation Common Stock,Consumer Discretionary,Restaurants
SCCD,Sachem Capital Corp. 6.00% Notes due 2026,Real Estate,Real Estate Investment Trusts
SCCE,Sachem Capital Corp. 6.00% Notes due 2027,Real Estate,Real Estate Investment Trusts
SCCF,Sachem Capital Corp. 7.125% Notes due 2027,Real Estate,Real Estate Investment Trusts
SCCG,Sachem Capital Corp. 8.00% Notes due 2027,Real Estate,Real Estate Investment Trusts
SCCO,Southern Copper Corporation Common Stock,Basic Materials,Metal Mining
SCD,LMP Capital and Income Fund Inc. Common Stock,Finance,Trusts Except Educational Religious and Charitable
SCE^G,SCE Trust II Trust Preferred Securities,,
SCE^L,SCE TRUST VI,,
SCE^M,SCE Trust VII 7.50% Trust Preference Securities,,
SCE^N,SCE Trust VIII 6.95% Trust Preference Securities,,
SCHL,Scholastic Corporation Common Stock,Consumer Discretionary,Books
SCHW,Charles Schwab Corporation (The) Common Stock,Finance,Investment Bankers/Brokers/Service
SCHW^D,The Charles Schwab Corporation Depositary Shares each representing 1/40th interest in a share of 5.95% Non-Cumulative Perpetual Preferred Stock Series D,,
SCHW^J,The Charles Schwab Corporation Depositary Shares Each Representing a 1/40th Interest in a Share of 4.450% Non-Cumulative Perpetual Preferred Stock Series J,,
SCI,Service Corporation International Common Stock,Consumer Discretionary,Other Consumer Services
SCII,SC II Acquisition Corp. Class A ordinary share,,
SCIIR,SC II Acquisition Corp. Rights,,
SCIIU,SC II Acquisition Corp. Units,,
SCKT,Socket Mobile Inc. Common Stock,Technology,Computer Manufacturing
SCL,Stepan Company Common Stock,Consumer Discretionary,Package Goods/Cosmetics
SCLX,Scilex Holding Company Common Stock,Health Care,Biotechnology: Biological Products (No Diagnostic Substances)
SCLXW,Scilex Holding Company Warrant,Health Care,Biotechnology: Biological Products (No Diagnostic Substances)
SCM,Stellus Capital Investment Corporation Common Stock,Finance,Finance/Investors Services
SCNX,Scienture Holdings Inc. Common Stock,Health Care,Other Pharmaceuticals
SCOR,comScore Inc. Common Stock,Real Estate,Real Estate
SCPQ,Social Commerce Partners Corporation Class A Ordinary Shares,,
SCPQU,Social Commerce Partners Corporation Unit,,
SCPQW,Social Commerce Partners Corporation Warrant,,
SCSC,ScanSource Inc. Common Stock,Technology,Retail: Computer Software & Peripheral Equipment
SCVL,Shoe Carnival Inc. Common Stock,Consumer Discretionary,Clothing/Shoe/Accessory Stores
SCWO,374Water Inc. Common Stock,Consumer Discretionary,Metal Fabrications
SCYX,SCYNEXIS Inc. Common Stock,Health Care,Biotechnology: Pharmaceutical Preparations
SD,SandRidge Energy Inc. Common Stock,Energy,Oil & Gas Production
SDEV,Stablecoin Development Corporation Common Stock,Health Care,Biotechnology: Pharmaceutical Preparations
SDGR,Schrodinger Inc. Common Stock,Health Care,Biotechnology: Pharmaceutical Preparations
SDHC,Smith Douglas Homes Corp. Class A Common Stock,Consumer Discretionary,Homebuilding
SDHI,Siddhi Acquisition Corp Class A Common stock,Finance,Blank Checks
SDHIU,Siddhi Acquisition Corp Unit,Finance,Blank Checks
SDOT,Sadot Group Inc. Common Stock,Consumer Discretionary,Restaurants
SDST,Stardust Power Inc. Common Stock,Industrials,Major Chemicals
SDSTW,Stardust Power Inc. Warrant,Industrials,Major Chemicals
SE,Sea Limited American Depositary Shares each representing one Class A Ordinary Share,Consumer Discretionary,Other Consumer Services
SEAT,Vivid Seats Inc. Class A Common Stock,Consumer Discretionary,Services-Misc. Amusement & Recreation
SEATW,Vivid Seats Inc. Warrant,Consumer Discretionary,Services-Misc. Amusement & Recreation
SEB,Seaboard Corporation Common Stock,Industrials,Farming/Seeds/Milling
SEER,Seer Inc. Class A Common Stock,Industrials,Biotechnology: Laboratory Analytical Instruments
SEG,Seaport Entertainment Group Inc. Common Stock,Consumer Discretionary,Services-Misc. Amusement & Recreation
SEGG,Sports Entertainment Gaming Global Corporation Common Stock,Technology,Computer Software: Prepackaged Software
SEI,Solaris Energy Infrastructure Inc. Class A Common Stock,Consumer Discretionary,Oil and Gas Field Machinery
SEIC,SEI Investments Company Common Stock,Finance,Investment Bankers/Brokers/Service
SELF,Global Self Storage Inc. Common Stock,Real Estate,Real Estate Investment Trusts
SEM,Select Medical Holdings Corporation Common Stock,Health Care,Hospital/Nursing Management
SENEA,Seneca Foods Corp. Class A Common Stock,Consumer Staples,Packaged Foods
SENEB,Seneca Foods Corp. Class B Common Stock,Consumer Staples,Packaged Foods
SENS,Senseonics Holdings Inc. Common Stock,Health Care,Medical/Dental Instruments
SEPN,Septerna Inc. Common Stock,Health Care,Biotechnology: Pharmaceutical Preparations
SERA,Sera Prognostics Inc. Class A Common Stock,Health Care,Medical Specialities
SERV,Serve Robotics Inc. Common Stock,Consumer Discretionary,Industrial Specialties
SES,SES AI Corporation Class A Common Stock,Miscellaneous,Industrial Machinery/Components
SEV,Aptera Motors Corp. Class B Common Stock,Industrials,Auto Manufacturing
SEVN,Seven Hills Realty Trust Common Stock,Real Estate,Real Estate Investment Trusts
SEZL,Sezzle Inc. Common Stock,Finance,Finance: Consumer Services
SF,Stifel Financial Corporation Common Stock,Finance,Investment Bankers/Brokers/Service
SF^B,Stifel Financial Corporation Depositary Shares Each Representing 1/1000th  Interest in a Share of 6.25% Non-Cumulative  Preferred Stock Series B,,
SF^C,Stifel Financial Corporation Depositary Shares Each Representing 1/1000th Interest in a Share of 6.125% Non Cumulative Preferred Stock Series C,,
SF^D,Stifel Financial Corporation Depositary Shares Each Representing 1/1000th Interest in a Share of 4.50% Non-Cumulative Preferred Stock Series D,,
SFB,Stifel Financial Corporation 5.20% Senior Notes due 2047,Finance,Investment Bankers/Brokers/Service
SFBC,Sound Financial Bancorp Inc. Common Stock,Finance,Savings Institutions
SFBS,ServisFirst Bancshares Inc. Common Stock,Finance,Major Banks
SFD,Smithfield Foods Inc. Common Stock,Consumer Staples,Meat/Poultry/Fish
SFIX,Stitch Fix Inc. Class A Common Stock,Consumer Discretionary,Catalog/Specialty Distribution
SFM,Sprouts Farmers Market Inc. Common Stock,Consumer Staples,Food Chains
SFNC,Simmons First National Corporation Class A Common Stock,Finance,Major Banks
SFST,Southern First Bancshares Inc. Common Stock,Finance,Major Banks
SG,Sweetgreen Inc. Class A Common Stock,Consumer Discretionary,Restaurants
SGA,Saga Communications Inc. Class A Common Stock (FL),Consumer Discretionary,Broadcasting
SGC,Superior Group of Companies Inc. Common Stock,Consumer Discretionary,Apparel
SGHT,Sight Sciences Inc. Common Stock,Health Care,Medical/Dental Instruments
SGI,Somnigroup International Inc. Common Stock,Consumer Discretionary,Home Furnishings
SGLY,Singularity Future Technology Ltd. Common Stock,Industrials,Integrated Freight & Logistics
SGMT,Sagimet Biosciences Inc. Series A Common Stock,Health Care,Biotechnology: Pharmaceutical Preparations
SGP,SpyGlass Pharma Inc. Common Stock,Health Care,Medical/Dental Instruments
SGRP,SPAR Group Inc. Common Stock,Real Estate,Real Estate
SGRY,Surgery Partners Inc. Common Stock,Health Care,Hospital/Nursing Management
SGU,Star Group L.P. Common Stock,Consumer Discretionary,Other Specialty Stores
SHAK,Shake Shack Inc. Class A Common Stock,Consumer Discretionary,Restaurants
SHAZ,SharonAI Holdings Inc. Class A Common Stock,Technology,EDP Services
SHBI,Shore Bancshares Inc Common Stock,Finance,Major Banks
SHC,Sotera Health Company Common Stock,Health Care,Misc Health and Biotechnology Services
SHEN,Shenandoah Telecommunications Co Common Stock,Telecommunications,Telecommunications Equipment
SHFS,SHF Holdings Inc. Class A Common Stock,Finance,Finance: Consumer Services
SHFSW,SHF Holdings Inc. Warrants,Finance,Finance: Consumer Services
SHIM,Shimmick Corporation Common Stock,Industrials,Military/Government/Technical
SHLS,Shoals Technologies Group Inc. Class A Common Stock,Technology,Semiconductors
SHO,Sunstone Hotel Investors Inc. Sunstone Hotel Investors Inc. Common Shares,Consumer Discretionary,Hotels/Resorts
SHO^H,Sunstone Hotel Investors Inc. 6.125% Series H Cumulative Redeemable Preferred Stock,,
SHO^I,Sunstone Hotel Investors Inc. 5.70% Series I Cumulative Redeemable Preferred Stock,,
SHOO,Steven Madden Ltd. Common Stock,Consumer Discretionary,Shoe Manufacturing
SHPH,Shuttle Pharmaceuticals Holdings Inc. Common Stock,Health Care,Biotechnology: Pharmaceutical Preparations
SHW,Sherwin-Williams Company (The) Common Stock,Consumer Discretionary,RETAIL: Building Materials
SI,Shoulder Innovations Inc. Common Stock,Health Care,Medical/Dental Instruments
SIBN,SI-BONE Inc. Common Stock,Health Care,Medical/Dental Instruments
SIDU,Sidus Space Inc. Class A Common Stock,Telecommunications,Telecommunications Equipment
SIEB,Siebert Financial Corp. Common Stock,Finance,Investment Bankers/Brokers/Service
SIF,SIFCO Industries Inc. Common Stock,Industrials,Aerospace
SIGA,SIGA Technologies Inc. Common Stock,Health Care,Biotechnology: Pharmaceutical Preparations
SIGI,Selective Insurance Group Inc. Common Stock,Finance,Property-Casualty Insurers
SIGIP,Selective Insurance Group Inc. Depositary Shares each representing a 1/1000th interest in a share of 4.60% Non-Cumulative Preferred Stock Series B,Finance,Property-Casualty Insurers
SILA,Sila Realty Trust Inc. Common Stock,Real Estate,Real Estate Investment Trusts
SILO,Silo Pharma Inc. Common Stock,Consumer Discretionary,Apparel
SIMA,SIM Acquisition Corp. I Class A Ordinary Shares,Miscellaneous,Industrial Machinery/Components
SIMAW,SIM Acquisition Corp. I Warrant,Finance,Blank Checks
SINT,SiNtx Technologies Inc. Common Stock,Health Care,Medical/Dental Instruments
SION,Sionna Therapeutics Inc. Common Stock,Health Care,Biotechnology: Pharmaceutical Preparations
SIRI,SiriusXM Holdings Inc. Common Stock,Consumer Discretionary,Broadcasting
SITC,SITE Centers Corp. Common Stock,Real Estate,Real Estate Investment Trusts
SITE,SiteOne Landscape Supply Inc. Common Stock,Consumer Discretionary,Professional and commerical equipment
SITM,SiTime Corporation Common Stock,Technology,Semiconductors
SJM,The J.M. Smucker Company Common Stock,Consumer Staples,Packaged Foods
SJT,San Juan Basin Royalty Trust Common Stock,Energy,Oil & Gas Production
SKIL,Skillsoft Corp. Class A Common Stock,Technology,Computer Software: Prepackaged Software
SKIN,SkinHealth Systems Inc. Class A Common Stock,Health Care,Medical/Dental Instruments
SKLZ,Skillz Inc. Class A Common Stock,Technology,EDP Services
SKT,Tanger Inc. Common Stock,Real Estate,Real Estate Investment Trusts
SKWD,Skyward Specialty Insurance Group Inc. Common Stock,Finance,Property-Casualty Insurers
SKY,Champion Homes Inc. Common Stock,Consumer Discretionary,Homebuilding
SKYE,Skye Bioscience Inc. Common Stock,Health Care,Biotechnology: Pharmaceutical Preparations
SKYH,Sky Harbour Group Corporation Class A Common Stock,Finance,Real Estate
SKYQ,Sky Quarry Inc. Common Stock,Industrials,Environmental Services
SKYT,SkyWater Technology Inc. Common Stock,Technology,Semiconductors
SKYW,SkyWest Inc. Common Stock,Consumer Discretionary,Air Freight/Delivery Services
SKYX,SKYX Platforms Corp. Common Stock,Consumer Discretionary,Building Products
SLAB,Silicon Laboratories Inc. Common Stock,Technology,Semiconductors
SLDB,Solid Biosciences Inc. Common Stock,Health Care,Biotechnology: Biological Products (No Diagnostic Substances)
SLDE,Slide Insurance Holdings Inc. Common Stock,Finance,Property-Casualty Insurers
SLDP,Solid Power Inc. Class A Common Stock,Miscellaneous,Industrial Machinery/Components
SLDPW,Solid Power Inc. Warrant,Miscellaneous,Industrial Machinery/Components
SLE,Super League Enterprise Inc. Common Stock,Consumer Discretionary,Services-Misc. Amusement & Recreation
SLG,SL Green Realty Corp Common Stock,Real Estate,Real Estate Investment Trusts
SLG^I,SL Green Realty Corporation Preferred Series I,,
SLGN,Silgan Holdings Inc. Common Stock,Industrials,Containers/Packaging
SLM,SLM Corporation Common Stock,Finance,Finance: Consumer Services
SLMBP,SLM Corporation Floating Rate Non-Cumulative Preferred Stock Series B,Finance,Finance: Consumer Services
SLND,Southland Holdings Inc. Common Stock,Industrials,Military/Government/Technical
SLNG,Stabilis Solutions Inc. Common Stock,Utilities,Oil/Gas Transmission
SLNH,Soluna Holdings Inc. Common Stock,Technology,EDP Services
SLNHP,Soluna Holdings Inc 9.0% Series A Cumulative Perpetual Preferred Stock ,Technology,EDP Services
SLNO,Soleno Therapeutics Inc. Common Stock,Health Care,Biotechnology: Electromedical & Electrotherapeutic Apparatus
SLP,Simulations Plus Inc. Common Stock,Technology,EDP Services
SLQT,SelectQuote Inc. Common Stock,Finance,Specialty Insurers
SLRC,SLR Investment Corp. Common Stock,Finance,Finance/Investors Services
SLS,SELLAS Life Sciences Group Inc. Common Stock,Health Care,Biotechnology: Pharmaceutical Preparations
SLSN,Solesence Inc. Common Stock,Consumer Discretionary,Package Goods/Cosmetics
SLVM,Sylvamo Corporation Common Stock,Basic Materials,Paper
SM,SM Energy Company Common Stock,Energy,Oil & Gas Production
SMA,SmartStop Self Storage REIT Inc. Common Stock,Real Estate,Real Estate Investment Trusts
SMBC,Southern Missouri Bancorp Inc. Common Stock,Finance,Banks
SMBK,SmartFinancial Inc. Common Stock,Finance,Major Banks
SMC,Summit Midstream Corporation Common Stock,Utilities,Natural Gas Distribution
SMCI,Super Micro Computer Inc. Common Stock,Technology,Computer Manufacturing
SMG,Scotts Miracle-Gro Company (The) Common Stock,Industrials,Agricultural Chemicals
SMHI,SEACOR Marine Holdings Inc. Common Stock ,Consumer Discretionary,Marine Transportation
SMID,Smith-Midland Corporation Common Stock,Industrials,Building Materials
SMMT,Summit Therapeutics Inc. Common Stock ,Health Care,Biotechnology: Pharmaceutical Preparations
SMP,Standard Motor Products Inc. Common Stock,Consumer Discretionary,Auto Parts:O.E.M.
SMPL,The Simply Good Foods Company Common Stock,Consumer Staples,Packaged Foods
SMR,NuScale Power Corporation Class A Common Stock,Industrials,Metal Fabrications
SMRT,SmartRent Inc. Class A Common Stock,Technology,EDP Services
SMSI,Smith Micro Software Inc. Common Stock,Technology,Computer Software: Prepackaged Software
SMTC,Semtech Corporation Common Stock,Technology,Semiconductors
SMTI,Sanara MedTech Inc. Common Stock,Health Care,Industrial Specialties
SMTK,SmartKem Inc. Common Stock,Technology,Semiconductors
SMXT,Solarmax Technology Inc. Common Stock,Consumer Discretionary,Engineering & Construction
SN,SharkNinja Inc. Ordinary Shares,Consumer Discretionary,Consumer Electronics/Appliances
SNA,Snap-On Incorporated Common Stock,Consumer Discretionary,Industrial Machinery/Components
SNAL,Snail Inc. Class A Common Stock,Technology,Computer Software: Prepackaged Software
SNAP,Snap Inc. Class A Common Stock,Technology,Computer Software: Programming Data Processing
SNBR,Sleep Number Corporation Common Stock,Consumer Discretionary,Home Furnishings
SNCY,Sun Country Airlines Holdings Inc. Common Stock,Consumer Discretionary,Air Freight/Delivery Services
SND,Smart Sand Inc. Common Stock,Industrials,Mining & Quarrying of Nonmetallic Minerals (No Fuels)
SNDA,Sonida Senior Living Inc. Common Stock,Health Care,Hospital/Nursing Management
SNDK,Sandisk Corporation Common Stock,Technology,Electronic Components
SNDR,Schneider National Inc. Common Stock,Industrials,Trucking Freight/Courier Services
SNDX,Syndax Pharmaceuticals Inc. Common Stock,Health Care,Biotechnology: Pharmaceutical Preparations
SNES,SenesTech Inc. Common Stock,Industrials,Agricultural Chemicals
SNEX,StoneX Group Inc. Common Stock,Finance,Investment Bankers/Brokers/Service
SNFCA,Security National Financial Corporation Class A Common Stock,Finance,Finance: Consumer Services
SNGX,Soligenix Inc. Common Stock,Health Care,Biotechnology: Pharmaceutical Preparations
SNOA,Sonoma Pharmaceuticals Inc. Common Stock,Health Care,Biotechnology: Pharmaceutical Preparations
SNOW,Snowflake Inc. Common Stock,Technology,Computer Software: Prepackaged Software
SNPS,Synopsys Inc. Common Stock,Technology,Computer Software: Prepackaged Software
SNSE,Sensei Biotherapeutics Inc. Common Stock,Health Care,Biotechnology: Pharmaceutical Preparations
SNTI,Senti Biosciences Holdings Inc. Common Stock,Health Care,Biotechnology: Biological Products (No Diagnostic Substances)
SNWV,SANUWAVE Health Inc. Common Stock,Health Care,Medical/Dental Instruments
SNX,TD SYNNEX Corporation Common Stock,Technology,Retail: Computer Software & Peripheral Equipment
SNYR,Synergy CHC Corp. Common Stock,Health Care,Other Pharmaceuticals
SO,Southern Company (The) Common Stock,Utilities,Electric Utilities: Central
SOBR,SOBR Safe Inc. Common Stock,Consumer Discretionary,Newspapers/Magazines
SOC,Sable Offshore Corp. Common Stock,Energy,Oil & Gas Production
SOCA,Solarius Capital Acquisition Corp. Class A Ordinary Share,,
SOCAU,Solarius Capital Acquisition Corp. Units,Finance,Blank Checks
SOCAW,Solarius Capital Acquisition Corp. Warrant,,
SOFI,SoFi Technologies Inc. Common Stock  ,Finance,Finance: Consumer Services
SOJC,Southern Company (The) Series 2017B 5.25% Junior Subordinated Notes due December 1 2077,Utilities,Electric Utilities: Central
SOJD,Southern Company (The) Series 2020A 4.95% Junior Subordinated Notes due January 30 2080,Utilities,Electric Utilities: Central
SOJE,Southern Company (The) Series 2020C 4.20% Junior Subordinated Notes due October 15 2060,Basic Materials,Metal Mining
SOJF,Southern Company (The) Series 2025A 6.50% Junior Subordinated Notes due March 15 2085,Basic Materials,Metal Mining
SOLS,Solstice Advanced Materials Inc. Common Stock ,Industrials,Aerospace
SOLV,Solventum Corporation Common Stock,Health Care,Medical/Dental Instruments
SOMN,Southern Company (The) 2025 Series A Corporate Units,Basic Materials,Metal Mining
SON,Sonoco Products Company Common Stock,Consumer Discretionary,Containers/Packaging
SONM,DNA X Inc. Common Stock,Utilities,Telecommunications Equipment
SONO,Sonos Inc. Common Stock,Consumer Staples,Consumer Electronics/Appliances
SOPA,Society Pass Incorporated Common Stock,Real Estate,Real Estate
SOR,Source Capital Inc. Cmn Shs of BI,Finance,Investment Managers
SORN,Soren Acquisition Corp. Class A Ordinary Shares,Finance,Blank Checks
SORNU,Soren Acquisition Corp. Unit,Finance,Blank Checks
SORNW,Soren Acquisition Corp. Warrant,Finance,Blank Checks
SOTK,Sono-Tek Corporation Common Stock,Technology,Industrial Machinery/Components
SOUN,SoundHound AI Inc Class A Common Stock,Technology,Computer Software: Prepackaged Software
SOUNW,SoundHound AI Inc. Warrant,Technology,Computer Software: Prepackaged Software
SOWG,Sow Good Inc. Common Stock,Consumer Staples,Packaged Foods
SPAI,Safe Pro Group Inc. Common Stock,Health Care,Industrial Specialties
SPB,Spectrum Brands Holdings Inc. Common Stock,Miscellaneous,Industrial Machinery/Components
SPCE,Virgin Galactic Holdings Inc. Common Stock,Consumer Discretionary,Transportation Services
SPE,Special Opportunities Fund Inc Common Stock,Finance,Finance/Investors Services
SPE^C,Special Opportunities Fund Inc. 2.75% Convertible Preferred Stock Series C,,
SPEG,Silver Pegasus Acquisition Corp Class A Ordinary Shares,,
SPEGR,Silver Pegasus Acquisition Corp Rights.,,
SPEGU,Silver Pegasus Acquisition Corp Unit,,
SPFI,South Plains Financial Inc. Common Stock,Finance,Major Banks
SPG,Simon Property Group Inc. Common Stock,Real Estate,Real Estate Investment Trusts
SPG^J,Simon Property Group Inc. Simon Property Group 8 3/8% Series J Cumulative Redeemable Preferred Stock,,
SPGI,S&P Global Inc. Common Stock,Finance,Finance: Consumer Services
SPH,Suburban Propane Partners L.P. Common Stock,Consumer Discretionary,Other Specialty Stores
SPHR,Sphere Entertainment Co. Class A Common Stock,Consumer Discretionary,Services-Misc. Amusement & Recreation
SPIR,Spire Global Inc. Class A Common Stock,Consumer Discretionary,Telecommunications Equipment
SPKL,Spark I Acquisition Corp. Class A Ordinary Share,,
SPKLU,Spark I Acquisition Corp. Unit,,
SPKLW,Spark I Acquisition Corp. Warrant,,
SPOK,Spok Holdings Inc. Common Stock,Telecommunications,Telecommunications Equipment
SPRB,Spruce Biosciences Inc. Common Stock,Health Care,Biotechnology: Pharmaceutical Preparations
SPRO,Spero Therapeutics Inc. Common Stock,Health Care,Biotechnology: Pharmaceutical Preparations
SPRU,Spruce Power Holding Corporation Class A Common Stock,Consumer Discretionary,Auto Parts:O.E.M.
SPRY,ARS Pharmaceuticals Inc. Common Stock,Health Care,Biotechnology: Pharmaceutical Preparations
SPSC,SPS Commerce Inc. Common Stock,Technology,Computer Software: Prepackaged Software
SPT,Sprout Social Inc Class A Common Stock,Technology,Computer Software: Prepackaged Software
SPTX,Seaport Therapeutics Inc. Common Stock,Health Care,Biotechnology: Pharmaceutical Preparations
SPWH,Sportsman's Warehouse Holdings Inc. Common Stock,Consumer Discretionary,Other Specialty Stores
SPWR,SunPower Inc. Common Stock,Technology,Semiconductors
SPWRW,SunPower Inc. Warrants,Technology,Semiconductors
SPXC,SPX Technologies Inc. Common Stock,Industrials,Industrial Machinery/Components
SPXX,Nuveen S&P 500 Dynamic Overwrite Fund,Finance,Trusts Except Educational Religious and Charitable
SQFT,Presidio Property Trust Inc. Class A Common Stock,Real Estate,Real Estate Investment Trusts
SQFTP,Presidio Property Trust Inc. 9.375% Series D Cumulative Redeemable Perpetual Preferred Stock $0.01 par value per share,Real Estate,Real Estate Investment Trusts
SQFTW,Presidio Property Trust Inc. Series A Common Stock Purchase Warrants,Real Estate,Real Estate Investment Trusts
SR,Spire Inc. Common Stock,Utilities,Oil/Gas Transmission
SRBK,SR Bancorp Inc. Common stock,Finance,Banks
SRCE,1st Source Corporation Common Stock,Finance,Major Banks
SRE,DBA Sempra Common Stock,Utilities,Natural Gas Distribution
SREA,DBA Sempra 5.750% Junior Subordinated Notes due 2079,Utilities,Natural Gas Distribution
SRFM,Surf Air Mobility Inc. Common Stock,Consumer Discretionary,Transportation Services
SRG,Seritage Growth Properties Class A Common Stock,Finance,Real Estate
SRG^A,Seritage Growth Properties 7.00% Series A Cumulative Redeemable Preferred Shares of Beneficial Interest,,
SRI,Stoneridge Inc. Common Stock,Consumer Discretionary,Auto Parts:O.E.M.
SRJN,Spire Inc. 6.375% Junior Subordinated Notes due 2086,Utilities,Oil/Gas Transmission
SRPT,Sarepta Therapeutics Inc. Common Stock (DE),Health Care,Biotechnology: Pharmaceutical Preparations
SRRK,Scholar Rock Holding Corporation Common Stock,Health Care,Biotechnology: Biological Products (No Diagnostic Substances)
SRTA,Strata Critical Medical Inc. Class A Common Stock,Consumer Discretionary,Transportation Services
SRTS,Sensus Healthcare Inc. Common Stock,Health Care,Medical/Dental Instruments
SRV,NXG Cushing Midstream Energy Fund Common Shares of Beneficial Interest,Finance,Finance Companies
SRZN,Surrozen Inc. Common Stock,Health Care,Biotechnology: Biological Products (No Diagnostic Substances)
SRZNW,Surrozen Inc. Warrant,Health Care,Biotechnology: Biological Products (No Diagnostic Substances)
SSAC,SPACSphere Acquisition Corp. Class A Ordinary Shares,Finance,Blank Checks
SSACR,SPACSphere Acquisition Corp. Rights,Finance,Blank Checks
SSACW,SPACSphere Acquisition Corp. Warrant,Finance,Blank Checks
SSB,SouthState Bank Corporation Common Stock,Finance,Major Banks
SSBI,Summit State Bank Common Stock,Finance,Major Banks
SSD,Simpson Manufacturing Company Inc. Common Stock,Consumer Discretionary,Industrial Machinery/Components
SSEA,"Starry Sea Acquisition Corp	Ordinary Shares",,
SSNC,SS&C Technologies Holdings Inc. Common Stock,Technology,Computer Software: Prepackaged Software
SSP,E.W. Scripps Company (The) Class A Common Stock,Industrials,Broadcasting
SSSS,SuRo Capital Corp. Common Stock,Finance,Finance: Consumer Services
SSSSL,SuRo Capital Corp. 6.00% Notes due 2026,Finance,Finance: Consumer Services
SST,System1 Inc. Class A Common Stock,Technology,Computer Software: Programming Data Processing
SSTI,SoundThinking Inc. Common Stock,Technology,Computer Software: Prepackaged Software
SSTK,Shutterstock Inc. Common Stock,Technology,EDP Services
SSYS,Stratasys Ltd. Ordinary Shares (Israel),Technology,Computer peripheral equipment
STAA,STAAR Surgical Company Common Stock,Health Care,Ophthalmic Goods
STAG,Stag Industrial Inc. Common Stock,Real Estate,Real Estate Investment Trusts
STBA,S&T Bancorp Inc. Common Stock,Finance,Major Banks
STC,Stewart Information Services Corporation Common Stock,Finance,Specialty Insurers
STE,STERIS plc (Ireland) Ordinary Shares,Health Care,Industrial Specialties
STEL,Stellar Bancorp Inc. Common Stock,Finance,Major Banks
STEM,Stem Inc. Class A Common Stock,Miscellaneous,Industrial Machinery/Components
STEP,StepStone Group Inc. Class A Common Stock,Finance,Investment Managers
STEW,SRH Total Return Fund Inc. Common Stock,Finance,Investment Managers
STEX,Streamex Corp. Common Stock,Health Care,Biotechnology: Electromedical & Electrotherapeutic Apparatus
STHO,Star Holdings Shares of Beneficial Interest,Real Estate,Real Estate
STI,Solidion Technology Inc. Common Stock,Miscellaneous,Industrial Machinery/Components
STIM,Neuronetics Inc. Common Stock,Health Care,Medical/Dental Instruments
STK,Columbia Seligman Premium Technology Growth Fund Inc,Finance,Investment Managers
STKS,The ONE Group Hospitality Inc. Common Stock,Consumer Discretionary,Restaurants
STLD,Steel Dynamics Inc.,Industrials,Steel/Iron Ore
STOK,Stoke Therapeutics Inc. Common Stock,Health Care,Biotechnology: Pharmaceutical Preparations
STRA,Strategic Education Inc. Common Stock,Real Estate,Other Consumer Services
STRC,Strategy Inc Variable Rate Series A Perpetual Stretch Preferred Stock,Technology,Computer Software: Prepackaged Software
STRD,Strategy Inc 10.00% Series A Perpetual Stride Preferred Stock,Technology,Computer Software: Prepackaged Software
STRF,Strategy Inc 10.00% Series A Perpetual Strife Preferred Stock,Technology,Computer Software: Prepackaged Software
STRK,Strategy Inc 8.00% Series A Perpetual Strike Preferred Stock,Technology,Computer Software: Prepackaged Software
STRL,Sterling Infrastructure Inc. Common Stock,Industrials,Military/Government/Technical
STRO,Sutro Biopharma Inc. Common Stock,Health Care,Biotechnology: Biological Products (No Diagnostic Substances)
STRR,Star Equity Holdings Inc. Common Stock,Consumer Discretionary,Professional Services
STRRP,Star Equity Holdings Inc. 10% Series A Cumulative Perpetual Preferred Stock,,
STRS,Stratus Properties Inc. Common Stock,Real Estate,Homebuilding
STRT,STRATTEC SECURITY CORPORATION Common Stock,Consumer Discretionary,Auto Parts:O.E.M.
STRW,Strawberry Fields REIT Inc. Common Stock,Real Estate,Real Estate Investment Trusts
STRZ,Starz Entertainment Corp. Common Shares,Consumer Discretionary,Movies/Entertainment
STSS,Sharps Technology Inc. Common Stock,Health Care,Medical/Dental Instruments
STSSW,Sharps Technology Inc. Warrant,Finance,Finance: Consumer Services
STT,State Street Corporation Common Stock,Finance,Major Banks
STT^G,State Street Corporation Depositary shares each representing a 1/4000th ownership interest in a share of Fixed-to-Floating Rate Non-Cumulative,,
STTK,Shattuck Labs Inc. Common Stock,Health Care,Biotechnology: Pharmaceutical Preparations
STUB,StubHub Holdings Inc. Class A Common Stock,Consumer Discretionary,Services-Misc. Amusement & Recreation
STWD,STARWOOD PROPERTY TRUST INC. Starwood Property Trust Inc.,Real Estate,Real Estate Investment Trusts
STXS,Stereotaxis Inc. Common Stock,Health Care,Biotechnology: Electromedical & Electrotherapeutic Apparatus
STZ,Constellation Brands Inc. Common Stock,Consumer Staples,Beverages (Production/Distribution)
SUI,Sun Communities Inc. Common Stock,Real Estate,Real Estate Investment Trusts
SUIG,Sui Group Holdings Limited Common Stock,Finance,Finance Companies
SUJA,Suja Life Inc. Class A Common Stock,Consumer Staples,Beverages (Production/Distribution)
SUN,Sunoco LP Common Units representing limited partner interests,Energy,Integrated oil Companies
SUNE,SUNation Energy Inc. Common Stock,Utilities,Telecommunications Equipment
SUNS,Sunrise Realty Trust Inc. Common Stock,Real Estate,Real Estate Investment Trusts
SUPN,Supernus Pharmaceuticals Inc. Common Stock,Health Care,Biotechnology: Pharmaceutical Preparations
SURG,SurgePays Inc. Common Stock,Consumer Discretionary,Advertising
SVAC,Spring Valley Acquisition Corp. III Class A Ordinary Shares,Finance,Blank Checks
SVACU,Spring Valley Acquisition Corp. III Unit,Finance,Blank Checks
SVACW,Spring Valley Acquisition Corp. III Warrant,Finance,Blank Checks
SVAQ,Silicon Valley Acquisition Corp. Class A Ordinary Shares,Finance,Blank Checks
SVAQU,Silicon Valley Acquisition Corp. Units,Finance,Blank Checks
SVAQW,Silicon Valley Acquisition Corp. Warrants,Finance,Blank Checks
SVC,Service Properties Trust Common Stock,Real Estate,Real Estate Investment Trusts
SVCCW,Stellar V Capital Corp. Warrant,Finance,Blank Checks
SVCO,Silvaco Group Inc. Common Stock,Technology,Computer Software: Prepackaged Software
SVIV,Spring Valley Acquisition Corp. IV Class A Ordinary Shares,Finance,Blank Checks
SVIVU,Spring Valley Acquisition Corp. IV Units,Finance,Blank Checks
SVIVW,Spring Valley Acquisition Corp. IV Warrants,Finance,Blank Checks
SVRA,Savara Inc. Common Stock,Health Care,Biotechnology: Pharmaceutical Preparations
SVV,Savers Value Village Inc. Common Stock,Consumer Discretionary,Other Specialty Stores
SWAG,Stran & Company Inc. Common Stock,Consumer Discretionary,Advertising
SWAGW,Stran & Company Inc. Warrant,Consumer Discretionary,Advertising
SWBI,Smith & Wesson Brands Inc. Common Stock,Industrials,Ordnance And Accessories
SWIM,Latham Group Inc. Common Stock,Industrials,Plastic Products
SWK,Stanley Black & Decker Inc. Common Stock,Consumer Discretionary,Industrial Machinery/Components
SWKHL,SWK Holdings Corporation 9.00% Senior Notes due 2027,,
SWKS,Skyworks Solutions Inc. Common Stock,Technology,Semiconductors
SWMR,Swarmer Inc Common Stock,Technology,Computer Software: Prepackaged Software
SWX,Southwest Gas Holdings Inc. Common Stock (DE),Utilities,Oil & Gas Production
SWZ,Total Return Securities Fund Common Stock,Finance,Finance Companies
SXC,SunCoke Energy Inc. Common Stock,Industrials,Steel/Iron Ore
SXI,Standex International Corporation Common Stock,Industrials,Industrial Machinery/Components
SXT,Sensient Technologies Corporation Common Stock,Industrials,Major Chemicals
SXTP,60 Degrees Pharmaceuticals Inc. Common Stock,Health Care,Biotechnology: Pharmaceutical Preparations
SXTPW,60 Degrees Pharmaceuticals Inc. Warrant,Health Care,Biotechnology: Pharmaceutical Preparations
SYBT,Stock Yards Bancorp Inc. Common Stock,Finance,Major Banks
SYF,Synchrony Financial Common Stock,Finance,Finance: Consumer Services
SYF^A,Synchrony Financial Depositary Shares each Representing a 1/40th Interest in a Share of 5.625% Fixed Rate Non-Cumulative Perpetual Preferred Stock Series A,,
SYF^B,Synchrony Financial Depositary Shares Each Representing a 1/40th Interest in a Share of 8.250% Fixed Rate Reset Non-Cumulative Perpetual Preferred Stock Series B,,
SYK,Stryker Corporation Common Stock,Health Care,Medical/Dental Instruments
SYM,Symbotic Inc. Class A Common Stock,Industrials,Industrial Machinery/Components
SYNA,Synaptics Incorporated Common Stock $0.001 Par Value,Technology,Semiconductors
SYPR,Sypris Solutions Inc. Common Stock,Industrials,Industrial Machinery/Components
SYRE,Spyre Therapeutics Inc. Common Stock,Health Care,Biotechnology: Pharmaceutical Preparations
SYY,Sysco Corporation Common Stock,Consumer Discretionary,Food Distributors
SZZL,Sizzle Acquisition Corp. II Class A ordinary shares,Finance,Blank Checks
SZZLR,Sizzle Acquisition Corp. II Right,Finance,Blank Checks
SZZLU,Sizzle Acquisition Corp. II Unit,Finance,Blank Checks
T,AT&T Inc.,Telecommunications,Telecommunications Equipment
T^A,AT&T Inc. Depositary Shares each representing a 1/1000th interest in a share of 5.000% Perpetual Preferred Stock Series A,,
T^C,AT&T Inc. Depositary Shares each representing a 1/1000th interest in a share of 4.750% Perpetual Preferred Stock Series C,,
TACH,Titan Acquisition Corp. Class A Ordinary Shares,Finance,Blank Checks
TACHW,Titan Acquisition Corp. Warrants,Finance,Blank Checks
TACO,Berto Acquisition Corp. Ordinary Shares,Finance,Blank Checks
TACOU,Berto Acquisition Corp. Unit,Finance,Blank Checks
TACOW,Berto Acquisition Corp. Warrant,Finance,Blank Checks
TACT,TransAct Technologies Incorporated Common Stock,Technology,Computer peripheral equipment
TALK,Talkspace Inc. Common Stock,Health Care,Medical/Nursing Services
TALKW,Talkspace Inc. Warrant,Health Care,Medical/Nursing Services
TALO,Talos Energy Inc. Common Stock,Energy,Oil & Gas Production
TAOX,Tao Synergies Inc. Common Stock,Health Care,Biotechnology: Pharmaceutical Preparations
TARA,Protara Therapeutics Inc.  Common Stock,Health Care,Biotechnology: Biological Products (No Diagnostic Substances)
TARS,Tarsus Pharmaceuticals Inc. Common Stock,Health Care,Biotechnology: Biological Products (No Diagnostic Substances)
TASK,TaskUs Inc. Class A Common Stock,Technology,EDP Services
TAVI,Tavia Acquisition Corp. Ordinary Shares,Finance,Blank Checks
TAVIR,Tavia Acquisition Corp. Right,Finance,Blank Checks
TAYD,Taylor Devices Inc. Common Stock,Industrials,Industrial Machinery/Components
TBB,AT&T Inc. 5.350% Global Notes due 2066,Telecommunications,Telecommunications Equipment
TBBK,The Bancorp Inc Common Stock,Finance,Major Banks
TBCH,Turtle Beach Corporation Common Stock,Telecommunications,Telecommunications Equipment
TBH,Brag House Holdings Inc. Common Stock,Consumer Discretionary,Services-Misc. Amusement & Recreation
TBI,TrueBlue Inc. Common Stock,Consumer Discretionary,Professional Services
TBLD,Thornburg Income Builder Opportunities Trust Common Stock,Finance,Investment Managers
TBRG,TruBridge Inc. Common Stock,Technology,EDP Services
TCBI,Texas Capital Bancshares Inc. Common Stock,Finance,Major Banks
TCBIO,Texas Capital Bancshares Inc. Depositary Shares 5.75% Fixed Rate Non-Cumulative Perpetual Preferred Stock Series B,Finance,Major Banks
TCBK,TriCo Bancshares Common Stock,Finance,Major Banks
TCBS,Texas Community Bancshares Inc. Common Stock,Finance,Banks
TCBX,Third Coast Bancshares Inc. Common Stock,Finance,Banks
TCI,Transcontinental Realty Investors Inc. Common Stock,Real Estate,Real Estate Investment Trusts
TCMD,Tactile Systems Technology Inc. Common Stock,Health Care,Medical/Dental Instruments
TCPC,BlackRock TCP Capital Corp. Common Stock,Finance,Finance/Investors Services
TCRT,Alaunos Therapeutics Inc. Common Stock,Health Care,Biotechnology: Pharmaceutical Preparations
TCRX,TScan Therapeutics Inc. Common Stock,Health Care,Biotechnology: Biological Products (No Diagnostic Substances)
TDAC,Translational Development Acquisition Corp. Ordinary Shares,,
TDAY,USA TODAY Co. Inc. Common Stock,Consumer Discretionary,Newspapers/Magazines
TDC,Teradata Corporation Common Stock,Technology,Computer Software: Prepackaged Software
TDF,Templeton Dragon Fund Inc. Common Stock,Finance,Finance/Investors Services
TDG,Transdigm Group Incorporated Common Stock,Industrials,Military/Government/Technical
TDOC,Teladoc Health Inc. Common Stock,Health Care,Medical/Nursing Services
TDS,Telephone and Data Systems Inc. Common Shares,Telecommunications,Telecommunications Equipment
TDS^U,Telephone and Data Systems Inc. Depositary Shares Each Representing a 1/1000th Interest in a 6.625% Series UU Cumulative Redeemable Perpetual Preferred Stock,,
TDS^V,Telephone and Data Systems Inc. Depositary Shares Each Representing a 1/1000th Interest in a 6.000% Series VV Cumulative Redeemable Perpetual Preferred Stock,,
TDUP,ThredUp Inc. Class A Common Stock,Consumer Discretionary,Catalog/Specialty Distribution
TDW,Tidewater Inc. Common Stock,Consumer Discretionary,Marine Transportation
TDWD,Tailwind 2.0 Acquisition Corp. Class A Ordinary Shares,Finance,Blank Checks
TDWDR,Tailwind 2.0 Acquisition Corp. Rights,Finance,Blank Checks
TDY,Teledyne Technologies Incorporated Common Stock,Industrials,Industrial Machinery/Components
TEAD,Teads Holding Co. Common Stock,Technology,Computer Software: Programming Data Processing
TECH,Bio-Techne Corp Common Stock,Health Care,Biotechnology: Biological Products (No Diagnostic Substances)
TECX,Tectonic Therapeutic Inc. Common Stock,Health Care,Biotechnology: Biological Products (No Diagnostic Substances)
TEI,Templeton Emerging Markets Income Fund Inc. Common Stock,Finance,Finance Companies
TELA,TELA Bio Inc. Common Stock,Health Care,Medical/Dental Instruments
TELO,Telomir Pharmaceuticals Inc. Common Stock,Health Care,Biotechnology: Pharmaceutical Preparations
TEM,Tempus AI Inc. Class A Common Stock,Technology,Computer Software: Programming Data Processing
TENB,Tenable Holdings Inc. Common Stock,Technology,Computer Software: Prepackaged Software
TENX,Tenax Therapeutics Inc. Common Stock,Health Care,Biotechnology: Pharmaceutical Preparations
TER,Teradyne Inc. Common Stock,Industrials,Electrical Products
TEX,Terex Corporation Common Stock,Industrials,Construction/Ag Equipment/Trucks
TFC,Truist Financial Corporation Common Stock,Finance,Major Banks
TFC^I,Truist Financial Corporation Depositary Shares,,
TFC^O,Truist Financial Corporation Depositary Shares Each Representing a 1/1000th Interest in a Share of Series O Non-Cumulative Perpetual Preferred Stock,,
TFC^R,Truist Financial Corporation Depositary Shares each representing 1/1000th interest in a share of Series R Non-Cumulative Perpetual Preferred Stock,,
TFIN,Triumph Financial Inc. Common Stock,Finance,Major Banks
TFIN^,Triumph Financial Inc. Depositary Shares Each Representing a 1/40th Interest in a Share of 7.125% Series C Fixed-Rate Non-Cumulative Perpetual Preferred Stock,,
TFSL,TFS Financial Corporation Common Stock,Finance,Savings Institutions
TFX,Teleflex Incorporated Common Stock,Health Care,Medical/Dental Instruments
TG,Tredegar Corporation Common Stock,Industrials,Metal Fabrications
TGEN,Tecogen Inc. Common Stock,Industrials,Industrial Machinery/Components
TGL,Treasure Global Inc. Common Stock,Real Estate,Real Estate
TGT,Target Corporation Common Stock,Consumer Discretionary,Department/Specialty Retail Stores
TGTX,TG Therapeutics Inc. Common Stock,Health Care,Biotechnology: Pharmaceutical Preparations
TH,Target Hospitality Corp. Common Stock,Consumer Discretionary,Hotels/Resorts
THC,Tenet Healthcare Corporation Common Stock,Health Care,Hospital/Nursing Management
THFF,First Financial Corporation Common Stock,Finance,Major Banks
THG,Hanover Insurance Group Inc,Finance,Property-Casualty Insurers
THO,Thor Industries Inc. Common Stock,Industrials,Homebuilding
THQ,abrdn Healthcare Opportunities Fund Shares of Beneficial Interest,Finance,Finance Companies
THR,Thermon Group Holdings Inc. Common Stock,Energy,Industrial Machinery/Components
THRM,Gentherm Inc Common Stock,Consumer Discretionary,Auto Parts:O.E.M.
THRY,Thryv Holdings Inc. Common Stock,Consumer Discretionary,Advertising
THW,abrdn World Healthcare Fund Shares of Beneficial Interest,Finance,Finance Companies
THYP,21Shares Hyperliquid ETF ,,
TIC,TIC Solutions Inc. Common Stock,Real Estate,Real Estate
TIL,Instil Bio Inc. Common Stock,Health Care,Biotechnology: Biological Products (No Diagnostic Substances)
TILE,Interface Inc. Common Stock,Consumer Discretionary,Home Furnishings
TIPT,Tiptree Inc. Common Stock,Finance,Property-Casualty Insurers
TISI,Team Inc. Common Stock,Consumer Discretionary,Other Consumer Services
TITN,Titan Machinery Inc. Common Stock,Consumer Discretionary,Other Specialty Stores
TJX,TJX Companies Inc. (The) Common Stock,Consumer Discretionary,Clothing/Shoe/Accessory Stores
TKNO,Alpha Teknova Inc. Common Stock,Health Care,Biotechnology: In Vitro & In Vivo Diagnostic Substances
TKO,TKO Group Holdings Inc. Class A Common Stock,Consumer Discretionary,Services-Misc. Amusement & Recreation
TKR,Timken Company (The) Common Stock,Industrials,Metal Fabrications
TLF,Tandy Leather Factory Inc. Common Stock,Consumer Discretionary,Apparel
TLN,Talen Energy Corporation Common Stock,Utilities,Electric Utilities: Central
TLNC,Talon Capital Corp. Class A Ordinary Shares,,
TLNCW,Talon Capital Corp. Warrants,,
TLPH,Talphera Inc. Common Stock,Health Care,Biotechnology: Pharmaceutical Preparations
TLRY,Tilray Brands Inc. Common Stock ,Health Care, Medicinal Chemicals and Botanical Products 
TLS,Telos Corporation Common Stock,Technology,EDP Services
TLSI,TriSalus Life Sciences Inc. Common Stock,Health Care,Medical Specialities
TLSIW,TriSalus Life Sciences Inc. Warrant,Health Care,Medical Specialities
TLYS,Tilly's Inc. Common Stock,Consumer Discretionary,Clothing/Shoe/Accessory Stores
TMCI,Treace Medical Concepts Inc. Common Stock,Health Care,Medical/Dental Instruments
TMDX,TransMedics Group Inc. Common Stock,Health Care,Biotechnology: Electromedical & Electrotherapeutic Apparatus
TME,Tencent Music Entertainment Group American Depositary Shares each representing two Class A Ordinary Shares,Consumer Discretionary,Broadcasting
TMHC,Taylor Morrison Home Corporation Common Stock,Consumer Discretionary,Homebuilding
TMO,Thermo Fisher Scientific Inc Common Stock,Industrials,Industrial Machinery/Components
TMP,Tompkins Financial Corporation Common Stock,Finance,Major Banks
TMTS,Spartacus Acquisition Corp. II Class A Ordinary Shares,,
TMTSW,Spartacus Acquisition Corp. II Warrants,,
TMUS,T-Mobile US Inc. Common Stock,Telecommunications,Telecommunications Equipment
TMUSI,T-Mobile US Inc. 5.500% Senior Notes due June 2070,Telecommunications,Telecommunications Equipment
TMUSL,T-Mobile US Inc. 6.250% Senior Notes due 2069,Telecommunications,Telecommunications Equipment
TMUSZ,T-Mobile US Inc. 5.500% Senior Notes due March 2070,Telecommunications,Telecommunications Equipment
TNC,Tennant Company Common Stock,Industrials,Industrial Machinery/Components
TNDM,Tandem Diabetes Care Inc. Common Stock,Health Care,Medical/Dental Instruments
TNET,TriNet Group Inc. Common Stock,Real Estate,Real Estate
TNGX,Tango Therapeutics Inc.,Health Care,Biotechnology: Pharmaceutical Preparations
TNL,Travel   Leisure Co. Common  Stock,Consumer Discretionary,Hotels/Resorts
TNON,Tenon Medical Inc. Common Stock,Health Care,Medical/Dental Instruments
TNONW,Tenon Medical Inc. Warrant,Health Care,Medical/Dental Instruments
TNXP,Tonix Pharmaceuticals Holding Corp. Common Stock,Health Care,Biotechnology: Pharmaceutical Preparations
TNYA,Tenaya Therapeutics Inc. Common Stock,Health Care,Biotechnology: Biological Products (No Diagnostic Substances)
TOI,The Oncology Institute Inc. Common Stock,Health Care,Medical/Nursing Services
TOIIW,The Oncology Institute Inc. Warrant,Health Care,Medical/Nursing Services
TOL,Toll Brothers Inc. Common Stock,Consumer Discretionary,Homebuilding
TOMZ,TOMI Environmental Solutions Inc. Common Stock,Industrials,Major Chemicals
TONX,TON Strategy Company Common Stock,Consumer Discretionary,Other Consumer Services
TOON,Kartoon Studios Inc. Common Stock,Consumer Discretionary,Movies/Entertainment
TOST,Toast Inc. Class A Common Stock,Technology,EDP Services
TOVX,Theriva Biologics Inc. Common Stock,Health Care,Biotechnology: Pharmaceutical Preparations
TOWN,TowneBank Common Stock,Finance,Major Banks
TPB,Turning Point Brands Inc. Common Stock,Consumer Discretionary,Tobacco
TPC,Tutor Perini Corporation Common Stock,Consumer Discretionary,General Bldg Contractors - Nonresidential Bldgs
TPCS,TechPrecision Corporation Common stock,Industrials,Metal Fabrications
TPG,TPG Inc. Class A Common Stock,Finance,Investment Managers
TPGXL,TPG Operating Group II L.P. 6.950% Fixed-Rate Junior Subordinated Notes due 2064,,
TPH,Tri Pointe Homes Inc. Common Stock,Consumer Discretionary,Homebuilding
TPL,Texas Pacific Land Corporation Common Stock,Energy,Oil & Gas Production
TPR,Tapestry Inc. Common Stock,Consumer Discretionary,Apparel
TPST,Tempest Therapeutics Inc. Common Stock,Health Care,Biotechnology: Pharmaceutical Preparations
TPVG,TriplePoint Venture Growth BDC Corp. Common Stock,Consumer Discretionary,Other Consumer Services
TR,Tootsie Roll Industries Inc. Common Stock,Consumer Staples,Specialty Foods
TRAK,ReposiTrak Inc. Common Stock,Technology,EDP Services
TRAW,Traws Pharma Inc. Common Stock,Health Care,Biotechnology: Pharmaceutical Preparations
TRAX,First Tracks Biotherapeutics Inc. Ordinary Shares ,Health Care,Biotechnology: Pharmaceutical Preparations
TRC,Tejon Ranch Co Common Stock,Finance,Real Estate
TRDA,Entrada Therapeutics Inc. Common Stock,Health Care,Biotechnology: Pharmaceutical Preparations
TREE,LendingTree Inc. Common Stock,Finance,Finance: Consumer Services
TREX,Trex Company Inc. Common Stock,Basic Materials,Forest Products
TRGP,Targa Resources Inc. Common Stock,Utilities,Natural Gas Distribution
TRGS,TRG Latin America Acquisitions Corp. Class A Ordinary Shares,Finance,Blank Checks
TRGSR,TRG Latin America Acquisitions Corp. Rights,Finance,Blank Checks
TRI,Thomson Reuters Corporation Common Shares,Consumer Discretionary,Publishing
TRIN,Trinity Capital Inc. Common Stock,Finance,Finance: Consumer Services
TRINI,Trinity Capital Inc. 7.875% Notes Due 2029,Finance,Finance: Consumer Services
TRINZ,Trinity Capital Inc. 7.875% Notes due 2029,Finance,Finance: Consumer Services
TRIP,TripAdvisor Inc. Common Stock,Technology,Computer Software: Programming Data Processing
TRMB,Trimble Inc. Common Stock,Industrials,Industrial Machinery/Components
TRMK,Trustmark Corporation Common Stock,Finance,Major Banks
TRN,Trinity Industries Inc. Common Stock,Industrials,Railroads
TRNO,Terreno Realty Corporation Common Stock,Finance,Real Estate
TRNR,Interactive Strength Inc. Common Stock,Technology,Consumer Electronics/Appliances
TRNS,Transcat Inc. Common Stock,Industrials,Electrical Products
TRON,Tron Inc. Common Stock,Consumer Discretionary,Recreational Games/Products/Toys
TROW,T. Rowe Price Group Inc. Common Stock,Finance,Investment Bankers/Brokers/Service
TROX,Tronox Holdings plc Ordinary Shares (UK),Industrials,Major Chemicals
TRS,TriMas Corporation Common Stock,Industrials,Industrial Specialties
TRST,TrustCo Bank Corp NY Common Stock,Finance,Major Banks
TRT,Trio-Tech International Common Stock,Technology,Industrial Machinery/Components
TRTN^A,Triton International Limited 8.50% Series A Cumulative Redeemable Perpetual  Preference Shares,,
TRTN^B,Triton International Limited 8.00% Series B Cumulative Redeemable Perpetual Preference Shares,,
TRTN^C,Triton International Limited 7.375% Series C Cumulative Redeemable Perpetual Preference Shares,,
TRTN^D,Triton International Limited 6.875% Series D Cumulative Redeemable Perpetual Preference Shares,,
TRTN^E,Triton International Limited 5.75% Series E Cumulative Redeemable Perpetual Preference Shares,,
TRTN^F,Triton International Limited 7.625% Series F Cumulative Redeemable Perpetual Preference Shares,,
TRTN^G,Triton International Limited 7.500% Series G Cumulative Redeemable Perpetual Preference Shares,,
TRTX,TPG RE Finance Trust Inc. Common Stock,Real Estate,Real Estate Investment Trusts
TRTX^C,TPG RE Finance Trust Inc. 6.25% Series C Cumulative Redeemable Preferred Stock $0.001 par value per share,,
TRU,TransUnion Common Stock,Finance,Finance: Consumer Services
TRUG,TruGolf Holdings Inc. Class A Common Stock,Consumer Discretionary,Recreational Games/Products/Toys
TRUP,Trupanion Inc. Common Stock,Health Care,Medical Specialities
TRV,The Travelers Companies Inc. Common Stock,Finance,Property-Casualty Insurers
TRVI,Trevi Therapeutics Inc. Common Stock,Health Care,Biotechnology: Pharmaceutical Preparations
TSBK,Timberland Bancorp Inc. Common Stock,Finance,Banks
TSCO,Tractor Supply Company Common Stock,Consumer Discretionary,RETAIL: Building Materials
TSHA,Taysha Gene Therapies Inc. Common Stock,Health Care,Biotechnology: Biological Products (No Diagnostic Substances)
TSI,TCW Strategic Income Fund Inc. Common Stock,Finance,Investment Managers
TSLA,Tesla Inc. Common Stock,Industrials,Auto Manufacturing
TSN,Tyson Foods Inc. Common Stock,Consumer Staples,Meat/Poultry/Fish
TSQ,Townsquare Media Inc. Class A Common Stock,Consumer Discretionary,Broadcasting
TSSI,TSS Inc. Common Stock,Consumer Discretionary,Professional Services
TTAN,ServiceTitan Inc. Class A Common Stock,Technology,Computer Software: Prepackaged Software
TTC,Toro Company (The) Common Stock,Consumer Discretionary,Tools/Hardware
TTD,The Trade Desk Inc. Class A Common Stock,Technology,Computer Software: Programming Data Processing
TTEC,TTEC Holdings Inc. Common Stock,Consumer Discretionary,Professional Services
TTEK,Tetra Tech Inc. Common Stock,Consumer Discretionary,Military/Government/Technical
TTGT,TechTarget Inc. Common Stock,Telecommunications,Telecommunications Equipment
TTI,Tetra Technologies Inc. Common Stock,Energy,Oil & Gas Production
TTMI,TTM Technologies Inc. Common Stock,Technology,Electrical Products
TTRX,Turn Therapeutics Inc. Common Stock,Health Care,Biotechnology: Pharmaceutical Preparations
TTWO,Take-Two Interactive Software Inc. Common Stock,Consumer Discretionary,Services-Misc. Amusement & Recreation
TULP,Bloomia Holdings Inc. Common Stock,Consumer Staples,Farming/Seeds/Milling
TUSK,Mammoth Energy Services Inc. Common Stock,Energy,Oilfield Services/Equipment
TVA,Texas Ventures Acquisition III Corp Class A Ordinary Share,,
TVACW,Texas Ventures Acquisition III Corp Warrants,,
TVAI,Thayer Ventures Acquisition Corporation II Class A Ordinary Shares,,
TVC,Tennessee Valley Authority Common Stock,Utilities,Electric Utilities: Central
TVE,Tennessee Valley Authority,Utilities,Electric Utilities: Central
TVGN,Tevogen Bio Holdings Inc. Common Stock,Health Care,Biotechnology: Biological Products (No Diagnostic Substances)
TVGNW,Tevogen Bio Holdings Inc. Warrant,Health Care,Biotechnology: Biological Products (No Diagnostic Substances)
TVRD,Tvardi Therapeutics Inc. Common Stock,Health Care,Biotechnology: Pharmaceutical Preparations
TVTX,Travere Therapeutics Inc. Common Stock,Health Care,Biotechnology: Pharmaceutical Preparations
TW,Tradeweb Markets Inc. Class A Common Stock,Finance,Investment Bankers/Brokers/Service
TWAV,TaoWeave Inc. Common Stock,Technology,Computer Software: Programming Data Processing
TWFG,TWFG Inc. Class A Common Stock,Finance,Specialty Insurers
TWI,Titan International Inc. (DE) Common Stock,Industrials,Steel/Iron Ore
TWIN,Twin Disc Incorporated Common Stock,Industrials,Industrial Machinery/Components
TWLO,Twilio Inc. Class A Common Stock,Technology,Computer Software: Prepackaged Software
TWLV,Twelve Seas Investment Company III Class A Ordinary Shares,Finance,Blank Checks
TWLVR,Twelve Seas Investment Company III Rights,Finance,Blank Checks
TWN,Taiwan Fund Inc. (The) Common Stock,Finance,Trusts Except Educational Religious and Charitable
TWO,Two Harbors Investment Corp,Real Estate,Real Estate Investment Trusts
TWO^A,Two Harbors Investments Corp 8.125% Series A Fixed-to-Floating Rate Cumulative Redeemable Preferred Stock ($25.00 liquidation preference per share),,
TWO^B,Two Harbors Investments Corp 7.625% Series B Fixed-to-Floating Rate Cumulative Redeemable Preferred Stock,,
TWO^C,Two Harbors Investments Corp 7.25% Series C Fixed-to-Floating Rate Cumulative Redeemable Preferred Stock,,
TWOD,Two Harbors Investments Corp 9.375% Senior Notes due 2030,Real Estate,Real Estate Investment Trusts
TWST,Twist Bioscience Corporation Common Stock,Health Care,Biotechnology: Biological Products (No Diagnostic Substances)
TXG,10x Genomics Inc. Class A Common Stock,Industrials,Biotechnology: Laboratory Analytical Instruments
TXMD,TherapeuticsMD Inc. Common Stock,Health Care,Biotechnology: Pharmaceutical Preparations
TXN,Texas Instruments Incorporated Common Stock,Technology,Semiconductors
TXNM,TXNM Energy Inc. Common Stock,Utilities,Electric Utilities: Central
TXO,TXO Partners L.P. Common Units Representing Limited Partner Interests,Energy,Oil & Gas Production
TXRH,Texas Roadhouse Inc. Common Stock,Consumer Discretionary,Restaurants
TXT,Textron Inc. Common Stock,Industrials,Aerospace
TY,Tri Continental Corporation Common Stock,Finance,Finance Companies
TY^,Tri Continental Corporation Preferred Stock,,
TYG,Tortoise Energy Infrastructure Corporation Common Stock,Finance,Investment Managers
TYGO,Tigo Energy Inc. Common Stock,Technology,Semiconductors
TYL,Tyler Technologies Inc. Common Stock,Technology,Computer Software: Prepackaged Software
TYRA,Tyra Biosciences Inc. Common Stock,Health Care,Biotechnology: Pharmaceutical Preparations
TZOO,Travelzoo Common Stock,Consumer Discretionary,Advertising
U,Unity Software Inc. Common Stock,Technology,Computer Software: Prepackaged Software
UA,Under Armour Inc. Class C Common Stock,Consumer Discretionary,Apparel
UAA,Under Armour Inc. Class A Common Stock,Consumer Discretionary,Apparel
UAL,United Airlines Holdings Inc. Common Stock,Consumer Discretionary,Air Freight/Delivery Services
UAMY,United States Antimony Corporation Common Stock,Industrials,Metal Fabrications
UAN,CVR Partners LP Common Units representing Limited Partner Interests,Industrials,Agricultural Chemicals
UAVS,AgEagle Aerial Systems Inc. Common Stock,Industrials,Aerospace
UBCP,United Bancorp Inc. Common Stock,Finance,Major Banks
UBER,Uber Technologies Inc. Common Stock,Real Estate,Real Estate
UBSI,United Bankshares Inc. Common Stock,Finance,Major Banks
UCB,United Community Banks Inc. Common Stock,Finance,Major Banks
UCTT,Ultra Clean Holdings Inc. Common Stock,Technology,Semiconductors
UDR,UDR Inc. Common Stock,Real Estate,Real Estate Investment Trusts
UE,Urban Edge Properties Common Shares of Beneficial Interest,Finance,Real Estate
UEIC,Universal Electronics Inc. Common Stock,Consumer Staples,Consumer Electronics/Appliances
UFCS,United Fire Group Inc. Common Stock,Finance,Property-Casualty Insurers
UFI,Unifi Inc. New Common Stock,Consumer Discretionary,Textiles
UFPI,UFP Industries Inc. Common Stock,Basic Materials,Forest Products
UFPT,UFP Technologies Inc. Common Stock,Health Care,Medical/Dental Instruments
UG,United-Guardian Inc. Common Stock,Consumer Discretionary,Package Goods/Cosmetics
UGI,UGI Corporation Common Stock,Utilities,Natural Gas Distribution
UGRO,urban-gro Inc. Common Stock,Consumer Discretionary,Industrial Specialties
UHAL,U-Haul Holding Company Common Stock,Consumer Discretionary,Rental/Leasing Companies
UHS,Universal Health Services Inc. Common Stock,Health Care,Hospital/Nursing Management
UHT,Universal Health Realty Income Trust Common Stock,Real Estate,Real Estate Investment Trusts
UI,Ubiquiti Inc. Common Stock,Technology,Radio And Television Broadcasting And Communications Equipment
UIS,Unisys Corporation New Common Stock,Technology,EDP Services
UK,Ucommune International Ltd Class A Ordinary Shares,Real Estate,Real Estate
ULBI,Ultralife Corporation Common Stock,Miscellaneous,Industrial Machinery/Components
ULCC,Frontier Group Holdings Inc. Common Stock,Consumer Discretionary,Air Freight/Delivery Services
ULH,Universal Logistics Holdings Inc. Common Stock,Industrials,Trucking Freight/Courier Services
ULS,UL Solutions Inc. Class A Common Stock,Health Care,Precision Instruments
ULTA,Ulta Beauty Inc. Common Stock,Consumer Discretionary,Other Specialty Stores
UMAC,Unusual Machines Inc. Common Stock,Technology,Radio And Television Broadcasting And Communications Equipment
UMBF,UMB Financial Corporation Common Stock,Finance,Major Banks
UMBFO,UMB Financial Corporation Depositary Shares Each Representing a 1/400th Interest in a Share of 7.750% Fixed-Rate Reset Non-Cumulative Perpetual Preferred Stock Series B,Finance,Major Banks
UMH,UMH Properties Inc. Common Stock,Real Estate,Real Estate Investment Trusts
UMH^D,UMH Properties Inc. 6.375% Series D Cumulative Redeemable Preferred Stock Liquidation Preference $25 per share,,
UNB,Union Bankshares Inc. Common Stock,Finance,Major Banks
UNCY,Unicycive Therapeutics Inc. Common Stock,Health Care,Biotechnology: Pharmaceutical Preparations
UNF,Unifirst Corporation Common Stock,Consumer Discretionary,Other Consumer Services
UNFI,United Natural Foods Inc. Common Stock,Consumer Discretionary,Food Distributors
UNH,UnitedHealth Group Incorporated Common Stock (DE),Health Care,Medical Specialities
UNIT,Uniti Group Inc. Common Stock,Real Estate,Real Estate Investment Trusts
UNM,Unum Group Common Stock,Finance,Accident &Health Insurance
UNMA,Unum Group 6.250% Junior Subordinated Notes due 2058,Finance,Accident &Health Insurance
UNP,Union Pacific Corporation Common Stock,Industrials,Railroads
UNTY,Unity Bancorp Inc. Common Stock,Finance,Major Banks
UONE,Urban One Inc. Class A Common Stock,Consumer Discretionary,Broadcasting
UONEK,Urban One Inc. Class D Common Stock,Consumer Discretionary,Broadcasting
UPB,Upstream Bio Inc. Common Stock,Health Care,Biotechnology: Pharmaceutical Preparations
UPBD,Upbound Group Inc. Common Stock,Consumer Discretionary,Diversified Commercial Services
UPLD,Upland Software Inc. Common Stock,Technology,Computer Software: Prepackaged Software
UPS,United Parcel Service Inc. Common Stock,Industrials,Trucking Freight/Courier Services
UPST,Upstart Holdings Inc. Common stock,Finance,Finance: Consumer Services
UPWK,Upwork Inc. Common Stock,Technology,EDP Services
UPXI,Upexi Inc. Common Stock,Health Care, Medicinal Chemicals and Botanical Products 
URBN,Urban Outfitters Inc. Common Stock,Consumer Discretionary,Clothing/Shoe/Accessory Stores
URI,United Rentals Inc. Common Stock,Consumer Discretionary,Diversified Commercial Services
USA,Liberty All-Star Equity Fund Common Stock,Finance,Finance Companies
USAC,USA Compression Partners LP Common Units Representing Limited Partner Interests,Utilities,Natural Gas Distribution
USAR,USA Rare Earth Inc. Class A Common Stock,Basic Materials,Metal Mining
USAU,U.S. Gold Corp. Common Stock,Basic Materials,Metal Mining
USB,U.S. Bancorp Common Stock,Finance,Major Banks
USB^A,U.S. Bancorp Depositary Shares Each representing a 1/100th interest in a share of Series A Non-CumulativePerpetual Pfd Stock,,
USB^H,U.S. Bancorp Depositary Shares repstg 1/1000th Pfd Ser B,,
USB^P,U.S. Bancorp Depositary Shares each representing a 1/1000th interest in a share of Series K Non-Cumulative Perpetual Preferred Stock,,
USB^Q,U.S. Bancorp Depositary Shares Each Representing a 1/1000th Interest in a Share of Series L Non-Cumulative Perpetual Preferred Stock,,
USB^R,U.S. Bancorp Depositary Shares Each Representing a 1/1000th Interest in a Share of Series M Non-Cumulative Perpetual Preferred Stock,,
USB^S,U.S. Bancorp Depositary Shares each representing a 1/1000th interest in a share of Series O Non-Cumulative Perpetual Preferred Stock,,
USCB,USCB Financial Holdings Inc. Class A Common Stock,Finance,Major Banks
USEG,U.S. Energy Corp. Common Stock (DE),Energy,Oil & Gas Production
USFD,US Foods Holding Corp. Common Stock,Consumer Discretionary,Food Distributors
USGO,U.S. GoldMining Inc. Common stock,Basic Materials,Precious Metals
USGOW,U.S. GoldMining Inc. Warrant,Basic Materials,Precious Metals
USIO,Usio Inc. Common Stock,Finance,Investment Bankers/Brokers/Service
USLM,United States Lime & Minerals Inc. Common Stock,Industrials,Mining & Quarrying of Nonmetallic Minerals (No Fuels)
USNA,USANA Health Sciences Inc. Common Stock,Health Care, Medicinal Chemicals and Botanical Products 
USPH,U.S. Physical Therapy Inc. Common Stock,Health Care,Medical/Nursing Services
UTF,Cohen & Steers Infrastructure Fund Inc Common Stock,Finance,Finance Companies
UTG,Reaves Utility Income Fund Common Shares of Beneficial Interest,Finance,Investment Managers
UTHR,United Therapeutics Corporation Common Stock,Health Care,Biotechnology: Pharmaceutical Preparations
UTI,Universal Technical Institute Inc Common Stock,Real Estate,Other Consumer Services
UTL,UNITIL Corporation Common Stock,Utilities,Power Generation
UTMD,Utah Medical Products Inc. Common Stock,Health Care,Medical/Dental Instruments
UTZ,Utz Brands Inc Class A Common Stock ,Consumer Staples,Packaged Foods
UUU,Universal Safety Products Inc. Common Stock,Technology,Electronic Components
UVE,UNIVERSAL INSURANCE HOLDINGS INC Common Stock,Finance,Property-Casualty Insurers
UVSP,Univest Financial Corporation Common Stock,Finance,Major Banks
UVV,Universal Corporation Common Stock,Industrials,Farming/Seeds/Milling
UWMC,UWM Holdings Corporation Class A Common Stock,Finance,Finance: Consumer Services
UYSC,UY Scuti Acquisition Corp. Ordinary Shares,Finance,Blank Checks
UZD,Array Digital Infrastructure Inc. 6.250% Senior Notes due 2069,Telecommunications,Telecommunications Equipment
UZE,Array Digital Infrastructure Inc. 5.500% Senior Notes due 2070,Telecommunications,Telecommunications Equipment
UZF,Array Digital Infrastructure Inc. 5.500% Senior Notes due 2070,Telecommunications,Telecommunications Equipment
V,Visa Inc.,Real Estate,Real Estate
VABK,Virginia National Bankshares Corporation Common Stock,Finance,Major Banks
VAC,Marriott Vacations Worldwide Corporation Common Stock,Finance,Real Estate
VACH,Voyager Acquisition Corp Class A Ordinary Shares,,
VACHU,Voyager Acquisition Corp Unit,Finance,Blank Checks
VACHW,Voyager Acquisition Corp Warrants,Finance,Blank Checks
VAL,Valaris Limited Common Shares,Energy,Oil & Gas Production
VALU,Value Line Inc. Common Stock,Finance,Investment Managers
VANI,Vivani Medical Inc. Common Stock (DE),Health Care,Biotechnology: Electromedical & Electrotherapeutic Apparatus
VATE,INNOVATE Corp. Common Stock,Industrials,Metal Fabrications
VBF,Invesco Bond Fund Common Stock,Finance,Trusts Except Educational Religious and Charitable
VBIO,Valion Bio Inc. Common Stock,Health Care,Biotechnology: Electromedical & Electrotherapeutic Apparatus
VC,Visteon Corporation Common Stock,Consumer Discretionary,Auto Parts:O.E.M.
VCEL,Vericel Corporation Common Stock,Health Care,Biotechnology: Biological Products (No Diagnostic Substances)
VCTR,Victory Capital Holdings Inc. Class A Common Stock,Finance,Investment Managers
VCV,Invesco California Value Municipal Income Trust Common Stock,Finance,Trusts Except Educational Religious and Charitable
VCYT,Veracyte Inc. Common Stock,Health Care,Medical Specialities
VECO,Veeco Instruments Inc. Common Stock,Technology,Industrial Machinery/Components
VEEA,Veea Inc. Common Stock,Finance,Blank Checks
VEEE,Twin Vee PowerCats Co. Common Stock,Industrials,Marine Transportation
VEEV,Veeva Systems Inc. Class A Common Stock,Technology,Computer Software: Prepackaged Software
VEL,Velocity Financial Inc. Common Stock,Finance,Finance: Consumer Services
VELO,Velo3D Inc. Common stock,Technology,Industrial Machinery/Components
VENU,Venu Holding Corporation Common Stock,Consumer Discretionary,Services-Misc. Amusement & Recreation
VERA,Vera Therapeutics Inc. Class A Common Stock,Health Care,Biotechnology: Pharmaceutical Preparations
VERI,Veritone Inc. Common Stock,Technology,EDP Services
VERU,Veru Inc. Common Stock,Health Care,Biotechnology: Pharmaceutical Preparations
VERX,Vertex Inc. Class A Common Stock,Technology,Computer Software: Prepackaged Software
VFC,V.F. Corporation Common Stock,Industrials,Garments and Clothing
VFL,abrdn National Municipal Income Fund Common Stock,Finance,Finance/Investors Services
VG,Venture Global Inc. Class A common stock,Utilities,Oil/Gas Transmission
VGAS,Verde Clean Fuels Inc. Class A Common Stock,Industrials,Major Chemicals
VGASW,Verde Clean Fuels Inc. Warrant,Industrials,Major Chemicals
VGI,Virtus Global Multi-Sector Income Fund Common Shares of Beneficial Interest,Finance,Investment Managers
VGM,Invesco Trust for Investment Grade Municipals Common Stock (DE),Finance,Trusts Except Educational Religious and Charitable
VGZ,Vista Gold Corp Common Stock,Basic Materials,Precious Metals
VHC,VirnetX Holding Corp Common Stock,Miscellaneous,Multi-Sector Companies
VHCP,Vine Hill Capital Investment Corp. II Class A Ordinary Shares,,
VHCPU,Vine Hill Capital Investment Corp. II Units,Finance,Blank Checks
VHCPW,Vine Hill Capital Investment Corp. II Warrants,,
VHI,Valhi Inc. Common Stock,Basic Materials,Major Chemicals
VHUB,VenHub Global Inc. Common Stock,Technology,Industrial Machinery/Components
VIA,Via Transportation Inc. Class A Common Stock,Technology,Computer Software: Prepackaged Software
VIASP,Via Renewables Inc. 8.75% Series A Fixed-to-Floating Rate Cumulative Redeemable Perpetual Preferred Stock,Utilities,Power Generation
VIAV,Viavi Solutions Inc. Common Stock,Technology,Semiconductors
VICI,VICI Properties Inc. Common Stock,Real Estate,Real Estate Investment Trusts
VICR,Vicor Corporation Common Stock,Technology,Industrial Machinery/Components
VIK,Viking Holdings Ltd Ordinary Shares,Consumer Discretionary,Marine Transportation
VIR,Vir Biotechnology Inc. Common Stock,Health Care,Biotechnology: Biological Products (No Diagnostic Substances)
VIRC,Virco Manufacturing Corporation Common Stock,Consumer Discretionary,Industrial Specialties
VIRT,Virtu Financial Inc. Class A Common Stock,Finance,Investment Bankers/Brokers/Service
VISN,Vistance Networks Inc. Common Stock,Technology,Radio And Television Broadcasting And Communications Equipment
VITL,Vital Farms Inc. Common Stock,Consumer Staples,Packaged Foods
VIVK,Vivakor Inc. Common Stock,,
VIVS,VivoSim Labs Inc. Common Stock,Health Care,Biotechnology: Biological Products (No Diagnostic Substances)
VKI,Invesco Advantage Municipal Income Trust II Common Shares of Beneficial Interest (DE),Finance,Finance Companies
VKQ,Invesco Municipal Trust Common Stock,Finance,Trusts Except Educational Religious and Charitable
VKTX,Viking Therapeutics Inc. Common Stock,Health Care,Biotechnology: Pharmaceutical Preparations
VLGEA,Village Super Market Inc. Class A Common Stock,Consumer Staples,Food Chains
VLO,Valero Energy Corporation Common Stock,Energy,Integrated oil Companies
VLT,Invesco High Income Trust II,Finance,Trusts Except Educational Religious and Charitable
VLTO,Veralto Corp Common Stock ,Industrials,Electrical Products
VLY,Valley National Bancorp Common Stock,Finance,Major Banks
VLYPN,Valley National Bancorp 8.250% Fixed-Rate Reset Non-Cumulative Perpetual Preferred Stock Series C,Finance,Major Banks
VLYPO,Valley National Bancorp 5.50% Fixed-to-Floating Rate Non-Cumulative Perpetual Preferred Stock Series B,Finance,Major Banks
VLYPP,Valley National Bancorp 6.25% Fixed-to-Floating Rate Non-Cumulative Perpetual Preferred Stock Series A,Finance,Major Banks
VMC,Vulcan Materials Company (Holding Company) Common Stock,Industrials,Mining & Quarrying of Nonmetallic Minerals (No Fuels)
VMD,Viemed Healthcare Inc. Common Shares,Health Care,Misc Health and Biotechnology Services
VMI,Valmont Industries Inc. Common Stock,Industrials,Metal Fabrications
VMO,Invesco Municipal Opportunity Trust Common Stock,Finance,Trusts Except Educational Religious and Charitable
VNCE,Vince Holding Corp. Common Stock,Consumer Discretionary,Clothing/Shoe/Accessory Stores
VNDA,Vanda Pharmaceuticals Inc. Common Stock,Health Care,Biotechnology: Pharmaceutical Preparations
VNO,Vornado Realty Trust Common Stock,Real Estate,Real Estate Investment Trusts
VNO^L,Vornado Realty Trust Pfd Ser L %,,
VNO^M,Vornado Realty Trust 5.25% Series M Cumulative Redeemable Preferred Shares of Beneficial Interest liquidation preference $25.00 per share no par value per share,,
VNO^N,Vornado Realty Trust 5.25% Series N Cumulative Redeemable Preferred Shares of Beneficial Interest liquidation preference $25.00 per share,,
VNO^O,Vornado Realty Trust 4.45% Series O Cumulative Redeemable Preferred Shares Liquidation Preference $25.00 Per Share,,
VNOM,Viper Energy Inc. Class A Common Stock,Energy,Oil & Gas Production
VNT,Vontier Corporation Common Stock ,Industrials,Industrial Machinery/Components
VOC,VOC Energy Trust Units of Beneficial Interest,Energy,Oil & Gas Production
VOR,Vor Biopharma Inc. Common Stock,Health Care,Biotechnology: Biological Products (No Diagnostic Substances)
VOYA,Voya Financial Inc. Common Stock,Finance,Life Insurance
VOYA^B,Voya Financial Inc. Depositary Shares each representing a 1/40th interest in a share of 5.35% Fixed-Rate Reset Non-Cumulative Preferred Stock Series B,,
VOYG,Voyager Technologies Inc. Class A Common Stock,Industrials,Military/Government/Technical
VPG,Vishay Precision Group Inc. Common Stock,Technology,Electrical Products
VPV,Invesco Pennsylvania Value Municipal Income Trust Common Stock (DE),Finance,Trusts Except Educational Religious and Charitable
VRA,Vera Bradley Inc. Common Stock,Consumer Discretionary,Apparel
VRCA,Verrica Pharmaceuticals Inc. Common Stock,Health Care,Biotechnology: Pharmaceutical Preparations
VRDN,Viridian Therapeutics Inc. Common Stock,Health Care,Medical Specialities
VRE,Veris Residential Inc. Common Stock,Real Estate,Real Estate Investment Trusts
VREX,Varex Imaging Corporation Common Stock,Technology,Industrial Machinery/Components
VRM,Vroom Inc. Common Stock,Consumer Discretionary,Retail-Auto Dealers and Gas Stations
VRME,VerifyMe Inc. Common Stock,Technology,EDP Services
VRNS,Varonis Systems Inc. Common Stock,Technology,Computer Software: Prepackaged Software
VRRM,Verra Mobility Corporation Class A Common Stock,Consumer Discretionary,Transportation Services
VRSK,Verisk Analytics Inc. Common Stock,Industrials,Diversified Commercial Services
VRSN,VeriSign Inc. Common Stock,Technology,EDP Services
VRT,Vertiv Holdings LLC Class A Common Stock,Technology,Industrial Machinery/Components
VRTS,Virtus Investment Partners Inc. Common Stock,Finance,Investment Managers
VRTX,Vertex Pharmaceuticals Incorporated Common Stock,Health Care,Biotechnology: Pharmaceutical Preparations
VSAT,ViaSat Inc. Common Stock,Technology,Radio And Television Broadcasting And Communications Equipment
VSCO,Victorias Secret & Co. Common Stock ,Consumer Discretionary,Clothing/Shoe/Accessory Stores
VSEC,VSE Corporation Common Stock,Consumer Discretionary,Military/Government/Technical
VSECU,VSE Corporation Tangible Equity Units,,
VSEE,VSee Health Inc. Common Stock,Health Care,Medical/Nursing Services
VSEEW,VSee Health Inc. Warrant,Health Care,Medical/Nursing Services
VSH,Vishay Intertechnology Inc. Common Stock,Technology,Electrical Products
VSNT,Versant Media Group Inc. Class A Common Stock ,Industrials,Broadcasting
VST,Vistra Corp. Common Stock,Utilities,Electric Utilities: Central
VSTD,Vestand Inc. Class A Common Stock,Consumer Discretionary,Restaurants
VSTM,Verastem Inc. Common Stock,Health Care,Biotechnology: Pharmaceutical Preparations
VSTS,Vestis Corporation Common Stock,Consumer Discretionary,Consumer Specialties
VTGN,Vistagen Therapeutics Inc. Common Stock,Health Care,Biotechnology: Pharmaceutical Preparations
VTIX,Virtuix Holdings Inc. Class A Common Stock,Technology,Computer peripheral equipment
VTN,Invesco Trust for Investment Grade New York Municipals Common Stock,Finance,Finance Companies
VTOL,Bristow Group Inc. Common Stock,Consumer Discretionary,Transportation Services
VTR,Ventas Inc. Common Stock,Real Estate,Real Estate Investment Trusts
VTRS,Viatris Inc. Common Stock,Health Care,Biotechnology: Pharmaceutical Preparations
VTS,Vitesse Energy Inc. Common Stock,Energy,Oil & Gas Production
VTSI,VirTra Inc. Common Stock,Consumer Discretionary,Miscellaneous manufacturing industries
VTVT,vTv Therapeutics Inc. Class A Common Stock,Health Care,Biotechnology: Pharmaceutical Preparations
VUZI,Vuzix Corporation Common Stock,Technology,Radio And Television Broadcasting And Communications Equipment
VVOS,Vivos Therapeutics Inc. Common Stock,Health Care,Medical/Dental Instruments
VVR,Invesco Senior Income Trust Common Stock (DE),Finance,Trusts Except Educational Religious and Charitable
VVV,Valvoline Inc. Common Stock,Industrials,Major Chemicals
VVX,V2X Inc. Common Stock,Consumer Discretionary,Diversified Commercial Services
VWAV,VisionWave Holdings Inc. Common Stock,Technology,Computer Software: Prepackaged Software
VWAVW,VisionWave Holdings Inc. Warrant,Technology,Computer Software: Prepackaged Software
VYGR,Voyager Therapeutics Inc. Common Stock,Health Care,Biotechnology: Biological Products (No Diagnostic Substances)
VYNE,VYNE Therapeutics Inc. Common Stock,Health Care,Biotechnology: Pharmaceutical Preparations
VYX,NCR Voyix Corporation Common Stock,Miscellaneous,Office Equipment/Supplies/Services
VZ,Verizon Communications Inc. Common Stock,Telecommunications,Telecommunications Equipment
W,Wayfair Inc. Class A Common Stock,Consumer Discretionary,Catalog/Specialty Distribution
WAB,Westinghouse Air Brake Technologies Corporation Common Stock,Industrials,Railroads
WABC,Westamerica Bancorporation Common Stock,Finance,Major Banks
WAFD,WaFd Inc. Common Stock,Finance,Major Banks
WAFDP,WaFd Inc. Depositary Shares,Finance,Major Banks
WAL,Western Alliance Bancorporation Common Stock (DE),Finance,Major Banks
WAL^A,Western Alliance Bancorporation Depositary Shares Each Representing a 1/400th Interest in a Share of 4.250% Fixed-Rate Non-Cumulative Perpetual Preferred Stock Series A,,
WALD,Waldencast plc Class A Ordinary Share,Consumer Discretionary,Package Goods/Cosmetics
WALDW,Waldencast plc Warrant ,Consumer Discretionary,Package Goods/Cosmetics
WASH,Washington Trust Bancorp Inc. Common Stock,Finance,Major Banks
WAT,Waters Corporation Common Stock,Industrials,Biotechnology: Laboratory Analytical Instruments
WATT,Energous Corporation Common Stock,Technology,Radio And Television Broadcasting And Communications Equipment
WAY,Waystar Holding Corp. Common Stock,Technology,EDP Services
WBD,Warner Bros. Discovery Inc. Series A Common Stock ,Consumer Discretionary,Services-Misc. Amusement & Recreation
WBS,Webster Financial Corporation Common Stock,Finance,Major Banks
WBS^F,Webster Financial Corporation Depositary Shares Each Representing 1/1000th Interest in a Share of 5.25% Series F Non-Cumulative Perpetual Preferred Stock,,
WBS^G,Webster Financial Corporation Depositary Shares each representing a 1/40th interest in a share of 6.50% Series G non-cumulative perpetual preferred stock,,
WBTN,WEBTOON Entertainment Inc. Common stock,Consumer Discretionary,Publishing
WCC,WESCO International Inc. Common Stock,Consumer Discretionary,Telecommunications Equipment
WD,Walker & Dunlop Inc Common Stock,Finance,Finance: Consumer Services
WDAY,Workday Inc. Class A Common Stock,Technology,EDP Services
WDC,Western Digital Corporation Common Stock,Technology,Electronic Components
WDFC,WD-40 Company Common Stock,Industrials,Major Chemicals
WDI,Western Asset Diversified Income Fund Common Shares of Beneficial Interest,Finance,Trusts Except Educational Religious and Charitable
WEA,Western Asset Bond Fund Share of Beneficial Interest,Finance,Trusts Except Educational Religious and Charitable
WEAV,Weave Communications Inc. Common Stock,Technology,Computer Software: Prepackaged Software
WEC,WEC Energy Group Inc. Common Stock,Utilities,Power Generation
WELL,Welltower Inc. Common Stock,Real Estate,Real Estate Investment Trusts
WEN,Wendy's Company (The) Common Stock,Consumer Discretionary,Restaurants
WENN,Wen Acquisition Corp Class A Ordinary Shares,,
WENNU,Wen Acquisition Corp Unit,Finance,Blank Checks
WENNW,Wen Acquisition Corp Warrant,Finance,Blank Checks
WERN,Werner Enterprises Inc. Common Stock,Industrials,Trucking Freight/Courier Services
WES,Western Midstream Partners LP Common Units Representing Limited Partner Interests,Utilities,Natural Gas Distribution
WEST,Westrock Coffee Company Common Stock,Consumer Staples,Beverages (Production/Distribution)
WEX,WEX Inc. common stock,Real Estate,Real Estate
WEYS,Weyco Group Inc. Common Stock,Consumer Staples,Apparel
WFC,Wells Fargo & Company Common Stock,Finance,Major Banks
WFC^A,Wells Fargo & Company Depositary Shares each representing a 1/1000th interest in a share of Non-Cumulative Perpetual Class A Preferred Stock Series AA,,
WFC^C,Wells Fargo & Company Depositary Shares each representing a 1/1000th interest in a share of Non-Cumulative Perpetual Class A Preferred Stock Series CC,,
WFC^D,Wells Fargo & Company Depositary Shares each representing a 1/1000th interest in  a share of Non-Cumulative Perpetual Class A Preferred Stock Series DD,,
WFC^L,Wells Fargo & Company 7.50% Non-Cumulative Perpetual Convertible Class A Preferred Stock Series L,,
WFC^Y,Wells Fargo & Company Depositary Shares each representing a 1/1000th interest in a share of Non-Cumulative Perpetual Class A Preferred Stock Series Y,,
WFC^Z,Wells Fargo & Company Depositary Shares each representing a 1/1000th interest in a share of Non-Cumulative Perpetual Class A Preferred Stock Series Z,,
WFCF,Where Food Comes From Inc. Common Stock,Technology,Computer Software: Prepackaged Software
WFRD,Weatherford International plc Ordinary Shares,Consumer Discretionary,Oil and Gas Field Machinery
WGO,Winnebago Industries Inc. Common Stock,Industrials,Homebuilding
WGRX,Wellgistics Health Inc. Common Stock,Health Care,Other Pharmaceuticals
WGS,GeneDx Holdings Corp. Class A Common Stock,Technology,Retail: Computer Software & Peripheral Equipment
WGSWW,GeneDx Holdings Corp. Warrant,Technology,Retail: Computer Software & Peripheral Equipment
WH,Wyndham Hotels & Resorts Inc. Common Stock ,Consumer Discretionary,Hotels/Resorts
WHD,Cactus Inc. Class A Common Stock,Consumer Discretionary,Oil and Gas Field Machinery
WHF,WhiteHorse Finance Inc. Common Stock,Finance,Finance Companies
WHFCL,WhiteHorse Finance Inc. 7.875% Notes due 2028,,
WHG,Westwood Holdings Group Inc Common Stock,Finance,Investment Managers
WHLR,Wheeler Real Estate Investment Trust Inc. Common Stock,Real Estate,Real Estate Investment Trusts
WHLRD,Wheeler Real Estate Investment Trust Inc. Series D Cumulative Preferred Stock,Real Estate,Real Estate Investment Trusts
WHLRL,Wheeler Real Estate Investment Trust Inc. 7.00% Senior Subordinated Convertible Notes Due 2031,Real Estate,Real Estate Investment Trusts
WHLRP,Wheeler Real Estate Investment Trust Inc. Class B Preferred Stock,Real Estate,Real Estate Investment Trusts
WHR,Whirlpool Corporation Common Stock,Consumer Discretionary,Consumer Electronics/Appliances
WHR^A,Whirlpool Corporation Depositary Shares each representing a 1/20th interest in a share of 8.50% Series A Mandatory Convertible Preferred Stock,,
WHWK,Whitehawk Therapeutics Inc. Common Stock,Health Care,Biotechnology: Pharmaceutical Preparations
WIA,Western Asset Inflation-Linked Income Fund,Finance,Trusts Except Educational Religious and Charitable
WINA,Winmark Corporation Common Stock,Consumer Discretionary,Other Specialty Stores
WING,Wingstop Inc. Common Stock,Consumer Discretionary,Restaurants
WIW,Western Asset Inflation-Linked Opportunities & Income Fund,Finance,Finance Companies
WK,Workiva Inc. Class A Common Stock,Technology,Computer Software: Prepackaged Software
WKC,World Kinect Corporation Common Stock,Energy,Oil Refining/Marketing
WKHS,Workhorse Group Inc. Common Stock,Industrials,Auto Manufacturing
WLDN,Willdan Group Inc. Common Stock,Consumer Discretionary,Military/Government/Technical
WLFC,Willis Lease Finance Corporation Common Stock,Consumer Discretionary,Industrial Specialties
WLII,Willow Lane Acquisition Corp. II Class A Ordinary Shares,Finance,Blank Checks
WLIIU,Willow Lane Acquisition Corp. II Unit,,
WLIIW,Willow Lane Acquisition Corp. II Warrants,Finance,Blank Checks
WLK,Westlake Corporation Common Stock,Industrials,Major Chemicals
WLKP,Westlake Chemical Partners LP Common Units representing limited partner interests,Industrials,Major Chemicals
WLTH,Wealthfront Corporation Common Stock,Finance,Finance: Consumer Services
WLY,John Wiley & Sons Inc. Common Stock,Consumer Discretionary,Books
WLYB,John Wiley & Sons Inc. Common Stock,Consumer Discretionary,Books
WM,Waste Management Inc. Common Stock,Utilities,Environmental Services
WMB,Williams Companies Inc. (The) Common Stock,Utilities,Natural Gas Distribution
WMG,Warner Music Group Corp. Class A Common Stock,Consumer Discretionary,Services-Misc. Amusement & Recreation
WMK,Weis Markets Inc. Common Stock,Consumer Staples,Food Chains
WMS,Advanced Drainage Systems Inc. Common Stock,Consumer Discretionary,Containers/Packaging
WMT,Walmart Inc. Common Stock,Consumer Discretionary,Department/Specialty Retail Stores
WNC,Wabash National Corporation Common Stock,Industrials,Construction/Ag Equipment/Trucks
WNEB,Western New England Bancorp Inc. Common Stock,Finance,Savings Institutions
WOLF,Wolfspeed Inc. Common Stock New,Technology,Semiconductors
WOOF,Petco Health and Wellness Company Inc. Class A Common Stock,Consumer Discretionary,Other Specialty Stores
WOR,Worthington Enterprises Inc. Common Shares,Industrials,Steel/Iron Ore
WPC,W. P. Carey Inc. REIT,Real Estate,Real Estate Investment Trusts
WRAP,Wrap Technologies Inc. Common Stock,Industrials,Ordnance And Accessories
WRB,W.R. Berkley Corporation Common Stock,Finance,Property-Casualty Insurers
WRB^E,W.R. Berkley Corporation 5.70% Subordinated Debentures due 2058,,
WRB^F,W.R. Berkley Corporation 5.10% Subordinated Debentures due 2059,,
WRB^G,W.R. Berkley Corporation 4.25% Subordinated Debentures due 2060,,
WRB^H,W.R. Berkley Corporation 4.125% Subordinated Debentures due 2061,,
WRBY,Warby Parker Inc. Class A Common Stock,Health Care,Ophthalmic Goods
WRLD,World Acceptance Corporation Common Stock,Finance,Finance: Consumer Services
WS,Worthington Steel Inc. Common Shares,Industrials,Steel/Iron Ore
WSBC,WesBanco Inc. Common Stock,Finance,Major Banks
WSBCO,WesBanco Inc. Depositary Shares each representing 1/40th interest in a share of 7.375% Fixed-Rate Reset Non-Cumulative Perpetual Preferred Stock Series B,Finance,Major Banks
WSBF,Waterstone Financial Inc. Common Stock (MD),Finance,Savings Institutions
WSBK,Winchester Bancorp Inc. Common Stock,,
WSC,WillScot Holdings Corporation Class A Common Stock,Industrials,Misc Corporate Leasing Services
WSFS,WSFS Financial Corporation Common Stock,Finance,Major Banks
WSM,Williams-Sonoma Inc. Common Stock (DE),Consumer Discretionary,Home Furnishings
WSO,Watsco Inc. Common Stock,Consumer Discretionary,Industrial Machinery/Components
WSO/B,Watsco Inc.,,
WSR,Whitestone REIT Common Shares,Real Estate,Real Estate Investment Trusts
WST,West Pharmaceutical Services Inc. Common Stock,Health Care,Medical/Dental Instruments
WT,WisdomTree Inc. Common Stock,Finance,Investment Bankers/Brokers/Service
WTBA,West Bancorporation Common Stock,Finance,Major Banks
WTFC,Wintrust Financial Corporation Common Stock,Finance,Major Banks
WTFCN,Wintrust Financial Corporation Depositary Shares Each Representing a 1/1000th Interest in a Share of 7.875% Fixed-Rate Reset Non-Cumulative Perpetual Preferred StocK,Finance,Major Banks
WTI,W&T Offshore Inc. Common Stock,Energy,Oil & Gas Production
WTM,White Mountains Insurance Group Ltd. Common Stock,Finance,Property-Casualty Insurers
WTRG,Essential Utilities Inc. Common Stock,Utilities,Water Supply
WTS,Watts Water Technologies Inc. Class A Common Stock,Industrials,Metal Fabrications
WTTR,Select Water Solutions Inc. Class A common stock,Energy,Oilfield Services/Equipment
WU,Western Union Company (The) Common Stock,Real Estate,Real Estate
WULF,TeraWulf Inc. Common Stock,Technology,EDP Services
WVVI,Willamette Valley Vineyards Inc. Common Stock,Consumer Staples,Beverages (Production/Distribution)
WVVIP,Willamette Valley Vineyards Inc. Series A Redeemable Preferred Stock,Consumer Staples,Beverages (Production/Distribution)
WW,WW International Inc.  Common Stock,Consumer Discretionary,Other Consumer Services
WWD,Woodward Inc. Common Stock,Energy,Industrial Machinery/Components
WWR,Westwater Resources Inc. Common Stock,Basic Materials,Metal Mining
WWW,Wolverine World Wide Inc. Common Stock,Consumer Discretionary,Shoe Manufacturing
WY,Weyerhaeuser Company Common Stock,Real Estate,Real Estate Investment Trusts
WYFI,WhiteFiber Inc. Ordinary Shares,Finance,Finance: Consumer Services
WYNN,Wynn Resorts Limited Common stock,Consumer Discretionary,Hotels/Resorts
WYY,WidePoint Corporation Common Stock,Technology,EDP Services
XAIR,Beyond Air Inc. Common Stock,Health Care,Medical/Dental Instruments
XBIO,Xenetic Biosciences Inc. Common Stock,Health Care,Biotechnology: Pharmaceutical Preparations
XBIT,XBiotech Inc. Common Stock,Health Care,Biotechnology: Pharmaceutical Preparations
XBP,XBP Global Holdings Inc. Common Stock,Technology,EDP Services
XCBE,X3 Acquisition Corp. Ltd. Class A Ordinary Shares,,
XCBEW,X3 Acquisition Corp. Ltd. Warrant,Finance,Blank Checks
XCUR,Exicure Inc. Common Stock,Health Care,Biotechnology: Pharmaceutical Preparations
XE,X-Energy Inc. Class A Common Stock,Industrials,Metal Fabrications
XEL,Xcel Energy Inc. Common Stock,Utilities,Power Generation
XELB,Xcel Brands Inc. Common Stock,Miscellaneous,Multi-Sector Companies
XELLL,Xcel Energy Inc. 6.25% Junior Subordinated Notes Series due 2085,Utilities,Power Generation
XERS,Xeris Biopharma Holdings Inc. Common Stock,Health Care,Biotechnology: Pharmaceutical Preparations
XFLT,XAI Octagon Floating Rate & Alternative Income Trust Common Shares of Beneficial Interest,Finance,Investment Managers
XFOR,X4 Pharmaceuticals Inc. Common Stock,Health Care,Biotechnology: Biological Products (No Diagnostic Substances)
XGN,Exagen Inc. Common Stock,Health Care,Medical Specialities
XHLD,TEN Holdings Inc. Common Stock,Real Estate,Real Estate
XHR,Xenia Hotels & Resorts Inc. Common Stock,Consumer Discretionary,Hotels/Resorts
XIFR,XPLR Infrastructure LP Common Units representing limited partner interests,Utilities,Electric Utilities: Central
XLO,Xilio Therapeutics Inc. Common Stock,Health Care,Biotechnology: Pharmaceutical Preparations
XMTR,Xometry Inc. Class A Common Stock,Real Estate,Real Estate
XNCR,Xencor Inc. Common Stock,Health Care,Biotechnology: Pharmaceutical Preparations
XOM,Exxon Mobil Corporation Common Stock,Energy,Integrated oil Companies
XOMA,XOMA Royalty Corporation Common Stock,Health Care,Biotechnology: Pharmaceutical Preparations
XOMAO,XOMA Royalty Corporation Depositary Shares Rep Series B 8.375% Cumulative Preferred Stock,Health Care,Biotechnology: Pharmaceutical Preparations
XOMAP,XOMA Royalty Corporation 8.625% Series A Cumulative Perpetual Preferred Stock,Health Care,Biotechnology: Pharmaceutical Preparations
XOS,Xos Inc. Common Stock,Consumer Discretionary,Auto Parts:O.E.M.
XOSWW,Xos Inc. Warrants,Consumer Discretionary,Auto Parts:O.E.M.
XPEL,XPEL Inc. Common Stock,Industrials,Industrial Specialties
XPER,Xperi Inc. Common Stock ,Technology,Computer Software: Prepackaged Software
XPL,Solitario Resources Corp. Common Stock,Basic Materials,Precious Metals
XPO,XPO Inc. Common Stock,Consumer Discretionary,Transportation Services
XPOF,Xponential Fitness Inc. Class A Common Stock,Consumer Discretionary,Services-Misc. Amusement & Recreation
XPON,Expion360 Inc. Common Stock,Miscellaneous,Industrial Machinery/Components
XPRO,Expro Group Holdings N.V. Common Stock,Energy,Oilfield Services/Equipment
XRAY,DENTSPLY SIRONA Inc. Common Stock,Health Care,Medical/Dental Instruments
XRN,Chiron Real Estate Inc. Common Stock,Real Estate,Real Estate Investment Trusts
XRN^A,Chiron Real Estate Inc. Series A Cumulative Redeemable Preferred Stock,,
XRN^B,Chiron Real Estate Inc. 8.00% Series B Cumulative Redeemable Preferred Stock $0.001 par value per share,,
XRPN,Armada Acquisition Corp. II Class A Ordinary Shares,Finance,Blank Checks
XRPNU,Armada Acquisition Corp. II Units,Finance,Blank Checks
XRPNW,Armada Acquisition Corp. II Warrant,Finance,Blank Checks
XRX,Xerox Holdings Corporation Common Stock,Technology,Computer peripheral equipment
XRXDW,Xerox Holdings Corporation Warrants,Technology,Computer peripheral equipment
XSLL,Xsolla SPAC 1 Class A Ordinary Shares,Finance,Blank Checks
XSLLW,Xsolla SPAC 1 Warrants,Finance,Blank Checks
XTIA,XTI Aerospace Inc. Common Stock,Technology,EDP Services
XTNT,Xtant Medical Holdings Inc. Common Stock,Health Care,Biotechnology: Biological Products (No Diagnostic Substances)
XWEL,XWELL Inc. Common Stock,Consumer Discretionary,Other Consumer Services
XWIN,XMAX Inc. Common Stock,Consumer Discretionary,Home Furnishings
XXII,22nd Century Group Inc. Common Stock,Health Care, Medicinal Chemicals and Botanical Products 
XYL,Xylem Inc. Common Stock New,Industrials,Fluid Controls
XYZ,Block Inc. Class A Common Stock,Technology,Computer Software: Prepackaged Software
YCBD,cbdMD Inc. Common Stock,Consumer Discretionary,Package Goods/Cosmetics
YDES,YD Bio Limited Ordinary Shares,Health Care,Medical Specialities
YDESW,YD Bio Limited Warrants,Health Care,Medical Specialities
YELP,Yelp Inc. Common Stock,Consumer Discretionary,Other Consumer Services
YETI,YETI Holdings Inc. Common Stock,Consumer Discretionary,Recreational Games/Products/Toys
YEXT,Yext Inc. Common Stock,Technology,EDP Services
YHC,LQR House Inc. Common Stock,Consumer Staples,Beverages (Production/Distribution)
YHGJ,Yunhong Green CTI Ltd. Common Stock,Industrials,Specialty Chemicals
YORW,York Water Company (The) Common Stock,Utilities,Water Supply
YOU,Clear Secure Inc. Class A Common Stock,Technology,Computer Software: Prepackaged Software
YSWY,Yesway Inc. Class A Common Stock,Consumer Staples,Food Chains
YUM,Yum! Brands Inc.,Consumer Discretionary,Restaurants
YUMC,Yum China Holdings Inc. Common Stock,Consumer Discretionary,Restaurants
YYAI,AiRWA Inc. Common Stock,Consumer Discretionary,Recreational Games/Products/Toys
Z,Zillow Group Inc. Class C Capital Stock,Real Estate,Real Estate
ZBAI,ATIF Holdings Limited Ordinary Shares,Consumer Discretionary,Professional Services
ZBH,Zimmer Biomet Holdings Inc. Common Stock,Health Care,Industrial Specialties
ZBIO,Zenas BioPharma Inc. Common Stock,Health Care,Biotechnology: Pharmaceutical Preparations
ZBRA,Zebra Technologies Corporation Class A Common Stock,Industrials,Industrial Machinery/Components
ZD,Ziff Davis Inc. Common Stock,Telecommunications,Telecommunications Equipment
ZEO,Zeo Energy Corporation Class A Common Stock,Miscellaneous,Industrial Machinery/Components
ZEOWW,Zeo Energy Corporation Warrants,Miscellaneous,Industrial Machinery/Components
ZETA,Zeta Global Holdings Corp. Class A Common Stock,Technology,Computer Software: Prepackaged Software
ZG,Zillow Group Inc. Class A Common Stock,Real Estate,Real Estate
ZION,Zions Bancorporation N.A. Common Stock,Finance,Major Banks
ZIONP,Zions Bancorporation N.A. Depositary Shares (Each representing 1/40th Interest in a Share of Series A Floating-Rate Non-Cumulative Perpetual Preferred Stock),Finance,Major Banks
ZIP,ZipRecruiter Inc. Class A Common Stock,Technology,Computer Software: Programming Data Processing
ZKP,Lafayette Digital Acquisition Corp. I Class A Ordinary Shares,Finance,Blank Checks
ZKPU,Lafayette Digital Acquisition Corp. I Unit,Finance,Blank Checks
ZKPW,Lafayette Digital Acquisition Corp. I Warrant,Finance,Blank Checks
ZM,Zoom Communications Inc. Class A Common Stock,Technology,Computer Software: Programming Data Processing
ZNB,Zeta Network Group Class A Ordinary Shares,Consumer Discretionary,Engineering & Construction
ZNTL,Zentalis Pharmaceuticals Inc. Common Stock,Health Care,Biotechnology: Pharmaceutical Preparations
ZS,Zscaler Inc. Common Stock,Technology,EDP Services
ZSQR,Z Squared Inc. Common Stock,Finance,Finance: Consumer Services
ZTR,Virtus Total Return Fund Inc.,Finance,Investment Managers
ZTS,Zoetis Inc. Class A Common Stock,Health Care,Biotechnology: Pharmaceutical Preparations
ZUMZ,Zumiez Inc. Common Stock,Consumer Discretionary,Clothing/Shoe/Accessory Stores
ZVIA,Zevia PBC Class A Common Stock,Consumer Staples,Beverages (Production/Distribution)
ZVRA,Zevra Therapeutics Inc. Common Stock,Health Care,Biotechnology: Pharmaceutical Preparations
ZWS,Zurn Elkay Water Solutions Corporation Common Stock,Industrials,Industrial Machinery/Components
ZYME,Zymeworks Inc. Common Stock,Health Care,Biotechnology: Pharmaceutical Preparations
